datetime,price_uniswap,price_binance,spread,volume_eth_uniswap,direction_uniswap,profit,spread_zscore,strong_signal,event_id
2025-12-01 00:04:47+00:00,2989.869931987336,2979.6854545454544,-10.184477441881427,11.021082404443398,sell,13.05422349317952,-2.007355067279923,False,0
2025-12-01 00:04:47+00:00,2992.669038217221,2978.842727272727,-13.826310944493798,1.658847478155272,sell,8.006113739066725,-2.674641129391314,False,0
2025-12-01 00:05:11+00:00,2987.7126612044267,2977.284,-10.42866120442659,3.50203839440907,sell,5.003226390504621,-1.5811429826532748,False,1
2025-12-01 00:05:23+00:00,2986.943481613999,2975.852,-11.091481613999349,2.714354524585458,sell,5.67702258204643,-1.645799236796605,False,2
2025-12-01 00:05:35+00:00,2990.4708377612365,2975.136,-15.334837761236486,0.0002130878495631,sell,0.0013498769558730054,-2.376340902761325,False,3
2025-12-01 00:05:35+00:00,2987.7411367777795,2974.778,-12.96313677777971,8.468654710256416,sell,33.562436940534575,-1.75849377020132,False,3
2025-12-01 00:05:35+00:00,2988.817634712668,2974.42,-14.39763471266815,10.636214047919362,sell,57.41039815641817,-1.9615273413356182,False,3
2025-12-01 00:05:47+00:00,2985.132574080983,2974.062,-11.070574080983079,0.3200406656291045,sell,0.6626679071121958,-1.2233869176290153,False,4
2025-12-01 00:05:47+00:00,2984.606560373545,2973.704,-10.90256037354493,2.121919804132363,sell,4.037080535182453,-1.1591421022854524,False,4
2025-12-01 00:05:59+00:00,2985.288239834021,2972.63,-12.65823983402106,0.1621226297487806,sell,0.593083462143237,-1.4456033431666246,False,5
2025-12-01 00:06:11+00:00,2976.3384427302003,2966.5807692307694,-9.757673499430894,3.2000816910670737,sell,2.4246170933355216,-0.826186285381556,False,6
2025-12-01 00:06:23+00:00,2975.879071701902,2963.556153846154,-12.322917855748074,3.585143407019707,sell,11.913137042603267,-1.340022392160114,False,7
2025-12-01 00:06:23+00:00,2977.518015003791,2965.0684615384616,-12.449553465329245,0.0143017324447475,sell,0.04933459071499044,-1.4001494803169885,False,7
2025-12-01 00:06:47+00:00,2978.0370098110507,2960.5315384615383,-17.50547134951239,0.040611315306546,sell,0.345418378805841,-2.277771378140071,False,8
2025-12-01 00:06:47+00:00,2977.3072499622835,2959.0192307692305,-18.28801919305306,2.203030247913812,sell,20.46178722549993,-2.3075263725189146,False,8
2025-12-01 00:06:47+00:00,2978.055518912237,2957.506923076923,-20.54859583531379,0.0160576949275502,sell,0.18544382876504562,-2.57523894348975,False,8
2025-12-01 00:06:47+00:00,2978.0909857245,2955.994615384616,-22.096370339884288,0.0124824769216903,sell,0.16347514052551498,-2.6724377764241813,False,8
2025-12-01 00:06:47+00:00,2978.101389128245,2954.482307692308,-23.619081435937005,0.0195695036484502,sell,0.2860881674975598,-2.7393572006095517,False,8
2025-12-01 00:06:59+00:00,2976.162663241778,2952.97,-23.192663241778064,0.0451203153841497,sell,0.6403774416100547,-2.413954625955602,False,9
2025-12-01 00:07:23+00:00,2971.652576977146,2947.132857142857,-24.519719834288935,0.968410472104166,sell,15.029459211648136,-2.4038070434603496,False,10
2025-12-01 00:07:47+00:00,2968.526914738525,2935.458571428572,-33.06834330995298,0.0901506136499261,sell,2.169775918929355,-3.2084901440489553,True,11
2025-12-01 00:07:47+00:00,2968.5723508898946,2938.377142857142,-30.19520803275236,0.0501686263281928,sell,1.0633344717434636,-2.5769920630305676,False,11
2025-12-01 00:08:11+00:00,2957.71214316789,2932.77,-24.942143167890208,3.066511224207786,sell,48.88676096226279,-1.7600176640507592,False,12
2025-12-01 00:08:11+00:00,2956.697077951864,2933.0,-23.697077951863776,0.0848919586222442,sell,1.2476637333575171,-1.6627131601877367,False,12
2025-12-01 00:08:23+00:00,2958.219232722122,2933.92,-24.299232722121815,0.0021489096986738,sell,0.03287666957883513,-1.6438868883135966,False,13
2025-12-01 00:08:23+00:00,2960.784956912481,2933.23,-27.554956912480975,0.0942854604648856,sell,1.749462656399381,-1.937994928148292,False,13
2025-12-01 00:08:35+00:00,2959.574359934703,2935.3,-24.274359934702716,0.0213364586661013,sell,0.3259007493979383,-1.2904283064861979,False,14
2025-12-01 00:08:35+00:00,2956.7261106102665,2934.15,-22.57611061026637,4.731765251030425,sell,64.23896842980386,-1.1289091753768932,False,14
2025-12-01 00:08:35+00:00,2959.676143949236,2934.84,-24.836143949235975,0.1818619584782625,sell,2.8799921533517407,-1.409627936064894,False,14
2025-12-01 00:08:35+00:00,2959.982431675473,2935.07,-24.912431675472817,0.1786583688270956,sell,2.842889087212581,-1.442515581799855,False,14
2025-12-01 00:08:35+00:00,2959.6015658884894,2934.38,-25.221565888489295,0.0493883520284322,sell,0.8011564065531168,-1.5024730993660738,False,14
2025-12-01 00:08:35+00:00,2959.89611593404,2934.61,-25.286115934040026,0.0890000498942748,sell,1.4494651307135062,-1.4326163854690122,False,14
2025-12-01 00:08:35+00:00,2959.545507805167,2935.99,-23.555507805167053,0.0680823009710802,sell,0.9909724631782904,-1.3686222296465655,False,14
2025-12-01 00:08:35+00:00,2959.5181715007634,2935.76,-23.758171500763183,0.016751037543,sell,0.24721468487531673,-1.4151362990951484,False,14
2025-12-01 00:08:35+00:00,2959.585632914106,2936.22,-23.3656329141063,0.0135025966323035,sell,0.19397334660692003,-1.397903494428598,False,14
2025-12-01 00:08:35+00:00,2956.5571417169253,2936.45,-20.107141716925526,0.1133737932104859,sell,1.2592587881742758,-1.0592429296784136,False,14
2025-12-01 00:08:35+00:00,2958.0528231561484,2935.53,-22.522823156148206,4.52975965747069,sell,61.25513878783061,-1.2362641458109453,False,14
2025-12-01 00:08:59+00:00,2950.385265143423,2936.91,-13.475265143423258,0.8077612253409041,sell,3.6149456559770075,-0.20940539438030278,False,15
2025-12-01 00:09:11+00:00,2942.652227990291,2931.905,-10.747227990290867,2.5691371151810274,sell,4.488868278539422,0.05912312731214591,False,16
2025-12-01 00:09:11+00:00,2941.4372030424274,2931.19,-10.247203042427373,0.0210075669594734,sell,0.02620070142585197,0.09475586211607265,False,16
2025-12-01 00:09:23+00:00,2943.544630160557,2929.76,-13.784630160556844,0.1314912649987196,sell,0.6291370723626464,-0.28767571167136313,False,17
2025-12-01 00:09:35+00:00,2942.60795415591,2928.33,-14.277954155910265,0.5972715687517235,sell,3.152371958500203,-0.3443375017325856,False,18
2025-12-01 00:09:47+00:00,2940.082509123098,2924.755,-15.327509123098025,0.0804146867533033,sell,0.5088246640625965,-0.45562598072980676,False,19
2025-12-01 00:09:47+00:00,2940.0326681729925,2924.04,-15.99266817299258,0.0241555958778282,sell,0.16891206649456003,-0.5276610408868031,False,19
2025-12-01 00:09:47+00:00,2940.155354633571,2925.4700000000003,-14.685354633570569,0.1403715627984005,sell,0.7980621149774283,-0.38591595782810545,False,19
2025-12-01 00:09:47+00:00,2940.283930105464,2927.615,-12.66893010546437,0.087053551318365,sell,0.31939339521953675,-0.16588682732385635,False,19
2025-12-01 00:09:47+00:00,2940.238266500674,2926.9,-13.338266500673853,0.0513139546270732,sell,0.22261361037572974,-0.23901341264810205,False,19
2025-12-01 00:09:47+00:00,2940.213066538556,2926.185,-14.028066538556232,0.025135766805841,sell,0.12638430799740158,-0.31433604474206667,False,19
2025-12-01 00:09:59+00:00,2943.3119299614204,2922.61,-20.70192996142032,0.0962892244328703,sell,1.1267697603529305,-1.0462222177418565,False,20
2025-12-01 00:09:59+00:00,2940.33752310848,2922.61,-17.72752310848,0.0753810813411922,sell,0.6578901293474655,-0.7040835843539862,False,20
2025-12-01 00:09:59+00:00,2942.079412066148,2922.61,-19.469412066147925,5.199999991589633,sell,54.44094265591761,-0.8956157629256559,False,20
2025-12-01 00:12:23+00:00,2928.752495765727,2919.5488235294115,-9.20367223631547,0.0236513229097187,sell,0.004817117828841705,0.05753828791865845,False,21
2025-12-01 00:16:59+00:00,2921.146973402834,2910.44,-10.706973402834137,0.3585270431566105,sell,0.611996126865101,-0.3220865217983948,False,22
2025-12-01 00:17:23+00:00,2918.9429252522204,2909.2250000000004,-9.717925252220084,0.0039824992463651,sell,0.002859136775912959,-0.21515300500086135,False,23
2025-12-01 00:17:23+00:00,2918.959718717833,2909.4680000000003,-9.491718717832555,0.0226258353537712,sell,0.011125546750046865,-0.18964348259368138,False,23
2025-12-01 00:17:35+00:00,2918.728503911168,2908.739,-9.989503911167958,0.2446717380678085,sell,0.24210364177035867,-0.24457937600084742,False,24
2025-12-01 00:19:47+00:00,2882.053134073406,2905.2527027027027,23.199568629296664,49.8610390138421,buy,708.0052454050893,2.6555517502605888,False,25
2025-12-01 00:20:23+00:00,2907.953140172973,2895.932,-12.021140172972991,0.0100527778787594,sell,0.030370851099494233,-0.6725259447595023,False,26
2025-12-01 00:23:59+00:00,2891.669724125455,2900.9,9.230275874544986,1.761993529029648,buy,0.40574460083990915,1.385846975842171,False,27
2025-12-01 00:31:35+00:00,2892.1004353137514,2882.0115384615383,-10.08889685221311,2.462134239548808,sell,2.6810102231708184,-0.7591401096055866,False,28
2025-12-01 00:31:35+00:00,2893.427730525724,2880.949230769231,-12.47849975649342,1.37553115912,sell,4.784784802048032,-1.0281316945578742,False,28
2025-12-01 00:31:47+00:00,2894.696490797944,2879.886923076923,-14.809567721021267,2.30347843934476,sell,13.38221398728576,-1.2889043921504961,False,29
2025-12-01 00:31:59+00:00,2894.9458122450646,2876.7,-18.245812245064826,1.036102068754746,sell,9.579605194429629,-1.6644966661312877,False,30
2025-12-01 00:35:11+00:00,2863.4274094464563,2874.785,11.35759055354356,4.9999999897911565,buy,11.787952743649525,1.740505667946225,False,31
2025-12-01 00:37:23+00:00,2881.141464916032,2870.907142857143,-10.23432205888912,4.845325300750844,sell,5.980691901210325,-0.8670063891591537,False,32
2025-12-01 00:37:47+00:00,2882.101934002512,2868.284285714285,-13.817648288226792,1.2384711164754,sell,5.966518254306035,-1.291494897022413,False,33
2025-12-01 00:37:59+00:00,2877.4907534784065,2867.41,-10.080753478406677,0.7883597517238812,sell,0.8520225439114092,-0.8416385000144351,False,34
2025-12-01 00:39:11+00:00,2725.9642916723674,2870.457,144.4927083276325,9.999999973321852,buy,1354.9270796616306,13.495566982885409,True,35
2025-12-01 00:39:11+00:00,2800.8184383591465,2870.279,69.46056164085348,193.7755261065609,buy,11715.77714065454,6.358674969292128,True,35
2025-12-01 00:40:47+00:00,2868.1919931581,2880.4506666666666,12.258673508566517,1.6082176817323477,buy,5.24065635546946,1.2938369381713781,False,36
2025-12-01 00:40:47+00:00,2866.356177614976,2879.7813333333334,13.425155718357473,3.776661107764851,buy,16.7123134973239,1.3942046137480262,False,36
2025-12-01 00:52:47+00:00,2850.6416268358626,2841.072,-9.569626835862437,0.0073029169307077,sell,0.004159937463805244,-0.7346674068221332,False,37
2025-12-01 00:52:47+00:00,2850.079959990805,2840.376,-9.703959990804833,1.5789030705000002,sell,1.1114845909909028,-0.7470880728222762,False,37
2025-12-01 00:53:11+00:00,2849.693432830189,2839.258333333333,-10.435099496855855,1.5791172300000005,sell,2.2661903422494127,-0.817166719002409,False,38
2025-12-01 00:56:23+00:00,2830.5614348124973,2840.262,9.700565187502889,3.5008448667203784,buy,2.4525700404724877,1.1680611488934023,False,39
2025-12-01 01:15:35+00:00,2844.3313872019776,2854.692,10.36061279802243,5.249816280967565,buy,7.142967219150986,1.164948037875836,False,40
2025-12-01 01:18:59+00:00,2859.728721901042,2850.7,-9.02872190104199,3.49683518,sell,0.10043575400011051,-1.1007058505986613,False,41
2025-12-01 02:02:35+00:00,2849.301830871034,2858.396,9.094169128966314,1.870237289101436,buy,0.17611861647500265,2.52750184580646,False,42
2025-12-01 02:03:11+00:00,2851.0240707400653,2864.485,13.460929259934801,0.59439999977275,buy,2.6515763510915,3.7139473672281706,True,43
2025-12-01 02:03:11+00:00,2850.325026268168,2862.99,12.664973731831651,1.395702790151104,buy,5.11521406334794,3.40191531431205,True,43
2025-12-01 02:04:23+00:00,2860.513400082174,2869.922,9.408599917825995,1.0100454666344163,buy,0.41270449466734166,2.3476769234661092,False,44
2025-12-01 02:35:23+00:00,2861.643560196966,2851.896,-9.747560196965878,0.0012082385270099,sell,0.0009032310312332835,-2.7224691135163983,False,45
2025-12-01 02:39:11+00:00,2832.901195502718,2846.5,13.59880449728189,12.642061750637444,buy,58.138370433746836,3.5431876341586004,True,46
2025-12-01 02:39:23+00:00,2837.1678337526782,2848.45,11.282166247321584,3.797863185889797,buy,8.667355174782912,2.8224852039526422,False,47
2025-12-01 02:39:23+00:00,2838.7270372424778,2849.75,11.022962757522237,0.7352948073611163,buy,1.4874740110910256,2.6924683930114117,False,47
2025-12-01 03:17:59+00:00,2821.70429093778,2831.84,10.13570906222003,1.1376973169407096,buy,1.292093152912978,2.788586656294615,False,48
2025-12-01 05:32:23+00:00,2830.417232766624,2820.536,-9.881232766623725,24.620627667633297,sell,21.696503835561124,-3.94020101805649,True,49
2025-12-01 05:32:23+00:00,2838.955123588787,2820.549,-18.406123588787068,7.51874997975199,sell,70.72229154273748,-6.368769278772645,True,49
2025-12-01 06:32:11+00:00,2842.9361609274943,2828.497619047619,-14.438541879875174,4.511249999302074,sell,24.53462205179118,-4.352891324794252,True,50
2025-12-01 09:00:59+00:00,2836.9925743024382,2847.13,10.137425697561866,1.6800126042529078,buy,1.9108895083050914,4.067720418680583,True,51
2025-12-01 09:30:23+00:00,2829.669522981301,2838.7816666666668,9.112143685365936,17.74928450163468,buy,1.9904701766218056,3.1111723321153417,True,52
2025-12-01 11:18:23+00:00,2853.49704994917,2844.045625,-9.451424949169905,25.305103933885707,sell,11.423355257093512,-5.188797540495878,True,53
2025-12-01 11:18:23+00:00,2862.361653939314,2844.1825,-18.179153939313892,10.024999986115793,sell,92.02101811417648,-6.4524302770929225,True,53
2025-12-01 12:01:59+00:00,2841.318402197553,2832.16,-9.158402197553187,2.8651839912428e-05,sell,4.538514406070704e-06,-3.0143882315044745,True,54
2025-12-01 12:48:35+00:00,2812.3534289278887,2803.112727272728,-9.240701655160592,0.198091708627239,sell,0.04768100214016616,-3.381616652534142,True,55
2025-12-01 12:48:47+00:00,2811.3425764111034,2801.936363636364,-9.406212774739288,0.3455128244242684,sell,0.14035172311739044,-3.3292401259337123,True,56
2025-12-01 12:49:59+00:00,2800.299826982355,2816.26,15.960173017645047,4.723724877437329,buy,32.87794243471795,3.695238651377036,True,57
2025-12-01 12:50:35+00:00,2811.9973879806184,2821.938571428572,9.941183447953335,1.6561430963292556,buy,1.5587344697072818,1.6758775874108263,False,58
2025-12-01 12:50:35+00:00,2809.4342014159124,2822.506428571429,13.07222715551643,5.727657749339755,buy,23.324323424365467,2.249590249819586,False,58
2025-12-01 12:50:35+00:00,2806.639850888165,2823.074285714286,16.434434826121105,2.331706237239189,buy,17.334918054414825,2.838545048607663,False,58
2025-12-01 12:50:59+00:00,2813.236585339457,2824.21,10.973414660542858,1.9436099823578212,buy,3.8355484335623693,1.769823064626937,False,59
2025-12-01 12:50:59+00:00,2814.018252544079,2824.21,10.191747455920904,0.3044756053822288,buy,0.3628580281042483,1.6136858203637132,False,59
2025-12-01 12:50:59+00:00,2814.1259509684364,2824.21,10.084049031563609,0.0051959273517832,buy,0.005632640013775445,1.583173974319617,False,59
2025-12-01 12:53:11+00:00,2855.867157602797,2824.706,-31.16115760279672,2.8712820126e-08,sell,6.363093320330396e-07,-5.833393386905322,True,60
2025-12-01 13:01:47+00:00,2822.389349756689,2831.982857142857,9.593507386167857,1.3401282361436304,buy,0.7953760065633474,1.4992795366457632,False,61
2025-12-01 13:06:35+00:00,2794.4361725097333,2831.165,36.72882749026667,93.00626061842704,buy,2578.954556203146,4.718696697212461,True,62
2025-12-01 13:06:35+00:00,2760.2437815289018,2831.77875,71.53496847109818,9.999999975622076,buy,625.3496831865091,9.788698331459464,True,62
2025-12-01 13:11:11+00:00,3232.162029058236,2825.045,-407.11702905823586,2.47512344e-09,sell,9.853887904852007e-07,-16.9556313358322,True,63
2025-12-01 14:30:59+00:00,2819.658812373581,2807.39,-12.268812373581113,1.942365901493464,sell,6.349229692823869,-4.444725133171721,True,64
2025-12-01 14:37:35+00:00,2831.0411431245875,2821.865333333333,-9.175809791254323,0.8545207687550507,sell,0.1502331179773095,-2.8170358814849825,False,65
2025-12-01 14:38:35+00:00,2830.82540932695,2821.825,-9.000409326950376,3.1509424574936045,sell,0.0012897656669346783,-2.5907724831621204,False,66
2025-12-01 15:14:59+00:00,2804.4380040712645,2781.6,-22.83800407126455,0.0001487888123731,sell,0.0020589401913775752,-4.843462208977923,True,67
2025-12-01 15:15:11+00:00,2804.458059639611,2784.1975,-20.26055963961062,0.0648238808118819,sell,0.7299531759532065,-3.7031570497041253,True,68
2025-12-01 15:15:11+00:00,2804.4870109482968,2786.795,-17.692010948296684,0.0187105712364333,sell,0.16263249003596325,-3.0841037919074186,True,68
2025-12-01 15:15:23+00:00,2806.650201602947,2791.99,-14.660201602947382,6.002359667898243,sell,33.974565813704345,-2.3673921088971324,False,69
2025-12-01 15:15:35+00:00,2806.80458125521,2797.185,-9.61958125521005,1.458635292724621,sell,0.9037430855600002,-1.4155180971573391,False,70
2025-12-01 15:15:59+00:00,2792.532635923999,2802.38,9.847364076001213,23.78836134211179,buy,20.157402828241537,2.0451632249552603,False,71
2025-12-01 15:24:11+00:00,2788.1320249547966,2778.389090909091,-9.742934045705624,1.6139838285,sell,1.1990835354109572,-1.4963027227735155,False,72
2025-12-01 15:24:23+00:00,2788.732873321249,2777.402727272727,-11.330146048521783,0.0003187329301072,sell,0.0007426942776230617,-1.7821406479463902,False,73
2025-12-01 15:24:35+00:00,2788.732531131925,2776.9095454545454,-11.82298567737962,0.00358585841,sell,0.010122826932541257,-1.8555741413421127,False,74
2025-12-01 15:32:47+00:00,2767.754018319388,2756.444,-11.310018319387837,1.1922724531003472,sell,2.7541712083632772,-1.8901574162081691,False,75
2025-12-01 15:33:47+00:00,2764.903029860093,2745.574,-19.32902986009276,1.6275435165,sell,16.810945580528873,-3.3027302099095572,True,76
2025-12-01 15:36:47+00:00,2756.773438514385,2747.6833333333334,-9.090105181051513,3.5756360977244537,sell,0.32218333795978654,-1.2614555078745646,False,77
2025-12-01 15:38:23+00:00,2752.548090194329,2742.398571428572,-10.149518765756966,0.5403175353405,sell,0.6211051463414573,-1.4794502334813582,False,78
2025-12-01 15:38:23+00:00,2751.703998892648,2741.795714285714,-9.908284606934103,1.7286511357741332,sell,1.5701072173827995,-1.4232554424834398,False,78
2025-12-01 15:38:35+00:00,2752.865492101548,2741.192857142857,-11.672634958691106,0.1672664499304982,sell,0.44704216150040493,-1.7389881830330565,False,79
2025-12-01 15:38:35+00:00,2752.776200261143,2740.59,-12.186200261142858,0.0726539266,sell,0.23148995990597404,-1.8507760910593372,False,79
2025-12-01 15:39:11+00:00,2748.249667269413,2738.7814285714285,-9.468238697984361,0.0275051782595521,sell,0.012878988856080438,-1.3005988506132824,False,80
2025-12-01 15:39:47+00:00,2702.215989783224,2738.178571428572,35.96258164534811,114.34999988982683,buy,3083.1712081750034,6.655926214985402,True,81
2025-12-01 15:41:47+00:00,2731.992669309638,2722.7025,-9.290169309638259,1.5351770460862282,sell,0.4454612636353421,-0.979649926710789,False,82
2025-12-01 15:41:59+00:00,2732.0450138293386,2721.75,-10.295013829338586,1.6938462296833423,sell,2.1935542922129514,-1.1123328700706914,False,83
2025-12-01 15:47:11+00:00,2721.4020593742,2731.8989655172413,10.496906143041542,4.752054168348001,buy,7.113379076666289,1.8259776080589554,False,84
2025-12-01 15:47:23+00:00,2719.595617888385,2732.711379310345,13.115761421960087,0.1521505874911224,buy,0.6262155183245246,2.1804655333179443,False,85
2025-12-01 15:47:23+00:00,2719.6005289742693,2732.305172413793,12.704643439523807,1.523879999597989,buy,5.645432043132231,2.1033230450902702,False,85
2025-12-01 15:47:35+00:00,2720.358757430871,2733.523793103448,13.165035672577233,3.1155268928588638,buy,12.976280647630873,2.1404534870306,False,86
2025-12-01 15:47:35+00:00,2721.84565653899,2732.9144827586206,11.06882621963041,0.9449999980052703,buy,1.9550407734239879,1.8225311043988386,False,86
2025-12-01 15:49:35+00:00,2692.1830918614705,2738.7633333333333,46.58024147186279,103.14327808997636,buy,3876.1492968208067,6.336769363223642,True,87
2025-12-01 15:49:35+00:00,2652.4622362651826,2739.3044444444445,86.84220817926189,23.00803757150972,buy,1790.9964504377388,9.831912909521273,True,87
2025-12-01 15:49:59+00:00,2732.456129480975,2742.01,9.553870519025168,0.2043112355864401,buy,0.11316197009693486,1.0971409010148252,False,88
2025-12-01 17:02:35+00:00,2763.970860394969,2733.8154545454545,-30.15540584951441,3.2923646665e-08,sell,6.965131072440865e-07,-8.468670937919086,True,89
2025-12-01 17:44:11+00:00,2659.723822895736,2749.543333333333,89.81951043759727,12.399999971460524,buy,1002.1619271196597,11.484472384530507,True,90
2025-12-01 17:44:11+00:00,2703.7911905756782,2750.027777777778,46.2365872020996,102.9922412158276,buy,3835.079571172841,5.469114205341471,True,90
2025-12-01 19:19:11+00:00,2689.435470389956,2740.776666666666,51.34119627670998,8.749999985531492,buy,370.4854668085984,11.229509117428808,True,91
2025-12-01 19:19:11+00:00,2718.525158345052,2740.670833333333,22.145674988280916,68.07195159439155,buy,894.8517514778622,4.610819722538764,True,91
2025-12-01 19:24:59+00:00,2715.408546969436,2742.03,26.621453030564226,72.2444510149095,buy,1273.0522002781258,5.019657714448907,True,92
2025-12-01 19:24:59+00:00,2687.697115370479,2742.03,54.33288462952123,10.799999972094634,buy,489.59515273379856,8.235804514369269,True,92
2025-12-01 19:27:23+00:00,2705.696768244891,2740.8450000000003,35.148231755109464,88.02016777566874,buy,2301.571746121804,5.06691127523451,True,93
2025-12-01 19:27:23+00:00,2669.8844113592368,2740.4925000000003,70.60808864076353,5.999999998443596,buy,369.6485317486941,8.596379519515198,True,93
2025-12-01 20:29:47+00:00,2708.356235306508,2751.5566666666664,43.20043136015829,8.33164462445476,buy,284.9458400958968,10.476218975685134,True,94
2025-12-01 20:29:47+00:00,2730.243599651013,2752.1383333333333,21.894733682320293,49.68639873648633,buy,640.6928793405667,5.004492400517405,True,94
2025-12-01 21:19:59+00:00,2769.4088626716584,2780.24,10.831137328341356,0.3762942056142155,buy,0.6890463663387474,2.3408111820824593,False,95
2025-12-01 21:20:35+00:00,2769.295165142403,2783.594,14.29883485759683,0.0082699999943206,buy,0.043821364242231584,3.058589974824038,True,96
2025-12-01 22:00:59+00:00,2790.3156814996287,2800.72,10.404318500371119,0.93537803529,buy,1.3135686797985362,2.8308754099451194,False,97
2025-12-01 22:58:59+00:00,2806.375161631073,2797.35,-9.025161631072933,0.0356331545999999,sell,0.0008965882900099912,-3.0842582021417697,True,98
2025-12-01 23:10:11+00:00,2790.0281403354247,2801.3575,11.32935966457535,4.984999991909725,buy,11.611857909062959,3.9576090199575273,True,99
2025-12-02 01:07:11+00:00,2822.6836560420525,2812.6154545454547,-10.068201496597794,4.075293324980596,sell,4.353234428819273,-3.1331018121807697,True,100
2025-12-02 01:30:11+00:00,2793.673297709119,2804.5576470588235,10.88434934970428,26.663046171891988,buy,50.24249371513986,3.1794225268648426,True,101
2025-12-02 08:18:59+00:00,2938.402730761089,2789.22,-149.18273076108926,6.806418940000001e-09,sell,9.541423937131988e-07,-10.512067890256185,True,102
2025-12-02 14:06:59+00:00,2846.3946027485304,2857.41,11.015397251469494,1.5998324584380577,buy,3.2242979395477454,3.5882109283762835,True,103
2025-12-02 14:25:59+00:00,2856.6238249174344,2868.32,11.696175082565787,0.0744185545697968,buy,0.20064545251164845,3.4698119094580275,True,104
2025-12-02 14:32:23+00:00,2867.915147946665,2858.298333333333,-9.616814613331826,3.2272451406474194,sell,1.9906119635554522,-3.152638164509633,True,105
2025-12-02 14:41:47+00:00,2858.6767577498827,2870.072857142857,11.39609939297452,1.1516769795936663,buy,2.759532511707113,2.8693572793970454,False,106
2025-12-02 14:42:11+00:00,2857.476994174116,2871.097142857143,13.620148683026855,2.3797216964,buy,10.994668061592893,3.4025625992224375,True,107
2025-12-02 14:43:23+00:00,2864.878889608467,2879.434,14.555110391533162,0.864381570886731,buy,4.801735046682638,3.317202795026121,True,108
2025-12-02 14:43:59+00:00,2874.2030589395868,2887.33,13.126941060413174,1.1762332464593832,buy,4.854245281436317,2.8124342300231255,False,109
2025-12-02 14:43:59+00:00,2873.708101174239,2887.33,13.621898825761036,0.2683556982300625,buy,1.2403128865358088,2.8834981585799513,False,109
2025-12-02 14:43:59+00:00,2873.4683278792413,2887.33,13.861672120758612,0.1690371347710266,buy,0.8218031254892163,2.8922294039258363,False,109
2025-12-02 14:43:59+00:00,2873.5711950280875,2887.33,13.758804971912468,0.1312748296101683,buy,0.624711311835831,2.8233031769674692,False,109
2025-12-02 14:44:11+00:00,2875.114350844908,2888.145294117647,13.030943272739023,0.3382716042978226,buy,1.3635536477029448,2.605285469537691,False,110
2025-12-02 14:44:23+00:00,2878.7774205384526,2890.5911764705884,11.813755932135791,0.4592592586587367,buy,1.292243463439306,2.261402430336223,False,111
2025-12-02 14:44:35+00:00,2881.798769916875,2893.8523529411764,12.053583024301588,1.5803659958989322,buy,4.825778777260452,2.1450367849951153,False,112
2025-12-02 14:44:35+00:00,2880.5436696642296,2891.406470588235,10.862800924005569,0.0724830559587863,buy,0.1350215036147745,1.910575563941536,False,112
2025-12-02 14:44:35+00:00,2880.4971627491814,2892.2217647058824,11.724601956701008,0.0627743798322029,buy,0.1710351981215123,2.1110961005310536,False,112
2025-12-02 14:44:35+00:00,2882.5919602757613,2893.0370588235296,10.445098547768339,0.7248331060356247,buy,1.0474552689064955,1.8540374673142743,False,112
2025-12-02 14:44:35+00:00,2880.9307766467064,2894.667647058824,13.736870412117696,0.9432098744013764,buy,4.467862946469128,2.5833726738969496,False,112
2025-12-02 14:44:35+00:00,2880.587522787572,2895.4829411764704,14.895418388898179,0.0550663348171759,buy,0.32463908289040283,2.872061193255756,False,112
2025-12-02 14:44:47+00:00,2877.9749306683607,2897.113529411765,19.138598743404145,0.0764708370648975,buy,0.775307132573233,3.561321957726281,True,113
2025-12-02 14:44:47+00:00,2877.889927421515,2897.928823529412,20.038896107897017,0.1711355974066981,buy,1.8891480801354303,3.657258340403659,True,113
2025-12-02 14:44:47+00:00,2879.509604310575,2898.744117647059,19.234513336483815,2.810749720328785,buy,28.766655498223102,3.4184625906253308,True,113
2025-12-02 14:44:47+00:00,2878.543636541033,2900.374705882353,21.831069341320017,1.579575866518286,buy,20.267647473171778,3.7717302476324925,True,113
2025-12-02 14:44:59+00:00,2884.0495313242145,2901.19,17.14046867578554,0.0181215365521143,buy,0.14751780065958917,2.8195761982152576,False,114
2025-12-02 14:44:59+00:00,2883.4987608106403,2901.19,17.69123918935975,1.5813903352322096,buy,13.744241655244931,2.8375906901135677,False,114
2025-12-02 14:45:11+00:00,2889.345971864254,2901.0642857142857,11.718313850031791,0.3497670313077618,buy,0.950776565488392,1.6872222804677204,False,115
2025-12-02 14:45:11+00:00,2888.725357504461,2901.127142857143,12.401785352682055,2.488719949206489,buy,8.466091070138262,1.823810179452092,False,115
2025-12-02 14:46:35+00:00,2895.4130787829768,2904.732,9.318921217023217,5.3878322628,buy,1.7182940223691276,1.2857087505162865,False,116
2025-12-02 14:46:47+00:00,2896.5661989783985,2906.602,10.0358010216014,1.588688774529996,buy,1.6455654556648476,1.4075993235841202,False,117
2025-12-02 14:46:59+00:00,2896.721700970509,2907.35,10.62829902949079,0.0231515274586202,buy,0.037697609692100655,1.508051740547161,False,118
2025-12-02 14:46:59+00:00,2896.8883809265926,2907.35,10.461619073407292,1.5786175874464534,buy,2.3073375754279395,1.4696084959251483,False,118
2025-12-02 14:47:11+00:00,2896.183577260533,2906.3,10.116422739466998,1.5771319127914194,buy,1.7607459305794229,1.391075926284271,False,119
2025-12-02 14:54:11+00:00,2901.645417786698,2888.892,-12.753417786698265,34.37704668825,sell,129.03141849383422,-2.648327191574958,False,120
2025-12-02 14:55:23+00:00,2907.23906335258,2890.896,-16.343063352579975,0.3009728408749999,sell,2.210062637951096,-3.226078256655466,True,121
2025-12-02 15:06:59+00:00,2919.083618034721,2932.5,13.416381965279015,1.579602872117915,buy,6.976129636724494,2.062657836549271,False,122
2025-12-02 15:07:11+00:00,2919.1214093770377,2931.1225,12.001090622962238,0.092999995864487,buy,0.27910141552443885,1.791355367020367,False,123
2025-12-02 15:10:59+00:00,2921.136921446048,2930.64,9.503078553952037,1.5568861947589463,buy,0.7832360555272195,1.3001561876678263,False,124
2025-12-02 15:11:11+00:00,2920.109554918216,2932.87,12.760445081783928,1.5657689744205692,buy,5.887988239069694,1.8649607899958265,False,125
2025-12-02 15:11:35+00:00,2927.977732565377,2937.33,9.352267434622718,0.2753584892510782,buy,0.09699982861006451,1.246635793451593,False,126
2025-12-02 15:11:47+00:00,2927.370911878586,2944.02,16.649088121414024,1.5641154858171609,buy,11.96405718308377,2.4936118925517743,False,127
2025-12-02 15:11:59+00:00,2926.337409500894,2946.25,19.912590499106045,1.5695810616669073,buy,17.12819538112307,3.0151821699257355,True,128
2025-12-02 15:12:11+00:00,2927.674706484948,2946.9975,19.322793515052126,1.574211987688153,buy,16.250265297824583,2.8490222835718724,False,129
2025-12-02 15:12:35+00:00,2942.452222675004,2951.4825,9.03027732499595,0.0216622891983793,buy,0.0006558761702155882,1.0748068777841195,False,130
2025-12-02 15:12:35+00:00,2942.4716947022725,2952.23,9.758305297727475,0.0375760539002185,buy,0.028494120740228827,1.1936427335389983,False,130
2025-12-02 15:12:35+00:00,2940.517068284252,2952.9775,12.460431715747745,1.821894135484788,buy,6.30454024916638,1.640295597682377,False,130
2025-12-02 15:12:47+00:00,2941.966362598066,2954.4725,12.506137401933756,1.455418738784874,buy,5.102898075528903,1.637179475917328,False,131
2025-12-02 15:12:59+00:00,2943.399568339857,2955.22,11.82043166014273,0.1099999998242222,buy,0.31024748211993114,1.5126566040330136,False,132
2025-12-02 15:13:11+00:00,2945.451429488255,2955.224444444444,9.773014956188945,0.2789243498551725,buy,0.2156126940833261,1.165018899024547,False,133
2025-12-02 15:13:11+00:00,2945.674862653492,2955.228888888889,9.554026235397032,0.3993328133100112,buy,0.2212408552286513,1.125372931924079,False,133
2025-12-02 15:13:11+00:00,2944.041386533033,2955.237777777778,11.196391244744973,3.165275964063096,buy,6.952184414669888,1.3927702950899865,False,133
2025-12-02 15:13:11+00:00,2945.221541802742,2955.242222222222,10.020680419479959,0.4190093941947179,buy,0.42767468423270805,1.1933838077810939,False,133
2025-12-02 15:16:11+00:00,2957.255433689228,2968.949090909091,11.693657219862871,1.728651282457062,buy,4.656394007615676,1.5117271274452055,False,134
2025-12-02 15:16:23+00:00,2959.4178609621868,2969.744545454545,10.326684492358254,2.2305400285223,buy,2.9592228654248727,1.270757608385228,False,135
2025-12-02 15:16:23+00:00,2958.397940183484,2969.9036363636365,11.505696180152427,0.8527947537860732,buy,2.1368445570157926,1.4639178601537497,False,135
2025-12-02 15:16:47+00:00,2957.608805932405,2970.380909090909,12.772103158503796,1.5530496615328844,buy,5.858263533581445,1.6550511061731215,False,136
2025-12-02 15:21:35+00:00,2960.002224027271,2970.428571428571,10.426347401300063,1.5454994117456626,buy,2.204419069654202,1.2963688525282229,False,137
2025-12-02 15:22:35+00:00,2969.8276469731545,2979.830909090909,10.003262117754275,0.3779999984659539,buy,0.37923307897206565,1.2174481259226648,False,138
2025-12-02 15:22:35+00:00,2969.1873121139097,2978.971818181818,9.784506067908296,1.5478352784445977,buy,1.2142861680623143,1.1837795974211929,False,138
2025-12-02 15:22:35+00:00,2968.671449881146,2978.112727272727,9.441277391581025,0.0034453199596774,buy,0.0015203418049684848,1.1289229535681675,False,138
2025-12-02 15:22:59+00:00,2968.6660827676515,2980.69,12.023917232348595,0.0132521967453215,buy,0.04007354610465164,1.545370792231857,False,139
2025-12-02 15:24:11+00:00,3027.4312823808373,2979.82125,-47.61003238083731,2.014909483e-08,sell,7.779572038308616e-07,-7.886616315832353,True,140
2025-12-02 15:29:23+00:00,2958.00000863736,2970.605789473684,12.605780836323902,9.9999999708e-07,buy,3.605780825795022e-06,1.5395613870824911,False,141
2025-12-02 15:29:23+00:00,2959.149071354216,2970.298947368421,11.149876014204892,4.999999985208221,buy,10.74938003922397,1.3080314071359391,False,141
2025-12-02 15:29:35+00:00,2957.7833366029163,2971.2194736842102,13.436137081293964,1.573988460678452,buy,6.982428575944487,1.651880397985487,False,142
2025-12-02 15:29:59+00:00,2956.482309939837,2972.14,15.657690060163077,2.8274786116241333,buy,18.82447624793369,1.9652661638483124,False,143
2025-12-02 15:29:59+00:00,2955.028200040965,2972.14,17.11179995903467,1.5739884634385288,buy,12.767879553241702,2.174787371129401,False,143
2025-12-02 15:32:47+00:00,2976.873269917537,2965.265,-11.6082699175372,0.1338055133301103,sell,0.34900089521954947,-2.201223391247044,False,144
2025-12-02 15:32:47+00:00,2975.910040953492,2966.5475,-9.362540953492044,2.753413688329988,sell,0.9982252239251984,-1.8688290424621585,False,144
2025-12-02 15:32:59+00:00,2975.869861639907,2962.7,-13.16986163990714,0.0111981469450535,sell,0.04669472338422191,-2.4142953813533423,False,145
2025-12-02 15:40:35+00:00,2968.5685086789617,2980.12,11.551491321038156,1.4997198855219236,buy,3.8265222718975256,1.3479174369002118,False,146
2025-12-02 15:40:59+00:00,2973.1835523140994,2984.72,11.536447685900384,0.0046975885458297,buy,0.011915187596381894,1.3325430021767226,False,147
2025-12-02 15:41:47+00:00,2980.822719053366,2991.668571428572,10.845852375205595,0.3229388043934745,buy,0.59609735913575,1.2221441326495108,False,148
2025-12-02 15:41:47+00:00,2980.5691273949315,2993.405714285714,12.836586890782655,0.4443496367277886,buy,1.7047859911938688,1.5214347038364853,False,148
2025-12-02 15:41:47+00:00,2980.418901155018,2995.1428571428573,14.723955987839418,0.0099999999961246,buy,0.057239559856211555,1.8018844216857357,False,148
2025-12-02 15:41:59+00:00,2981.818641126682,2996.88,15.061358873318113,0.0211238581485962,buy,0.1280392850277067,1.8397543665339608,False,149
2025-12-02 15:42:23+00:00,2985.7537298670068,3002.766666666667,17.01293679966011,0.1649993695300328,buy,1.322129520027917,2.136114490437116,False,150
2025-12-02 15:43:11+00:00,2993.8994448693684,3004.918461538461,11.019016669092707,1.4995515983990866,buy,3.0276196733323686,1.2283133651481117,False,151
2025-12-02 15:43:11+00:00,2993.377093313502,3005.4461538461537,12.069060532651747,0.070609972753561,buy,0.21670628058956926,1.3836201263296526,False,151
2025-12-02 15:44:47+00:00,2996.582290021268,3005.7966666666666,9.214376645398715,19.99999998217124,buy,4.28753290415224,1.1421558025192164,False,152
2025-12-02 15:44:59+00:00,2999.85718879867,3009.27,9.412811201329987,1.0997823234116026,buy,0.4540024621290279,1.1971598269249597,False,153
2025-12-02 15:49:23+00:00,2995.785265659167,3009.036923076923,13.251657417755723,12.49999997605316,buy,53.145717620132785,1.8076128344062776,False,154
2025-12-02 15:58:11+00:00,2999.355543471152,3008.56125,9.205706528848168,7.964999990748771,buy,1.6384525003726207,1.1713239596666742,False,155
2025-12-02 16:21:11+00:00,3009.3462892753023,3000.105,-9.241289275302279,1.8240354380491963,sell,0.44012018897256533,-1.7825220322739153,False,156
2025-12-02 16:21:23+00:00,3010.2456359234816,2998.7266666666665,-11.518969256815126,1.0167738846537775,sell,2.5612221565753543,-2.1579312400949355,False,157
2025-12-02 16:22:35+00:00,3001.687074206561,2992.558571428571,-9.12850277798998,3.5868267207186904,sell,0.46091719778103907,-1.674962846273299,False,158
2025-12-02 16:59:47+00:00,2995.8423280753045,3005.0466666666666,9.204338591362102,0.5764241054399685,buy,0.11778568973276309,2.765642581250461,False,159
2025-12-02 16:59:59+00:00,2995.6206512443946,3005.59,9.969348755605552,0.0892124998834496,buy,0.08647802574648229,2.942929323971363,False,160
2025-12-02 16:59:59+00:00,2995.587807704795,3005.59,10.002192295205077,0.0091234975418531,buy,0.00914349894176764,2.9073576788527347,False,160
2025-12-02 17:00:11+00:00,2995.540123038755,3004.83,9.289876961244772,0.1344212056794375,buy,0.03896561062921386,2.6442914377036653,False,161
2025-12-02 17:00:11+00:00,2995.4797252392627,3005.21,9.730274760737302,0.0469322228474675,buy,0.03427341781080408,2.8009245540064254,False,161
2025-12-02 18:11:11+00:00,3024.465600897211,3015.436,-9.029600897210912,0.5747938047251351,sell,0.017014412331137794,-3.517577835536787,True,162
2025-12-02 18:30:59+00:00,3018.136273627446,3028.13,9.993726372554192,0.0003251741840074,buy,0.0003231341623219431,3.3167846985929312,True,163
2025-12-02 18:36:23+00:00,3032.324203028405,3023.2676,-9.05660302840488,2.1435724740475948,sell,0.1213326936364334,-3.0426642040290295,True,164
2025-12-02 18:38:35+00:00,3031.771399876665,3021.9336000000003,-9.837799876664576,7.329048621840001e-07,sell,6.140276031446233e-07,-3.0653653916530224,True,165
2025-12-02 19:56:35+00:00,3152.4728154387944,3014.846666666667,-137.62614877212764,7.2958599e-09,sell,9.384383609180002e-07,-13.083496729214747,True,166
2025-12-02 20:27:59+00:00,2996.5082737863463,2987.1,-9.408273786346399,7.5087394875e-07,sell,3.0656215012503443e-07,-0.7930154505643637,False,167
2025-12-02 20:47:11+00:00,2963.143622537247,2984.5016666666666,21.35804412941934,55.91718084968298,buy,691.0269885331043,2.4453388520585233,False,168
2025-12-02 20:47:11+00:00,2940.309459808228,2984.4625,44.15304019177211,13.1999999644702,buy,464.0201292824113,4.629425831019642,True,168
2025-12-03 01:39:11+00:00,3025.70870252098,3014.078571428571,-11.630131092408647,33.574436883947065,sell,88.30517035858085,-3.1299216743026315,True,169
2025-12-03 01:51:47+00:00,3147.4510536031025,3018.96625,-128.4848036031026,7.942935275e-09,sell,9.490600613655306e-07,-11.715208208626114,True,170
2025-12-03 02:06:47+00:00,3005.127176696631,3018.7333333333336,13.606156636702508,9.969999980478228,buy,45.923381578003664,1.3739213224934335,False,171
2025-12-03 02:10:11+00:00,3020.184807162076,3029.9222222222224,9.737415060146304,0.0059999997208871,buy,0.00442449015505577,0.9554196476129643,False,172
2025-12-03 02:10:47+00:00,3020.1492154250327,3032.851111111111,12.701895686078387,0.1071333198861384,buy,0.3965963747217517,1.2337352052379607,False,173
2025-12-03 02:12:11+00:00,3029.223121439701,3038.944210526316,9.721089086614938,0.0071134578524406,buy,0.005129436825490254,0.9326225605701403,False,174
2025-12-03 02:12:47+00:00,3032.936262328848,3042.1084210526315,9.172158723783468,1.4966934430446714,buy,0.25766883304965577,0.8488409126825904,False,175
2025-12-03 02:12:47+00:00,3032.414739603741,3041.756842105264,9.342102501522731,0.0131378173571356,buy,0.00449448018242485,0.8620659362328885,False,175
2025-12-03 02:12:59+00:00,3032.3833555534256,3042.46,10.076644446574392,0.0048704518091198,buy,0.005243744892597032,0.930903348975735,False,176
2025-12-03 02:13:11+00:00,3032.3713740612607,3041.9992857142856,9.627911653024967,0.03305993482775,buy,0.020758718326590167,0.8824604325161345,False,177
2025-12-03 02:48:59+00:00,3167.2108341338435,3029.92,-137.29083413384342,7.261909991e-09,sell,9.316364901502813e-07,-10.633333245208773,True,178
2025-12-03 04:28:11+00:00,3058.363019818226,3048.8054545454543,-9.557565272771626,1.423142867539214,sell,0.7934950411324959,-4.054082374559685,True,179
2025-12-03 04:28:35+00:00,3056.419533192128,3047.164545454545,-9.254987737582724,3.0013923976657653,sell,0.7653182570787799,-3.5211558898226847,True,180
2025-12-03 05:18:47+00:00,3191.1320126286755,3053.7525,-137.37951262867546,7.207473682999999e-09,sell,9.252919587075444e-07,-14.796338283970075,True,181
2025-12-03 05:59:11+00:00,3055.7066381798213,3064.778888888889,9.072250709067703,8.899999996138238,buy,0.643031310423539,0.8568378995999336,False,182
2025-12-03 05:59:47+00:00,3056.626577980032,3066.373333333333,9.746755353301069,0.0009999998109091,buy,0.0007467552120964268,0.9121531983689297,False,183
2025-12-03 06:01:11+00:00,3058.514854737168,3068.2866666666664,9.771811929498199,0.0112210999880689,buy,0.008660578832883674,0.8810332533652694,False,184
2025-12-03 06:01:35+00:00,3057.816372475988,3068.6055555555554,10.789183079567465,2.220121258459679,buy,3.972203390224084,0.9716862652233592,False,185
2025-12-03 06:01:47+00:00,3056.709115970716,3069.2433333333333,12.534217362617255,1.2235534642334709,buy,4.324303897384424,1.1245022051774811,False,186
2025-12-03 06:43:47+00:00,3073.5322899017,3064.1966666666667,-9.335623235033381,0.6181812393,sell,0.20747598737081077,-3.1792898223424086,True,187
2025-12-03 08:30:23+00:00,3268.1571400152934,3048.33,-219.82714001529348,4.589742585e-09,sell,9.6764230260195e-07,-11.510397300231434,True,188
2025-12-03 08:54:35+00:00,3188.492826319993,3048.536,-139.95682631999307,7.213439469e-09,sell,9.44649139711616e-07,-6.516397000401139,True,189
2025-12-03 09:04:47+00:00,3063.8343201443254,3050.707142857143,-13.127177287182349,9.75864452866093,sell,40.27565605237569,-0.5088905380793142,False,190
2025-12-03 09:27:47+00:00,3064.778651051039,3051.888571428571,-12.890079622467965,9.7100673331806,sell,37.77293506559771,-0.48171500004587836,False,191
2025-12-03 09:47:35+00:00,3191.253545039902,3054.411666666667,-136.84187837323498,7.207199201e-09,sell,9.213818836659184e-07,-8.073096718323121,True,192
2025-12-03 10:28:35+00:00,3184.6714172431425,3070.174,-114.49741724314254,8.792115836000001e-09,sell,9.275455128005331e-07,-7.254909712536182,True,193
2025-12-03 11:14:59+00:00,3060.14563545214,3050.51,-9.635635452139923,0.0980345498999999,sell,0.06231423545102024,-1.0110951871744878,False,194
2025-12-03 11:15:59+00:00,3050.747187323208,3060.71,9.962812676792055,1.989800177879138,buy,1.9158048355451198,1.2418307111587434,False,195
2025-12-03 11:15:59+00:00,3050.346803689221,3060.71,10.36319631077913,0.0999999998790556,buy,0.1363196309130421,1.280074452423725,False,195
2025-12-03 12:04:35+00:00,3078.2721083634524,3069.131875,-9.140233363452353,0.8097203785941931,sell,0.1135498121461763,-2.979446134344302,False,196
2025-12-03 12:04:47+00:00,3078.623907696156,3068.7475,-9.876407696156093,0.2703076712032509,sell,0.23689972337255982,-3.0945009246389725,True,197
2025-12-03 13:15:47+00:00,3227.297244316416,3092.8544444444447,-134.44279987197115,7.126706423e-09,sell,8.939940075666803e-07,-11.976575693076102,True,198
2025-12-03 13:59:35+00:00,3089.784499797584,3080.4833333333336,-9.3011664642504,0.2804388561910273,sell,0.08445877875747815,-0.9371502477696309,False,199
2025-12-03 14:00:11+00:00,3091.1143448357334,3075.59,-15.524344835733245,0.7175585221250917,sell,4.681599238163222,-1.5426962315838448,False,200
2025-12-03 14:00:47+00:00,3089.923812521036,3068.25,-21.67381252103587,0.7259939102413477,sell,9.201110709812585,-2.086156054556115,False,201
2025-12-03 14:01:47+00:00,3076.098531078051,3060.9100000000003,-15.1885310780508,3.8074853200152e-05,sell,0.00023562741232136263,-1.4033605481614908,False,202
2025-12-03 14:01:47+00:00,3075.920998647951,3058.4633333333336,-17.457665314617316,0.5177777279390663,sell,4.379190730271602,-1.6096175162570014,False,202
2025-12-03 14:01:59+00:00,3072.2167056133626,3053.57,-18.64670561336243,3.203574819125609,sell,30.903943190485535,-1.6937294155948406,False,203
2025-12-03 14:01:59+00:00,3075.4169364268632,3053.57,-21.846936426863067,0.2905947448668,sell,3.733252213284272,-1.9771859222779062,False,203
2025-12-03 14:01:59+00:00,3075.3077644229497,3053.57,-21.737764422949567,0.0500968809633621,sell,0.6381222680358533,-1.9321400088468312,False,203
2025-12-03 14:01:59+00:00,3074.2666456813126,3053.57,-20.696645681312475,3.1998646603472785,sell,37.427683160235404,-1.8156139731319128,False,203
2025-12-03 14:01:59+00:00,3075.516524927131,3053.57,-21.946524927130667,0.0200495745999807,sell,0.259572317337016,-1.9119037682021385,False,203
2025-12-03 14:01:59+00:00,3071.3752942557976,3053.57,-17.805294255797435,0.3099262723706475,sell,2.7289920258259737,-1.5144439548828226,False,203
2025-12-03 14:01:59+00:00,3072.4372712388026,3053.57,-18.86727123880246,3.009320779158509,sell,29.693784372521364,-1.5999061390744724,False,203
2025-12-03 14:02:11+00:00,3062.5932971194948,3051.283571428572,-11.309725690922733,0.3082829577430377,sell,0.7120490675727413,-0.8816440300164348,False,204
2025-12-03 14:02:11+00:00,3062.4815072054184,3050.5214285714287,-11.960078633989724,0.0364643161884437,sell,0.1079372432524578,-0.937842556494802,False,204
2025-12-03 14:02:11+00:00,3062.257895594081,3052.8078571428573,-9.450038451223918,0.6531860418673048,sell,0.29395883464304307,-0.7178265340611831,False,204
2025-12-03 14:02:23+00:00,3060.499916440701,3049.759285714286,-10.74063072641502,0.0575948272545608,sell,0.10025132600185375,-0.8219401819061365,False,205
2025-12-03 14:02:23+00:00,3063.287826701868,3048.997142857143,-14.290683844725208,0.5716556448714112,sell,3.024449285067146,-1.1447390513452547,False,205
2025-12-03 14:02:23+00:00,3060.5988128298354,3048.235,-12.363812829835297,0.0240923190229635,sell,0.0810420518299296,-0.9623478955286747,False,205
2025-12-03 14:02:23+00:00,3060.55475921621,3047.4728571428573,-13.081902073352921,0.1123595772839778,sell,0.4586407914765268,-1.0241654724711369,False,205
2025-12-03 14:02:59+00:00,3053.4839422760483,3042.9,-10.58394227604822,0.0715805768531663,sell,0.1133795018216487,-0.7886787145213502,False,206
2025-12-03 14:02:59+00:00,3053.3740656690625,3042.9,-10.474065669062384,0.0123612578047261,sell,0.01822130575637619,-0.7757716756522465,False,206
2025-12-03 14:02:59+00:00,3053.423357658461,3042.9,-10.52335765846101,0.2469514740262701,sell,0.3761954192261535,-0.7777034476536652,False,206
2025-12-03 14:03:11+00:00,3059.485019588032,3039.9218181818183,-19.56320140621392,21.32360740625056,sell,225.24555973925948,-1.6004495162470853,False,207
2025-12-03 14:03:23+00:00,3057.548427401181,3037.936363636364,-19.612063764816867,10.506868938885606,sell,111.49956314802779,-1.5857564165926934,False,208
2025-12-03 14:03:35+00:00,3051.195388022974,3032.972727272728,-18.222660750245723,0.0035536383682808,sell,0.03277400109971059,-1.4282546112760905,False,209
2025-12-03 14:03:35+00:00,3051.197603755388,3034.958181818182,-16.239421937206316,0.003338624803409,sell,0.02416971364190024,-1.2294135973851354,False,209
2025-12-03 14:03:59+00:00,3044.498447149,3031.98,-12.518447149000167,0.0201424159231961,sell,0.07087002587894488,-0.87394926352316,False,210
2025-12-03 14:05:47+00:00,3038.401927469816,3051.299375,12.897447530183854,0.5107560846277855,buy,1.9906450405589382,1.4657745816473484,False,211
2025-12-03 14:09:11+00:00,3039.847053864895,3050.922,11.074946135105165,2.072808310861829,buy,4.300965593436618,1.3074521419247034,False,212
2025-12-03 14:09:11+00:00,3038.5740011106536,3049.83,11.255998889346301,1.9086040204649293,buy,4.305808550370766,1.3185148636583865,False,212
2025-12-03 14:09:11+00:00,3037.8895518809427,3050.376,12.486448119057513,0.2329361785262602,buy,0.812119901483325,1.4252364207772,False,212
2025-12-03 14:09:23+00:00,3037.7167160265253,3051.468,13.751283973474528,0.327722586424121,buy,1.5571030726225472,1.535591416990145,False,213
2025-12-03 14:09:59+00:00,3043.7025433698927,3055.29,11.587456630107226,2.763569677438672,buy,7.150616684651982,1.302890130851671,False,214
2025-12-03 14:09:59+00:00,3044.894960471692,3055.29,10.395039528308189,0.9564273877443908,buy,1.3342540118599684,1.1840350517358789,False,214
2025-12-03 14:10:11+00:00,3045.788492765584,3054.82,9.03150723441604,1.297195945281314,buy,0.04087105673151478,1.0499820389170085,False,215
2025-12-03 14:10:23+00:00,3045.261094412997,3054.35,9.088905587002955,0.3489798296605014,buy,0.03102625660815817,1.049147558019855,False,216
2025-12-03 14:10:23+00:00,3044.6442735820524,3054.585,9.940726417947644,1.5746562882893045,buy,1.4813207695811303,1.1263577966807403,False,216
2025-12-03 14:12:47+00:00,3058.854938454004,3049.8029411764705,-9.051997277533246,0.8169900607522969,sell,0.04248125893084088,-0.6986450376271586,False,217
2025-12-03 14:14:23+00:00,3035.015664671876,3052.440769230769,17.425104558893054,8.449999983697827,buy,71.19213338529879,1.8866311115418855,False,218
2025-12-03 14:14:23+00:00,3041.5411006977124,3051.849230769231,10.308130071518463,11.965646689650656,buy,15.652622259897367,1.1777662324574212,False,218
2025-12-03 14:15:11+00:00,3045.754048294451,3055.422727272727,9.668678978276148,0.0982848579541836,buy,0.06572101839681982,1.0944381387122597,False,219
2025-12-03 14:39:59+00:00,3076.2972444771904,3086.09,9.792755522809784,1.477177584889812,buy,1.1710406885922178,1.4666701785826035,False,220
2025-12-03 14:40:35+00:00,3080.343034886044,3095.0115384615387,14.668503575494924,0.2592947476804473,buy,1.4698132043336696,2.127921214327619,False,221
2025-12-03 14:41:35+00:00,3116.3964377506964,3126.236923076923,9.840485326226826,4.313394307979037,buy,3.6253446220866956,1.4379383638180485,False,222
2025-12-03 14:41:47+00:00,3111.5062530447644,3135.1584615384613,23.65220849369689,8.74543056835326,buy,128.13987205466205,3.2714446032434914,True,223
2025-12-03 14:41:59+00:00,3110.8580393531006,3144.08,33.22196064689933,0.097024350896695,buy,2.3501200092106984,4.29019828291705,True,224
2025-12-03 14:41:59+00:00,3110.939786817812,3144.08,33.140213182187836,0.1599257183016433,buy,3.8606409331161875,4.176250012787615,True,224
2025-12-03 14:41:59+00:00,3111.160691950636,3144.08,32.919308049363735,0.5343671216666228,buy,12.781691794595782,4.054005958246607,True,224
2025-12-03 14:41:59+00:00,3111.4326271987807,3144.08,32.64737280121926,0.320239425816223,buy,7.572821087924625,3.9342654479066925,True,224
2025-12-03 14:42:11+00:00,3120.848374418116,3144.0255555555555,23.177181137439675,0.0928512869690533,buy,1.3163695142046608,2.5727240760830847,False,225
2025-12-03 14:42:11+00:00,3114.982576204786,3144.061851851852,29.079275647066424,6.248147982488256,buy,125.45828562404365,3.2963377655873547,True,225
2025-12-03 14:42:11+00:00,3116.9877440415944,3143.989259259259,27.001515217664746,0.0118898539369763,buy,0.21403538658228993,2.9388742705002002,False,225
2025-12-03 14:42:11+00:00,3118.8387438079785,3143.9348148148147,25.096071006836155,0.1265473695245014,buy,2.0369154455947083,2.948495473732706,False,225
2025-12-03 14:42:11+00:00,3119.458486712818,3143.9166666666665,24.458179953848685,0.0703123282243545,buy,1.0869006226661457,2.909550743759264,False,225
2025-12-03 14:42:11+00:00,3119.510675052876,3143.971111111111,24.46043605823479,0.0928771708707452,buy,1.435921561516903,2.8098918104931374,False,225
2025-12-03 14:42:23+00:00,3124.061502636532,3143.862222222222,19.800719585689876,0.0111304108355915,buy,0.12021644630874795,2.01321612352987,False,226
2025-12-03 14:42:23+00:00,3124.066577720117,3143.844074074074,19.77749635395685,0.0043621560747739,buy,0.047013121191266424,2.0233141911685912,False,226
2025-12-03 14:42:23+00:00,3124.080329327552,3143.8985185185184,19.818189190966223,0.0384121707350048,buy,0.415550130246978,1.9905024937997877,False,226
2025-12-03 14:42:23+00:00,3124.049381061306,3143.88037037037,19.83098930906408,0.0267268057624731,buy,0.2894777474787784,2.004046255196595,False,226
2025-12-03 14:42:23+00:00,3124.1068373808607,3143.807777777778,19.700940396917304,0.043929251508907,buy,0.47008430207800334,2.0278267396384595,False,226
2025-12-03 14:42:23+00:00,3127.5055424245847,3143.717037037037,16.211494612452043,9.042085098617187,buy,65.20694797401075,1.7087296668556695,False,226
2025-12-03 14:42:23+00:00,3124.1551503434684,3143.7714814814817,19.616331138013265,0.0268139496819773,buy,0.2846657689418965,2.044647966915512,False,226
2025-12-03 14:42:23+00:00,3124.2386523301643,3143.7533333333336,19.514681003169244,0.0322438869786296,buy,0.3390341858825328,2.090712057740871,False,226
2025-12-03 14:42:23+00:00,3124.133746052645,3143.825925925926,19.69217987328102,0.0396836803663241,buy,0.42430504851052775,2.039782582740881,False,226
2025-12-03 14:42:23+00:00,3124.420341916066,3143.7351851851854,19.314843269119592,0.5320993342977861,buy,5.488521236884535,2.038228772050184,False,226
2025-12-03 14:42:23+00:00,3124.19603696545,3143.78962962963,19.59359266418005,0.1001609995971775,buy,1.0610648305696007,2.055414309983026,False,226
2025-12-03 14:42:47+00:00,3127.594740560371,3143.662592592593,16.067852032221708,4.916649072713574,buy,34.750148140299615,1.5762999411324972,False,227
2025-12-03 14:42:47+00:00,3125.319358805355,3143.6444444444446,18.325085639089593,2.1438266080305826,buy,19.99136671524414,1.8066494391627312,False,227
2025-12-03 14:42:47+00:00,3124.597805676201,3143.6262962962965,19.028490620095454,0.0967848727444632,buy,0.9706061884849813,1.8708733469728231,False,227
2025-12-03 14:43:11+00:00,3128.9740904361747,3142.200588235294,13.226497799119443,17.00451373746692,buy,71.86953988650026,1.2458947261233966,False,228
2025-12-03 14:44:35+00:00,3137.502840969604,3125.853181818182,-11.649659151422384,6.292800914531912,sell,16.673777531268627,-1.3652121393263645,False,229
2025-12-03 14:44:59+00:00,3133.084827488433,3121.75,-11.334827488432893,4.21347762983565,sell,9.83774339203735,-1.292065409798693,False,230
2025-12-03 14:44:59+00:00,3138.2820136666032,3121.75,-16.532013666603234,11.8401981709052,sell,89.18053443854858,-1.8339715414768645,False,230
2025-12-03 14:45:11+00:00,3131.664191185293,3120.8083333333334,-10.855857851959627,0.8621614053,sell,1.6000490136825511,-1.2242460332161278,False,231
2025-12-03 14:45:11+00:00,3130.894593956315,3121.04375,-9.850843956315202,1.5205796369478248,sell,1.2937759941930214,-1.1213582298181575,False,231
2025-12-03 14:45:23+00:00,3130.534667897793,3119.63125,-10.903417897793133,1.8837979995794565,sell,3.585654828226439,-1.2259272428934513,False,232
2025-12-03 14:45:23+00:00,3129.3091858771386,3119.395833333333,-9.913352543805559,1.9128085588392256,sell,1.7470685630288512,-1.1171839146132587,False,232
2025-12-03 14:45:35+00:00,3130.2638810886624,3119.1604166666666,-11.103464421995795,0.0024198474274844,sell,0.005090062970371486,-1.2359345143930551,False,233
2025-12-03 14:45:35+00:00,3129.8956458362827,3118.925,-10.970645836282529,3.106056884015524,sell,6.1209380657418775,-1.2186521005593873,False,233
2025-12-03 14:45:35+00:00,3131.9005065990004,3118.6895833333333,-13.210923265667134,3.102208865041697,sell,13.063163484762915,-1.4503909303020242,False,233
2025-12-03 14:45:35+00:00,3130.9410486976203,3117.0416666666665,-13.899382030953802,2.095474151047686,sell,10.266528401971208,-1.5042974951859105,False,233
2025-12-03 14:45:47+00:00,3127.4636790598274,3116.80625,-10.657429059827336,0.0005170068035725,sell,0.000856902100369505,-1.1579024007897167,False,234
2025-12-03 14:45:47+00:00,3127.4629357017952,3116.335416666667,-11.127519035128444,0.0005363184263041,sell,0.0011410276608521041,-1.2042427704868401,False,234
2025-12-03 14:46:11+00:00,3125.1907733642715,3115.002,-10.188773364271583,0.8334576142358254,sell,0.9907922120528894,-1.0966514457070322,False,235
2025-12-03 14:58:47+00:00,3091.2033329997307,3078.6633333333334,-12.539999666397307,5.7182858928424745,sell,20.242730153026788,-1.3949882270950988,False,236
2025-12-03 14:58:59+00:00,3089.0731620566858,3076.53,-12.54316205668556,0.0012975662244695,sell,0.0045974874125770705,-1.3846389314610632,False,237
2025-12-03 14:59:59+00:00,3076.82632256918,3086.38,9.553677430820244,0.4441528158335864,buy,0.24591738996231707,1.0142443237579635,False,238
2025-12-03 15:01:59+00:00,3080.6475323951654,3089.7,9.052467604834419,2.9328396020609877,buy,0.15387906928367068,0.9440755580537549,False,239
2025-12-03 15:03:35+00:00,3095.785775859345,3105.266666666667,9.480890807321884,0.2093035067389752,buy,0.10065213233100727,0.937784503630168,False,240
2025-12-03 15:11:47+00:00,3093.6046977377287,3084.1125,-9.492197737728475,7.234498400641296,sell,3.5608037463959143,-1.3535932544323912,False,241
2025-12-03 15:12:23+00:00,3090.5394135085207,3076.948,-13.591413508520873,0.6588675113152334,sell,3.0251331917782913,-1.8254217187213202,False,242
2025-12-03 15:13:47+00:00,3079.792846850344,3069.17,-10.622846850344104,2.922274467,sell,4.742403914611944,-1.463974884337875,False,243
2025-12-03 15:13:47+00:00,3077.9145821208017,3068.2,-9.714582120801879,0.0001936301297839,sell,0.0001383646287921223,-1.3502754389790879,False,243
2025-12-03 15:13:59+00:00,3077.274293339578,3067.23,-10.044293339577962,0.0725861631780613,sell,0.07580124675236852,-1.3859151995035397,False,244
2025-12-03 15:19:23+00:00,3072.9024724179963,3061.8546666666666,-11.047805751329633,2.928827088,sell,5.997668955456422,-1.453436891208856,False,245
2025-12-03 15:20:35+00:00,3072.2743854643986,3060.4173333333333,-11.857052131065302,0.0501546719684375,sell,0.14329451243030553,-1.5333454207105492,False,246
2025-12-03 15:20:59+00:00,3072.0030324847853,3058.98,-13.02303248478529,2.929684608,sell,11.786216348159458,-1.6522081691275934,False,247
2025-12-03 15:22:35+00:00,3058.316271318173,3068.1242857142856,9.808014396112412,1.0291601625764455,buy,0.8315762272671586,1.072473155786018,False,248
2025-12-03 15:51:59+00:00,3218.743842341858,3086.83,-131.91384234185807,7.456324944e-09,sell,9.164855486164797e-07,-14.963711611182825,True,249
2025-12-03 16:25:47+00:00,3043.232341233504,3080.944285714286,37.71194448078177,102.43794992354816,buy,2941.1927309300177,3.813804842459264,True,250
2025-12-03 16:25:47+00:00,3011.300845950293,3080.7385714285715,69.43772547827848,7.174999982169383,buy,433.64067922900614,6.252330780228445,True,250
2025-12-03 16:48:11+00:00,3108.9495621122264,3098.2466666666664,-10.702895445559989,14.57867046392562,sell,24.825951535338866,-1.0135426950895974,False,251
2025-12-03 17:17:59+00:00,3105.457964416961,3095.79,-9.66796441696124,0.093351445526466,sell,0.062355443883574835,-1.6410509080904332,False,252
2025-12-03 17:47:47+00:00,3120.4388447892,3130.478333333333,10.039488544132837,0.0999999998465215,buy,0.10394885425374455,2.925425070571781,False,253
2025-12-03 17:47:59+00:00,3120.4051351795856,3132.01,11.604864820414605,0.0052137912531231,buy,0.013581221416245742,3.302213870042459,True,254
2025-12-03 18:49:59+00:00,3133.5484769224686,3123.97,-9.57847692246878,0.0295286106729949,sell,0.01708161982689288,-3.633738078224666,True,255
2025-12-03 19:17:47+00:00,3111.546480077513,3120.7475,9.201019922486921,0.3969884242157386,buy,0.07980258226405273,2.605668023525417,False,256
2025-12-03 20:00:47+00:00,3132.913632140882,3121.894,-11.019632140882095,6.353043709474648,sell,12.83081126808381,-3.564571534722729,True,257
2025-12-03 20:02:23+00:00,3134.9967797626578,3121.438,-13.55877976265765,1.192186232575e-05,sell,5.434914470381977e-05,-4.054718626898461,True,258
2025-12-03 20:49:23+00:00,3133.381344673433,3143.745,10.363655326566914,0.870187042708705,buy,1.1866351958992358,3.0723059374022674,True,259
2025-12-03 20:50:35+00:00,3132.948387964904,3148.4725,15.52411203509564,0.6013009231932177,buy,3.9229545897189912,4.1212855126948575,True,260
2025-12-03 20:51:59+00:00,3135.0492927405603,3153.2,18.150707259439514,0.7318787849087509,buy,6.697208510094278,4.292573129794869,True,261
2025-12-03 20:52:23+00:00,3135.167082318236,3152.1316666666667,16.964584348430435,0.5725512525707852,buy,4.560132744899517,3.7980851841462484,True,262
2025-12-03 20:53:35+00:00,3151.079327070246,3141.413823529412,-9.665503540833924,4.897493421198142,sell,3.259299213018214,-2.0428344589349487,False,263
2025-12-03 20:53:47+00:00,3151.734916451463,3140.8164705882355,-10.91844586322759,0.0059142664259934,sell,0.011346199958972857,-2.2452323593610486,False,264
2025-12-03 21:56:11+00:00,3148.6620675230392,3159.3207142857145,10.65864676267529,0.3624781842332938,buy,0.6012232668189699,3.3992376066731294,True,265
2025-12-03 22:00:35+00:00,3164.394075841653,3174.116,9.721924158347065,0.0014760215978339,buy,0.001065575649718328,2.8676386162794496,False,266
2025-12-03 22:00:59+00:00,3162.329181176144,3175.05,12.720818823856007,0.4209999995967666,buy,1.5664647233430204,3.7284768069910137,True,267
2025-12-03 22:00:59+00:00,3161.2872406315164,3175.05,13.762759368483785,1.1829999975746954,buy,5.634344321365175,3.9036372063323217,True,267
2025-12-03 22:00:59+00:00,3162.7292648211787,3175.05,12.320735178821451,4.999999987319214,buy,16.60367585199772,3.3284768458151994,True,267
2025-12-03 22:01:11+00:00,3161.900655288417,3174.8557142857144,12.955058997297328,0.8755266378688559,buy,3.4627595064766985,3.306094272503768,True,268
2025-12-03 22:01:35+00:00,3162.3534721542205,3174.078571428572,11.725099274351578,1.2497290314949543,buy,3.4056356768630005,2.775234443369854,False,269
2025-12-03 22:01:35+00:00,3161.935377389224,3174.272857142857,12.337479753633033,0.0150202506792578,buy,0.050129782536515725,2.881074852769629,False,269
2025-12-03 22:02:35+00:00,3175.6746673989687,3166.0364285714286,-9.638238827540135,1.1024200135927114,sell,0.7036072569321922,-3.1418703468684708,True,270
2025-12-03 22:02:59+00:00,3174.9736990734973,3152.26,-22.713699073497082,0.0024935003405887,sell,0.03419511331049591,-4.856660896033647,True,271
2025-12-03 22:03:47+00:00,3163.479867207618,3154.142105263158,-9.337761944459999,0.9095377485489664,sell,0.3072072385096682,-1.9311198768777669,False,272
2025-12-03 22:14:59+00:00,3154.245603384584,3164.11,9.864396615416354,4.2604967997989736,buy,3.6827590137384387,1.642969252574363,False,273
2025-12-03 22:33:11+00:00,3157.5916446058104,3167.002307692308,9.410663086497607,0.0999999998541353,buy,0.041066308589859435,1.6802304421426986,False,274
2025-12-03 22:33:11+00:00,3158.1524587045906,3167.7792307692307,9.626772064640136,1.6000768800986749,buy,1.0028834897223935,1.7072969123151593,False,274
2025-12-03 22:34:35+00:00,3157.8559916111176,3169.333076923077,11.4770853119594,0.1802177288995525,buy,0.44641468921176247,2.0077250786359384,False,275
2025-12-03 22:41:47+00:00,3165.0222703785284,3174.396923076923,9.374652698394584,0.9451153156158508,buy,0.35409000328952756,1.520096764025613,False,276
2025-12-03 22:41:59+00:00,3163.9535780554606,3174.68,10.726421944539197,2.2843513720078064,buy,3.9437543376725004,1.7576890603633506,False,277
2025-12-03 22:41:59+00:00,3163.038413308087,3174.68,11.641586691912835,5.052466408805324,buy,13.346528026836776,1.9093957436712796,False,277
2025-12-03 22:44:59+00:00,3167.813925853837,3179.03,11.21607414616301,0.0319854594908662,buy,0.07088214983085285,1.850181236928219,False,278
2025-12-03 22:45:11+00:00,3167.8029475525777,3179.2613333333334,11.458385780755634,0.0012284125826091,buy,0.0030199120259875173,1.877829234790576,False,279
2025-12-03 22:45:35+00:00,3170.199365120024,3179.724,9.52463487997602,0.4552386862096795,buy,0.2388340935000562,1.508602252634662,False,280
2025-12-03 23:00:23+00:00,3190.3580030562803,3200.794,10.435996943719601,0.0173975155599554,buy,0.024982779172410166,1.8866205398913256,False,281
2025-12-03 23:00:23+00:00,3190.351651757191,3202.742,12.390348242809068,0.0030123284355524,buy,0.010212842418238869,2.2436225508133,False,281
2025-12-03 23:00:47+00:00,3190.7026192953217,3212.482,21.77938070467826,0.0570684534806991,buy,0.729299493257075,3.93352305408188,True,282
2025-12-03 23:00:47+00:00,3191.154141144135,3208.586,17.431858855864903,1.429270852571453,buy,12.051410095684187,3.0667715205000814,True,282
2025-12-03 23:00:59+00:00,3191.445873159373,3214.43,22.984126840626686,0.0075001002527748,buy,0.10488235325221908,4.061720016384899,True,283
2025-12-03 23:00:59+00:00,3191.4596743368165,3214.43,22.970325663183303,0.0379901908129841,buy,0.5307353376638623,3.94943299384997,True,283
2025-12-03 23:00:59+00:00,3191.8659509503086,3214.43,22.56404904969122,0.0074997710956103,buy,0.10172726300231458,3.780720577460294,True,283
2025-12-03 23:01:59+00:00,3211.00657015614,3199.5,-11.506570156139787,9.192573004472138,sell,23.04182915114612,-2.1493725087236575,False,284
2025-12-03 23:03:47+00:00,3202.221675780884,3192.6966666666667,-9.525009114217482,0.6565349787932224,sell,0.3446868476690233,-2.232984814524778,False,285
2025-12-04 00:12:11+00:00,3189.947866905308,3179.133333333333,-10.814533571974607,0.5227801768490479,sell,0.9486021816554197,-3.3318145858896537,True,286
2025-12-04 00:25:23+00:00,3191.601288443057,3182.127692307692,-9.473596135364915,0.0550175821258861,sell,0.026056114271941457,-2.6007318264577597,False,287
2025-12-04 00:27:59+00:00,3219.9347655384213,3184.12,-35.8147655384214,2.7329746224000006e-08,sell,7.328407372211177e-07,-7.934298574404113,True,288
2025-12-04 01:11:35+00:00,3209.109856754931,3221.295714285714,12.185857530782869,2.751474497021029,buy,8.765805747091452,2.630775061080552,False,289
2025-12-04 01:13:47+00:00,3225.547679449071,3234.7785714285715,9.230891979500484,0.2258108722560894,buy,0.052137919287939406,1.708510296486115,False,290
2025-12-04 01:13:47+00:00,3225.468849071788,3235.2464285714286,9.777579499640524,0.0249999999296862,buy,0.01943948743633853,1.8052316174442058,False,290
2025-12-04 01:13:47+00:00,3225.458986442412,3235.714285714286,10.25529927187381,0.0064954944670086,buy,0.008153789474896256,1.8851917802191618,False,290
2025-12-04 01:13:47+00:00,3225.6360860011737,3236.182142857143,10.546056855969255,0.0555382477203396,buy,0.08586528865654987,1.9251496475781322,False,290
2025-12-04 01:13:59+00:00,3227.201862467248,3236.65,9.448137532752298,0.0741217879123071,buy,0.03321675515821043,1.6419581444137406,False,291
2025-12-04 01:13:59+00:00,3227.2407206728017,3236.65,9.40927932719842,0.0055801926657165,buy,0.0022838574998620023,1.6471961331774962,False,291
2025-12-04 01:13:59+00:00,3227.2320657623145,3236.65,9.417934237685586,0.0219410896263742,buy,0.009169932566989813,1.6173616202738028,False,291
2025-12-04 01:13:59+00:00,3227.1684832763804,3236.65,9.481516723619734,0.0320284033931388,buy,0.015422211864635367,1.6885465239352864,False,291
2025-12-04 01:13:59+00:00,3227.298817049755,3236.65,9.351182950244947,0.1452008885958624,buy,0.050992076435282876,1.6486625675827182,False,291
2025-12-04 01:15:35+00:00,3237.491341127065,3220.23,-17.261341127064952,0.9521707436989906,sell,7.866207324908492,-3.640821143703097,True,292
2025-12-04 01:15:35+00:00,3237.614742766232,3225.355,-12.259742766232193,0.0079740287375705,sell,0.025993282495023067,-2.456076085753838,False,292
2025-12-04 01:15:35+00:00,3237.1894749465782,3223.305,-13.884474946578393,1.4710684706148027,sell,7.185397089419397,-2.698048188810821,False,292
2025-12-04 01:15:59+00:00,3237.2806272969315,3218.18,-19.100627296931634,0.61780248,sell,6.24019259360006,-3.432255067485129,True,293
2025-12-04 01:16:11+00:00,3231.476765589958,3219.1,-12.376765589958268,1.4864411377326e-05,sell,5.019363285393862e-05,-2.117076294065351,False,294
2025-12-04 01:16:11+00:00,3231.4653729258075,3218.442857142857,-13.02251578295045,1.496565626393e-05,sell,6.019958852386969e-05,-2.3326145616823273,False,294
2025-12-04 01:16:11+00:00,3231.42112921643,3218.574285714285,-12.84684350214502,1.4757903130863e-05,sell,5.677134376424599e-05,-2.275219045637277,False,294
2025-12-04 01:16:11+00:00,3231.441710692152,3218.8371428571427,-12.60456783500922,1.4573680795224e-05,sell,5.253182103215603e-05,-2.1900885309759364,False,294
2025-12-04 01:16:23+00:00,3230.503155098366,3219.2314285714283,-11.271726526937528,0.0075324786362138,sell,0.0171117315314771,-1.8838404391973675,False,295
2025-12-04 01:17:35+00:00,3220.913260966928,3211.326,-9.58726096692817,0.0379815605351864,sell,0.02230508796533439,-1.5730302448912772,False,296
2025-12-04 01:17:47+00:00,3220.9261147539123,3210.084,-10.842114753912483,0.00310469711,sell,0.0057192083527604475,-1.7496543039844108,False,297
2025-12-04 01:17:59+00:00,3220.0518242868725,3207.6,-12.45182428687258,0.0242017375037927,sell,0.08354014530010659,-1.987390099333733,False,298
2025-12-04 01:17:59+00:00,3220.161529227403,3207.6,-12.561529227403298,0.3264162997600273,sell,1.1625411918961734,-1.9870357337182345,False,298
2025-12-04 01:17:59+00:00,3220.3205420763,3207.6,-12.720542076300262,0.1817108413135525,sell,0.676062830826992,-1.9943506606037218,False,298
2025-12-04 01:52:47+00:00,3192.004809355342,3206.364,14.359190644658156,29.40247030641365,buy,157.57344379597126,2.396625578781948,False,299
2025-12-04 01:52:47+00:00,3182.7878600946906,3206.076,23.288139905309436,6.1906999835087335,buy,88.4535874761696,3.8366887767305693,True,299
2025-12-04 02:23:47+00:00,3192.4549162953326,3211.885,19.430083704667595,14.954999953892315,buy,155.98190132239688,4.806065050563607,True,300
2025-12-04 02:23:47+00:00,3199.5927763088253,3213.09625,13.503473691174804,22.95458554126672,buy,103.37537207691622,3.052402432702295,True,300
2025-12-04 04:53:11+00:00,3183.2697629586764,3193.4700000000003,10.200237041323817,1.623359997676415,buy,1.9484168006145786,3.6526282941045944,True,301
2025-12-04 06:12:47+00:00,3172.740715370096,3185.788571428572,13.0478560584761,30.378701682452785,buy,122.9686116539546,6.015474510442099,True,302
2025-12-04 09:04:35+00:00,3181.9353435702005,3191.9066666666663,9.971323096465767,1.6665905634179037,buy,1.6187979065997051,4.419081739397179,True,303
2025-12-04 09:05:59+00:00,3184.527070820729,3195.24,10.712929179270759,0.0069523999977472,buy,0.011908968822103138,3.864661478425594,True,304
2025-12-04 13:02:59+00:00,3177.297522902596,3167.06,-10.237522902596083,0.0126766082526652,sell,0.015687593039911706,-3.810365957964224,True,305
2025-12-04 13:24:59+00:00,3180.8300887594096,3190.03,9.199911240590609,0.0300049903128349,buy,0.005998334837348028,2.8274067463561168,False,306
2025-12-04 13:34:23+00:00,3188.701446105442,3178.6450000000004,-10.05644610544141,3.9102804890149927,sell,4.13100059380342,-3.046895980235273,True,307
2025-12-04 13:34:59+00:00,3185.376025310029,3175.28,-10.096025310028836,1.6708859355096e-05,sell,1.8313332754897305e-05,-2.889690551102654,False,308
2025-12-04 14:07:23+00:00,3164.70589348526,3175.325,10.619106514739997,19.12911627384435,buy,30.97207678020028,2.970840935774601,False,309
2025-12-04 14:07:23+00:00,3158.210867101037,3175.789375,17.578507898962926,4.984999999208833,buy,42.763861869543156,4.693386369777875,True,309
2025-12-04 14:31:59+00:00,3173.065990339074,3185.15,12.084009660926313,3.525606683271204,buy,10.873005071834768,3.591491125790929,True,310
2025-12-04 14:39:59+00:00,3171.365532564893,3180.83,9.464467435107053,0.0094420752488225,buy,0.004385536472908381,2.537792952245002,False,311
2025-12-04 14:50:47+00:00,3174.540752046292,3164.17,-10.370752046291727,0.4007295317220264,sell,0.5493008256174934,-2.5879366243496857,False,312
2025-12-04 14:50:47+00:00,3174.1789732944803,3160.56,-13.618973294480384,0.6775943426931843,sell,3.129790173390808,-3.4839860889232743,True,312
2025-12-04 14:50:59+00:00,3174.900244475574,3156.95,-17.95024447557398,0.6705948927701436,sell,6.001988234364105,-4.255205479055178,True,313
2025-12-04 14:53:11+00:00,3161.0713406891296,3151.238,-9.833340689129727,2.2574874682974726,sell,1.881256162532739,-2.1591878762606815,False,314
2025-12-04 14:56:11+00:00,3156.1665927744943,3146.393043478261,-9.773549296233341,3.2522760001006725,sell,2.5157958110344607,-2.0888566558031667,False,315
2025-12-04 14:56:23+00:00,3158.342942275901,3146.180869565217,-12.162072710683788,3.2875119839006297,sell,10.3953519303381,-2.5880701440767746,False,316
2025-12-04 14:56:35+00:00,3158.869088349844,3145.9686956521737,-12.900392697670213,1.7475768572871673,sell,6.816236012780328,-2.700092376689895,False,317
2025-12-04 15:02:35+00:00,3169.597072737641,3153.354375,-16.242697737641265,6.014999986270524,sell,43.56482679247377,-3.166980309811684,True,318
2025-12-04 15:04:11+00:00,3150.609492967877,3160.4025,9.793007032123114,0.0951599998886491,buy,0.07546254908853349,2.2428770340974555,False,319
2025-12-04 15:04:35+00:00,3151.599767957794,3163.423125,11.823357042205771,0.000581200385475,buy,0.00164093620126355,2.559853739796299,False,320
2025-12-04 15:39:47+00:00,3219.0156162688227,3206.3512,-12.664416268822606,2.3903873460915235,sell,8.759374279805472,-2.39273103650384,False,321
2025-12-04 15:39:47+00:00,3219.4360081896143,3207.5432,-11.892808189614243,2.095794032195781,sell,6.062730140080611,-2.3486586939750262,False,321
2025-12-04 15:39:47+00:00,3220.4525116436344,3207.0664,-13.386111643634194,1.480494734439232,sell,6.493615193063031,-2.599007722196338,False,321
2025-12-04 16:06:23+00:00,3187.527769941152,3197.795,10.267230058847872,0.4694525014373839,buy,0.5949043210227767,2.5936691667527274,False,322
2025-12-04 16:06:23+00:00,3187.6744817458107,3198.53125,10.85676825418932,1.5139883393478943,buy,2.8111254857139762,2.6976972013899334,False,322
2025-12-04 16:06:59+00:00,3191.620876854302,3200.74,9.119123145697813,0.0484358095665687,buy,0.005769825999989889,2.216478148513716,False,323
2025-12-04 16:18:59+00:00,3204.249686132528,3213.66,9.410313867471814,1.3199999994710343,buy,0.5416143048457523,2.17804198231414,False,324
2025-12-04 16:38:23+00:00,3191.245173732329,3181.9675,-9.277673732328822,0.0249799274766365,sell,0.006936269695740941,-2.077728877202608,False,325
2025-12-04 16:49:47+00:00,3183.508184761341,3171.205,-12.303184761341072,0.0004583141978349,sell,0.001513896474194499,-3.044293191907656,True,326
2025-12-04 17:38:11+00:00,3160.064100889066,3148.767142857143,-11.296958031923168,0.0856650568967376,sell,0.19676904049411664,-3.2375423646518975,True,327
2025-12-04 17:38:35+00:00,3155.864383254457,3145.5214285714287,-10.342954683028438,0.0300583464559958,sell,0.04036699713717081,-2.8869473478109504,False,328
2025-12-04 17:50:59+00:00,3144.37173731145,3155.24,10.868262688549748,0.7500649083611808,buy,1.4013182822816803,3.16551926572026,True,329
2025-12-04 19:03:11+00:00,3138.6560177006136,3128.9615384615386,-9.694479239075008,0.0373454352241733,sell,0.025935629437408878,-2.3026364500159637,False,330
2025-12-04 19:11:47+00:00,3121.717416582794,3110.253333333333,-11.464083249461055,0.0061282792280864,sell,0.015100590193947822,-2.675530623714447,False,331
2025-12-04 19:11:47+00:00,3121.7278438956264,3108.3866666666668,-13.341177228959623,0.0258925354937835,sell,0.11240408548564174,-3.104037646589513,True,331
2025-12-04 19:11:59+00:00,3121.128873611587,3106.52,-14.608873611587114,0.7021704555454804,sell,3.938385338945148,-3.2811707453877315,True,332
2025-12-04 19:12:23+00:00,3116.810269336292,3105.565,-11.24526933629204,0.0935898847837524,sell,0.21013449849206423,-2.341229325021872,False,333
2025-12-04 19:12:23+00:00,3116.7662632442853,3105.0875,-11.678763244285165,0.0400176976601932,sell,0.10719793761304197,-2.409192236831497,False,333
2025-12-04 19:12:23+00:00,3117.0267721460627,3104.61,-12.416772146062613,0.5637407345045603,sell,1.92617363925606,-2.5449773687340094,False,333
2025-12-04 19:12:35+00:00,3117.229185999657,3103.655,-13.574185999656947,0.050732906874566,sell,0.23206175234753948,-2.6366634366548123,False,334
2025-12-04 19:12:35+00:00,3117.24919367362,3103.1775,-14.071693673620302,0.0100138737908254,sell,0.050787300353361334,-2.8052706872619977,False,334
2025-12-04 19:12:35+00:00,3118.2035537897737,3102.7,-15.503553789773832,2.886277257,sell,18.771059393100373,-3.20958786252751,True,334
2025-12-04 19:12:47+00:00,3113.3344719420165,3101.745,-11.589471942016644,0.0057815824679999,sell,0.01497124558134108,-2.114543931071683,False,335
2025-12-04 19:13:23+00:00,3106.671106472478,3092.1628571428573,-14.508249329620867,0.0212608225126856,sell,0.1171099113526887,-2.699858170642295,False,336
2025-12-04 19:13:23+00:00,3106.598693665929,3092.947142857143,-13.651550808786396,0.0005413879183781,sell,0.0025182934095988345,-2.4672465068431975,False,336
2025-12-04 19:13:23+00:00,3106.271956333868,3093.7314285714283,-12.540527762439524,0.0300607365718894,sell,0.10643087239215555,-2.1925322446091187,False,336
2025-12-04 19:13:23+00:00,3106.375212917558,3096.868571428571,-9.506641488987043,0.6772718074272875,sell,0.3431339969639068,-1.5093070658271812,False,336
2025-12-04 19:13:23+00:00,3106.631449354074,3096.0842857142857,-10.547163639788323,0.100293904210872,sell,0.15517108188747414,-1.7195455295145903,False,336
2025-12-04 19:13:23+00:00,3106.6914324651607,3095.3,-11.391432465160506,0.0410713956547504,sell,0.09821946895822224,-1.882345676527466,False,336
2025-12-04 19:13:35+00:00,3106.3215333041658,3091.3785714285714,-14.942961875594392,0.1221309175281862,sell,0.7258193867013735,-2.5841939983222493,False,337
2025-12-04 19:13:59+00:00,3103.945664959336,3089.81,-14.135664959336282,0.1743642890111899,sell,0.8954765692343521,-2.326905954500381,False,338
2025-12-04 19:13:59+00:00,3104.0064019014594,3089.81,-14.196401901459467,0.0110082063552022,sell,0.057203064435830904,-2.3735542385181616,False,338
2025-12-04 19:14:47+00:00,3099.2373858427286,3090.1376923076923,-9.099693535036295,0.0144098171388883,sell,0.0014365656098023598,-1.2028595309794603,False,339
2025-12-04 19:14:47+00:00,3099.2552229361845,3090.119487179488,-9.135735756696704,0.0395531307305065,sell,0.005368774129428953,-1.24798005492329,False,339
2025-12-04 19:17:47+00:00,3097.074770449386,3086.5905263157897,-10.484244133596349,1.230515981197e-06,sell,1.8263861263882018e-06,-1.536309456077798,False,340
2025-12-04 19:18:35+00:00,3095.6173960782744,3083.0347368421053,-12.582659236169093,1.1314617198615315,sell,4.053641781033683,-1.9489233332060452,False,341
2025-12-04 19:18:35+00:00,3096.99167829045,3082.1457894736845,-14.845888816765637,2.9060459100000005,sell,16.98842128627652,-2.394019197952986,False,341
2025-12-04 19:18:35+00:00,3096.176090630969,3081.256842105264,-14.91924852570537,0.1721520247549542,sell,1.019010618727957,-2.3805417313297217,False,341
2025-12-04 19:18:47+00:00,3098.146035023221,3080.367894736842,-17.778140286378857,0.0364529114261566,sell,0.3199887703457454,-2.919118766560272,False,342
2025-12-04 19:18:47+00:00,3098.057385732096,3079.4789473684214,-18.57843836367465,0.2316945565004043,sell,2.219272028638056,-3.026027512830393,True,342
2025-12-04 19:18:59+00:00,3097.1133494396645,3078.59,-18.523349439664344,0.001019525811211,sell,0.00970930056291961,-2.9511962489991532,False,343
2025-12-04 19:18:59+00:00,3097.087604427484,3078.59,-18.49760442748402,0.0545201403920938,sell,0.5178107267750004,-2.8968644948530327,False,343
2025-12-04 19:19:11+00:00,3093.5579375188595,3077.3866666666668,-16.17127085219272,2.9092715190000003,sell,20.86317404531914,-2.3878102677907616,False,344
2025-12-04 19:19:23+00:00,3085.749278816422,3076.1833333333334,-9.565945483088399,0.0450390357227296,sell,0.025489638829935855,-1.0927329629028337,False,345
2025-12-04 19:19:35+00:00,3086.9282101783724,3074.578888888889,-12.349321289483214,1.122539178130019,sell,3.759744367589862,-1.6170647903989601,False,346
2025-12-04 19:19:35+00:00,3087.445166047617,3074.177777777778,-13.267388269839103,0.4030779900758913,sell,1.7200902866801806,-1.7813111356280515,False,346
2025-12-04 19:19:35+00:00,3087.593600901745,3073.776666666666,-13.816934235078861,0.0348957077668942,sell,0.16809032939965998,-1.8723752100319728,False,346
2025-12-04 19:19:35+00:00,3087.6156418966584,3073.375555555556,-14.240086341102597,0.0300485561548095,sell,0.1574570286766716,-1.937507152844246,False,346
2025-12-04 19:20:11+00:00,3085.301588369102,3070.968888888889,-14.332699480212796,0.2821236274863213,sell,1.504480521652054,-1.9326379222081893,False,347
2025-12-04 19:20:11+00:00,3085.403912416811,3071.3700000000003,-14.033912416810836,0.0200391260771978,sell,0.10087520558204383,-1.861132395807554,False,347
2025-12-04 19:20:11+00:00,3085.58625433776,3072.1722222222224,-13.414032115537339,0.8102188025,sell,3.576331814847204,-1.7270270625052593,False,347
2025-12-04 19:20:35+00:00,3080.5108009362584,3070.166666666667,-10.34413426959145,0.946452047859685,sell,1.2721586320532097,-1.126587504061776,False,348
2025-12-04 19:20:35+00:00,3078.537897928268,3068.5622222222223,-9.975675706045877,0.0331215893325916,sell,0.03231593005743789,-1.0501521930529316,False,348
2025-12-04 19:20:47+00:00,3078.552644826445,3068.1611111111115,-10.39153371533348,0.0105445612744524,sell,0.014673112526800286,-1.1236915987842175,False,349
2025-12-04 19:20:59+00:00,3077.772456890557,3067.76,-10.012456890556678,0.0674218399529263,sell,0.06826170643434974,-1.0470548137276516,False,350
2025-12-04 19:24:59+00:00,3069.469554836979,3080.53,11.060445163021086,7.139999996567474,buy,14.711578456898023,2.916666583333977,False,351
2025-12-04 19:27:47+00:00,3085.861031278772,3094.9425,9.081468721228248,0.9918133807638436,buy,0.08080176782789565,2.345835985987138,False,352
2025-12-04 19:31:59+00:00,3091.4276368634987,3101.72,10.29236313650108,0.0647772797952903,buy,0.08371576849024945,2.3575870828373184,False,353
2025-12-04 19:31:59+00:00,3091.9330801174124,3101.72,9.786919882587426,1.4237751108872094,buy,1.120396943090263,2.2508411606069667,False,353
2025-12-04 19:32:23+00:00,3091.5772959942724,3106.264,14.686704005727734,0.0169969368283578,buy,0.09665654874692355,3.024405295635473,True,354
2025-12-04 19:33:59+00:00,3111.713634296596,3102.44,-9.273634296595901,5.014778485079787,sell,1.372215383349066,-1.023115714953716,False,355
2025-12-04 19:35:47+00:00,3105.456633563586,3114.843333333333,9.386699769746883,0.1258999996246428,buy,0.048685500865982057,2.014104785526832,False,356
2025-12-04 19:35:47+00:00,3105.6192954412563,3115.692222222222,10.072926780965645,0.3734799708717032,buy,0.40071666290251934,2.1118635218280195,False,356
2025-12-04 19:35:47+00:00,3105.748513157063,3116.541111111111,10.792597954048233,0.0232214214043649,buy,0.04162667249955637,2.212625586847352,False,356
2025-12-04 20:06:35+00:00,3119.921674241571,3109.8975,-10.024174241571018,0.6410417340000001,sell,0.6565384317348202,-1.2725257630723066,False,357
2025-12-04 20:06:35+00:00,3120.133965822346,3111.075,-9.058965822346181,0.0005314505781366,sell,3.133742037617799e-05,-1.1256111797433166,False,357
2025-12-04 20:06:35+00:00,3120.139028153261,3110.48625,-9.652778153260897,0.0200400246385843,sell,0.013081690274877933,-1.2171488497978935,False,357
2025-12-05 02:58:23+00:00,3172.7062085250554,3182.748571428572,10.042362903516732,6.4298421156e-08,buy,6.702228896770985e-08,3.385971644513363,True,358
2025-12-05 03:11:59+00:00,3174.6606107645102,3184.07,9.409389235489925,4.984999992861887,buy,2.040805335995011,3.1782100709148455,True,359
2025-12-05 03:15:23+00:00,3172.179015540318,3183.908,11.728984459682124,4.984999985351241,buy,13.603987491539153,4.438276839804573,True,360
2025-12-05 03:16:47+00:00,3170.064869481233,3182.028,11.963130518766775,4.98499999893884,buy,14.771205632908018,4.270702454781906,True,361
2025-12-05 04:52:47+00:00,3158.010925050371,3168.1980000000003,10.187074949629277,0.1649597165315983,buy,0.19581954719260694,3.2993049711442946,True,362
2025-12-05 05:58:35+00:00,3153.00707802794,3162.1734375,9.166359472059867,0.546399998910733,buy,0.09089881535230127,3.359784060660446,True,363
2025-12-05 05:59:35+00:00,3152.8388279037904,3162.550625,9.711797096209466,0.0198821704570535,buy,0.014152071197672313,3.3045859969757694,True,364
2025-12-05 07:15:59+00:00,3185.3444493402835,3175.15,-10.194449340283427,27.553756013475297,sell,32.91156569262608,-2.858257061693258,False,365
2025-12-05 07:15:59+00:00,3196.774255297691,3175.15,-21.62425529769098,12.531249962243445,sell,158.1976987225417,-6.607086020170511,True,365
2025-12-05 09:18:47+00:00,3133.352548513392,3121.625,-11.727548513391866,2.872322811,sell,7.834399813124597,-4.027916573473961,True,366
2025-12-05 09:18:47+00:00,3132.424668726357,3120.67,-11.754668726357067,0.2594524245432053,sell,0.7147054798666844,-3.8269895727180736,True,366
2025-12-05 09:19:35+00:00,3128.6303453290816,3118.76,-9.870345329081374,0.0008232436292275,sell,0.0007165062473941532,-2.847677222512956,False,367
2025-12-05 11:33:59+00:00,3123.7599941850585,3114.64,-9.119994185058658,0.0225100446676103,sell,0.0027010744655238954,-3.004695900368951,True,368
2025-12-05 12:33:23+00:00,3121.116404611231,3130.3607142857145,9.244309674483702,2.419999995143027,buy,0.5912294110639535,3.1874700316478095,True,369
2025-12-05 12:33:59+00:00,3120.052445086352,3130.84,10.787554913648364,1.2072126162275951,buy,2.1579588439559347,3.8292116120541526,True,370
2025-12-05 12:34:11+00:00,3119.1052419919747,3129.75,10.644758008025292,2.0239692335511914,buy,3.3289396048801345,3.5062835458995085,True,371
2025-12-05 12:34:23+00:00,3118.508541855292,3129.205,10.696458144707776,0.0121781984850379,buy,0.020659804007810447,3.3639733568966417,True,372
2025-12-05 13:07:35+00:00,3116.0309334124254,3125.850769230769,9.819835818343563,9.999999995146307,buy,8.198358179456399,2.8769872635022127,False,373
2025-12-05 13:08:23+00:00,3116.2175640392684,3128.7769230769227,12.559359037654303,0.9999999990246932,buy,3.5593590341828363,3.441925513261149,True,374
2025-12-05 13:09:47+00:00,3121.932165065732,3131.61,9.677834934268049,6.803799990174602,buy,4.61185331911295,2.3399153153399075,False,375
2025-12-05 13:09:47+00:00,3119.2769066954406,3133.893333333333,14.616426637892346,6.060932712456334,buy,34.04078393671286,3.4738329289158414,True,375
2025-12-05 13:40:11+00:00,3110.538136161816,3101.344285714285,-9.193850447531076,2.89339002,sell,0.5608849502589504,-2.5700242483004265,False,376
2025-12-05 13:40:59+00:00,3105.678294239241,3094.59,-11.088294239240895,0.3692485361819837,sell,0.7710995909569698,-2.8576016433049602,False,377
2025-12-05 13:41:11+00:00,3105.0722672035413,3094.106,-10.966267203541065,0.0113961872558505,sell,0.02240794924659149,-2.773337728865113,False,378
2025-12-05 13:41:11+00:00,3105.0650939636166,3093.6220000000003,-11.44309396361632,0.0134813505460412,sell,0.03293620614042884,-2.8321932944302675,False,378
2025-12-05 13:41:23+00:00,3102.3418908828426,3092.654,-9.687890882842566,0.0006534079966999,sell,0.00044947340370628697,-2.3466101568978344,False,379
2025-12-05 13:41:35+00:00,3101.0581930036537,3091.686,-9.372193003653592,0.1806288886367054,sell,0.06722880860830562,-2.219653694366381,False,380
2025-12-05 13:41:35+00:00,3100.9984272232136,3091.202,-9.796427223213414,0.0223852835237195,sell,0.017828249197640898,-2.2869678489590686,False,380
2025-12-05 13:41:59+00:00,3099.4166690167995,3089.75,-9.66666901679946,6.460837539907888,sell,4.307240210431435,-2.1157999721148335,False,381
2025-12-05 13:41:59+00:00,3100.216760645449,3089.75,-10.466760645449085,0.0290128381156399,sell,0.0425548891608058,-2.379312463233516,False,381
2025-12-05 13:41:59+00:00,3101.3233442851088,3089.75,-11.57334428510876,0.0105445612629399,sell,0.027134786464965602,-2.5637250280052717,False,381
2025-12-05 13:47:23+00:00,3032.999532323604,3093.7233333333334,60.723801009729414,188.87779918980823,buy,9769.477700449272,10.67455411940517,True,382
2025-12-05 13:47:23+00:00,2971.6280366115984,3093.8329166666667,122.20488005506832,14.99999997503928,buy,1698.0731980003495,13.193990961958052,True,382
2025-12-05 14:10:47+00:00,3112.64726478923,3103.3278571428573,-9.319407646372838,0.2450582841906601,sell,0.07827348977750477,-0.9811462684090881,False,383
2025-12-05 14:11:11+00:00,3112.723573860871,3102.8342857142857,-9.889288146585386,4.419923476512e-05,sell,3.930585556476593e-05,-1.0372554371190934,False,384
2025-12-05 14:36:23+00:00,3110.3317048393374,3100.8050000000003,-9.526704839337071,0.1307913520500262,sell,0.06888843806818741,-0.9201655943249918,False,385
2025-12-05 14:37:47+00:00,3106.59389714848,3096.7966666666666,-9.797230481813585,2.8950678130976e-05,sell,2.3080363075188027e-05,-0.9412229286320081,False,386
2025-12-05 14:37:47+00:00,3106.767382224476,3095.995,-10.772382224476132,0.6038063978439375,sell,1.0701757265635585,-1.0388011795633314,False,386
2025-12-05 14:41:47+00:00,3088.2210914796774,3098.9,10.678908520322693,8.396014969438799,buy,14.096141068947675,1.1613449600964858,False,387
2025-12-05 14:41:59+00:00,3085.5290732171893,3099.68,14.15092678281053,0.6642288558516319,buy,3.4213942035217655,1.481555876892794,False,388
2025-12-05 14:44:23+00:00,3093.362241339661,3102.38,9.017758660339041,4.783980038364692,buy,0.08495707657007064,0.8776612558155992,False,389
2025-12-05 14:47:11+00:00,3105.851976101115,3094.5,-11.351976101114815,5.787736101179465,sell,13.612616989533537,-1.1917413427232515,False,390
2025-12-05 14:51:59+00:00,3088.056461134975,3099.45,11.393538865024766,1.6638724351923109,buy,3.982543340076197,2.8432049342566543,False,391
2025-12-05 14:51:59+00:00,3087.4919323063937,3099.45,11.958067693606154,0.224657116587784,buy,0.664550958717035,2.924416618151599,False,391
2025-12-05 14:58:23+00:00,3096.6918335328096,3106.0504347826086,9.358601249798994,14.380496613767487,buy,5.156864058427224,2.1416428900885425,False,392
2025-12-05 14:59:23+00:00,3096.817748791564,3108.304347826087,11.486599034522897,9.17133961050274,buy,22.80544422075771,2.4998997354030674,False,393
2025-12-05 15:01:47+00:00,3105.602098731116,3115.39125,9.789151268884325,0.0170951690886903,buy,0.013490674378132039,2.0603388410869306,False,394
2025-12-05 15:03:47+00:00,3127.816334699894,3141.5554545454547,13.739119845560708,1.4576590710967856,buy,6.908021031896364,2.7448969482032495,False,395
2025-12-05 15:03:47+00:00,3129.120171200423,3143.132727272727,14.01255607230405,2.9930666217932607,buy,15.00291426988038,2.756758776515723,False,395
2025-12-05 15:03:59+00:00,3127.1346700764566,3144.71,17.57532992354345,0.8703891971922825,buy,7.4638745278119405,3.3125440395344605,True,396
2025-12-05 15:03:59+00:00,3126.878090924856,3144.71,17.831909075143813,0.0057047200054812,buy,0.050383568387563867,3.439418411073339,True,396
2025-12-05 15:04:11+00:00,3126.025375398448,3148.0057142857145,21.980338887266498,0.0006699999995147,buy,0.008696827048169195,4.032766207773787,True,397
2025-12-05 15:04:11+00:00,3126.4511129736075,3146.907142857143,20.456029883535393,1.4535694539223594,buy,16.65213510192877,3.5953878146566733,True,397
2025-12-05 15:04:47+00:00,3135.9513103669765,3151.3014285714285,15.350118204451974,0.0461328556096332,buy,0.29294908623008614,2.559293400732938,False,398
2025-12-05 15:04:59+00:00,3135.4599237004013,3152.4,16.940076299598786,1.4522345377727393,buy,11.530853034828125,2.791394908972913,False,399
2025-12-05 15:06:47+00:00,3150.076697437414,3137.654705882353,-12.42199155506114,0.1654906937421822,sell,0.566307756426957,-2.237704355950448,False,400
2025-12-05 15:07:11+00:00,3149.1108424128784,3137.08375,-12.027092412878574,0.5080799248000001,sell,1.5380048854979964,-2.128105318946284,False,401
2025-12-05 15:10:23+00:00,3127.955370432869,3137.898571428572,9.943200995702682,9.999999972720618,buy,9.43200993129688,1.624839062223562,False,402
2025-12-05 15:51:47+00:00,3125.860695974321,3115.4533333333334,-10.407362640987685,4.9442382444950016e-05,sell,6.958336193444802e-05,-2.201302477468896,False,403
2025-12-05 15:51:59+00:00,3125.118373624396,3112.38,-12.73837362439599,5.1008947803511e-05,sell,0.0001906905050768373,-2.582321272811637,False,404
2025-12-05 15:55:11+00:00,3097.5481729143075,3106.8235714285715,9.275398514263998,56.46001762886488,buy,15.549004970308504,1.5089239066382092,False,405
2025-12-05 15:55:11+00:00,3080.767248816867,3107.485714285714,26.71846546884717,9.06073599221754,buy,160.54233780044717,4.628493233895463,True,405
2025-12-05 15:58:59+00:00,3097.1635937327,3106.34,9.17640626730008,2.0544710233828094,buy,0.36242156451113844,1.5273372980923958,False,406
2025-12-05 16:04:23+00:00,3098.5250113078346,3088.402,-10.123011307834531,2.655779756487e-06,sell,2.982470697652939e-06,-1.9262146111858172,False,407
2025-12-05 16:05:35+00:00,3087.9809180566035,3078.6335714285715,-9.347346628032028,1.2488848552947271,sell,0.4337959432868908,-1.7474862606449773,False,408
2025-12-05 16:05:47+00:00,3088.250151325801,3077.862857142857,-10.38729418294406,2.9142716940000004,sell,4.042952168604734,-1.949919207158077,False,409
2025-12-05 16:05:47+00:00,3088.288625228924,3077.092142857143,-11.196482371781258,0.1223694362349266,sell,0.26878230953482696,-2.1013285173748453,False,409
2025-12-05 16:05:47+00:00,3088.3285212182177,3075.550714285714,-12.777806932503609,0.0868550888149009,sell,0.32812175664814924,-2.3934279969471803,False,409
2025-12-05 16:06:11+00:00,3089.191635161031,3074.009285714286,-15.18234944674532,2.8048469128229825,sell,17.340543759696484,-2.7783424018760163,False,410
2025-12-05 16:06:23+00:00,3089.960218059976,3073.2385714285715,-16.721646631404383,0.0194341553813604,sell,0.1500636804346709,-2.6989236273412796,False,411
2025-12-05 16:06:23+00:00,3089.951434059129,3071.697142857143,-18.254291201986234,0.0100263656763374,sell,0.09278690766642596,-3.048213255959366,True,411
2025-12-05 16:06:23+00:00,3090.8358133736274,3069.385,-21.45081337362717,2.911833738,sell,36.25469844686919,-3.7896414176405258,True,411
2025-12-05 16:06:23+00:00,3091.707297780917,3070.155714285714,-21.551583495202976,0.0043456746405597,sell,0.054545098093971255,-3.9191120255958607,True,411
2025-12-05 16:06:23+00:00,3091.709888178326,3070.9264285714285,-20.783459606897395,0.0044497551508967,sell,0.05243351008117489,-3.5719314449402266,True,411
2025-12-05 16:07:47+00:00,3080.9509985003256,3064.760714285714,-16.190284214611438,4.789415239055267,sell,34.43725679059855,-2.4809206360568665,False,412
2025-12-05 16:08:11+00:00,3081.200731600302,3064.7372727272727,-16.46345887302914,0.0161362778121168,sell,0.12043244581450635,-2.3461831537436715,False,413
2025-12-05 16:08:11+00:00,3080.31172311073,3066.6054545454544,-13.706268565275423,0.0050261536466721,sell,0.023654428911577336,-2.0173647042065657,False,413
2025-12-05 16:08:11+00:00,3080.3254527714166,3066.231818181818,-14.093634589598423,0.0417111993423944,sell,0.21246160774405512,-2.061325339395916,False,413
2025-12-05 16:08:11+00:00,3080.422199586253,3065.858181818181,-14.564017768072063,0.520071242252175,sell,2.893685632554412,-2.117172488148245,False,413
2025-12-05 16:08:11+00:00,3080.8662919094745,3065.484545454545,-15.381746454929726,0.9737971498076792,sell,6.214526508605828,-2.2263794453431034,False,413
2025-12-05 16:08:11+00:00,3081.175877037764,3065.110909090909,-16.064967946855177,0.0674069012248905,sell,0.4762275965506843,-2.3102250459306917,False,413
2025-12-05 16:08:47+00:00,3077.4784718301794,3067.352727272727,-10.125744557452435,10.389827412500065,sell,11.696291662492067,-1.2994504917527137,False,414
2025-12-05 16:09:47+00:00,3072.722863314096,3062.442857142857,-10.28000617123871,0.1043642066873961,sell,0.1335868286162993,-1.303769079904744,False,415
2025-12-05 16:09:47+00:00,3072.764614750661,3061.311428571428,-11.453186179232944,0.0053557597353858,sell,0.013138675762140731,-1.4819780624736505,False,415
2025-12-05 16:10:11+00:00,3071.88236371481,3061.0325,-10.849863714809999,0.0804418033447003,sell,0.14880637316124268,-1.3643130216746613,False,416
2025-12-05 16:10:23+00:00,3071.907210118263,3061.885,-10.022210118262592,0.0029815522974886,sell,0.0030477729266219244,-1.2236033710642542,False,417
2025-12-05 16:12:47+00:00,3068.8677523213937,3059.372,-9.495752321393866,5.4447442342084e-05,sell,2.6992445935046798e-05,-1.1414247775319206,False,418
2025-12-05 16:15:59+00:00,3060.8962055545094,3051.89,-9.006205554509506,0.1274549160772098,sell,0.0007909284292216799,-1.0293838522700567,False,419
2025-12-05 16:17:59+00:00,3053.395080065729,3069.41,16.014919934270893,1.499999998985197,buy,10.522379894287578,2.908135206340388,False,420
2025-12-05 16:22:35+00:00,3076.637385108784,3066.206363636364,-10.43102147242007,0.0010586931744914,sell,0.0015150126654017617,-1.232099783214439,False,421
2025-12-05 16:22:35+00:00,3076.3366230405627,3066.283636363637,-10.052986676925684,1.0115662537360002,sell,1.0651657880116343,-1.1764083064588713,False,421
2025-12-05 16:22:47+00:00,3075.456377582194,3066.360909090909,-9.095468491284919,0.8829873331303407,sell,0.08429746851764768,-1.0089672903995273,False,422
2025-12-05 16:22:47+00:00,3076.438305973768,3066.592727272727,-9.845578701040722,2.4277182768454595,sell,2.052826867027804,-1.1309530821569693,False,422
2025-12-05 16:22:47+00:00,3077.02405065077,3066.5154545454548,-10.508596105315064,1.30333385211982,sell,1.96620437323324,-1.23993490251503,False,422
2025-12-05 16:31:23+00:00,3063.293297427574,3052.36,-10.933297427573962,0.000321818678227,sell,0.0006221712227615115,-1.302406523715149,False,423
2025-12-05 16:31:35+00:00,3063.2934194165346,3048.48,-14.813419416534543,0.088803331171525,sell,0.5162510096854908,-1.9247227243460703,False,424
2025-12-05 16:33:59+00:00,3053.2736126449104,3043.67,-9.6036126449103,0.0178529777921804,sell,0.010776283144662849,-1.0817595804717604,False,425
2025-12-05 16:39:47+00:00,3035.3567889800715,3021.886923076924,-13.469865903147365,0.4736338242737759,sell,2.117079681698642,-1.7752259962918469,False,426
2025-12-05 16:39:47+00:00,3034.948036666773,3018.619230769231,-16.328805897542225,0.0095325724363222,sell,0.0698623730900666,-2.317061420566383,False,426
2025-12-05 16:39:47+00:00,3034.558271824405,3019.708461538461,-14.849810285943931,1.3067114264429758,sell,7.644013943166587,-2.0438053566332073,False,426
2025-12-05 16:39:47+00:00,3035.083627313304,3020.7976923076926,-14.285935005611464,0.4489815021032144,sell,2.373287038839398,-1.9342461851120616,False,426
2025-12-05 16:39:47+00:00,3035.634957525836,3024.0653846153846,-11.56957291045137,0.4657218673460896,sell,1.1967062941373385,-1.450198786607354,False,426
2025-12-05 16:40:11+00:00,3029.6603291777456,3017.321111111112,-12.339218066633748,2.970630045,sell,9.919581515549025,-1.5569979547765678,False,427
2025-12-05 16:40:35+00:00,3026.6146875860222,3015.858888888889,-10.755798697133287,0.2825545324641507,sell,0.4961088799696607,-1.2690959748220298,False,428
2025-12-05 16:40:35+00:00,3025.6546711884307,3016.067777777778,-9.58689341065292,2.9745628560000004,sell,1.7457513397593294,-1.0694758378532212,False,428
2025-12-05 16:48:11+00:00,3019.6417914897,3010.3336363636363,-9.308155126063866,2.980485972,sell,0.9184520304332447,-1.0474902706841578,False,429
2025-12-05 16:48:35+00:00,3018.212601096767,3008.806363636364,-9.406237460402735,2.981897298,sell,1.2113583855212988,-1.0577266053942438,False,430
2025-12-05 16:56:47+00:00,3025.7747658166822,3034.9775,9.202734183317716,0.0183341263952364,buy,0.003716954141582033,2.1186342609085487,False,431
2025-12-05 16:57:11+00:00,3025.88617176616,3036.370909090909,10.484737324749403,1.176171352778513,buy,1.746305507771256,2.3148041190983295,False,432
2025-12-05 17:01:23+00:00,3007.9228356619824,3033.25,25.32716433801761,65.94999999770349,buy,1076.7764880547659,4.547438540763785,True,433
2025-12-05 17:01:23+00:00,3006.025240920598,3033.73,27.70475907940181,3.7109764745633615,buy,69.41292090603555,5.03436911372395,True,433
2025-12-05 17:01:23+00:00,3014.0461513097644,3034.21,20.16384869023568,1.023960420997155,buy,11.431339204802265,3.8877273570434516,True,433
2025-12-05 17:06:47+00:00,3034.895240651487,3019.38,-15.515240651486693,5.52987960974803,sell,36.028496431257736,-2.2454013229750562,False,434
2025-12-05 17:06:47+00:00,3033.254166006252,3020.12,-13.134166006252144,0.0181944327707506,sell,0.07521880546387713,-1.8520521737386633,False,434
2025-12-05 17:06:47+00:00,3033.472540298249,3022.34,-11.132540298248841,2.3693295701609847,sell,5.052690788200906,-1.5258398123551482,False,434
2025-12-05 17:06:47+00:00,3032.774658938029,3021.6000000000004,-11.174658938028642,0.0003140098118379,sell,0.0006828642439419813,-1.5281766122093687,False,434
2025-12-05 17:07:23+00:00,3028.1693913261724,3017.4461538461537,-10.723237480018724,10.502550024479246,sell,18.09838783795421,-1.4315098067667678,False,435
2025-12-05 17:07:35+00:00,3025.972744101234,3015.857692307692,-10.11505179354208,5.934664036881097,sell,6.617457778393945,-1.3298547204306455,False,436
2025-12-05 17:07:35+00:00,3025.237243037408,3015.630769230769,-9.60647380663886,1.6018388773154737,sell,0.9714733215476331,-1.2396953890601063,False,436
2025-12-05 17:19:47+00:00,3013.334596201774,3022.702222222222,9.36762602044837,0.1341999997311025,buy,0.04933541184531749,2.134539897158123,False,437
2025-12-05 17:19:59+00:00,3013.282912673012,3023.72,10.437087326987694,0.0408999999574131,buy,0.05877687161259558,2.310878214438277,False,438
2025-12-05 17:51:47+00:00,3023.543513962937,3035.0675,11.523986037062969,0.0306476604593479,buy,0.07735426706804094,2.1933723364621462,False,439
2025-12-05 18:06:47+00:00,3040.173608019424,3052.36875,12.195141980575954,0.0022003286201665,buy,0.007030362345356747,3.143263995269129,True,440
2025-12-05 18:07:11+00:00,3043.5393738169137,3054.601764705882,11.062390888968366,0.149999999647602,buy,0.3093586326184725,2.799986261355802,False,441
2025-12-05 18:07:11+00:00,3043.4886775403784,3055.0235294117647,11.534851871386309,0.0206922974495489,buy,0.05245190891327117,2.880298162088631,False,441
2025-12-05 18:07:11+00:00,3043.480841212018,3055.445294117647,11.96445290562906,0.0056942983722212,buy,0.01688047935504996,2.9449993110315953,False,441
2025-12-05 18:07:23+00:00,3047.0113911332523,3056.710588235294,9.69919710204158,1.4925485661898252,buy,1.0435856321362418,2.3665645815313088,False,442
2025-12-05 18:07:23+00:00,3046.5439808579063,3057.132352941176,10.58837208326986,0.0786582325762185,buy,0.12493854074341335,2.633148522294236,False,442
2025-12-05 18:07:23+00:00,3046.478557461207,3055.867058823529,9.388501362322131,0.1412827797346086,buy,0.05488855239955302,2.259957918508047,False,442
2025-12-05 18:07:35+00:00,3046.169920183281,3057.975882352941,11.805962169659779,0.896476784799875,buy,2.51547994412668,2.8700416706962613,False,443
2025-12-05 18:07:35+00:00,3045.877460140376,3057.554117647059,11.676657506682659,0.0870053501718307,buy,0.23288352365898402,2.8804234758592653,False,443
2025-12-05 18:07:35+00:00,3045.809579140571,3058.397647058824,12.588067918253273,0.1412827797729307,buy,0.506932209504895,3.0271362901510575,True,443
2025-12-05 18:07:47+00:00,3045.7099571686986,3060.506470588235,14.796513419536495,0.0624763824119646,buy,0.36214518905504667,3.2910787355394664,True,444
2025-12-05 18:07:47+00:00,3045.6539104985563,3060.9282352941177,15.27432479556137,0.1260532773197317,buy,0.7908992034489662,3.339525070623869,True,444
2025-12-05 18:07:47+00:00,3045.748046334612,3060.084705882353,14.336659547740965,0.0656350032763142,buy,0.35027166690055167,3.242527996935428,True,444
2025-12-05 18:07:47+00:00,3045.614395218264,3058.819411764706,13.205016546442039,0.0068698811749937,buy,0.028887964012939183,3.138499283190646,True,444
2025-12-05 18:07:47+00:00,3045.609145143166,3059.241176470588,13.632031327421828,0.0105804479381037,buy,0.04900896630745202,3.189188870685956,True,444
2025-12-05 18:07:47+00:00,3045.602902586263,3059.6629411764707,14.060038590207569,0.0105804479542084,buy,0.05353747494997722,3.236003561580296,True,444
2025-12-05 18:07:59+00:00,3050.939678742764,3061.35,10.410321257235864,0.016023454131399,buy,0.02259821797585584,2.1432920941442055,False,445
2025-12-05 18:07:59+00:00,3050.489329145813,3061.35,10.860670854186992,1.4910102597453114,buy,2.7742793336018776,2.229158202027582,False,445
2025-12-05 18:07:59+00:00,3050.0128231689123,3061.35,11.337176831087618,0.1037905160907149,buy,0.24257678949384542,2.291036141122852,False,445
2025-12-05 18:20:59+00:00,3040.085648211364,3030.54,-9.545648211364096,0.0600300366890557,sell,0.0327552821475043,-2.446429338857187,False,446
2025-12-05 18:20:59+00:00,3040.108310060367,3030.54,-9.568310060366912,0.01644678245,sell,0.009346871927000965,-2.4216145928829844,False,446
2025-12-05 18:34:23+00:00,3032.189189805871,3023.128888888889,-9.060300916982214,1.0405857644397207,sell,0.06274827579435371,-2.210875620747991,False,447
2025-12-05 19:10:23+00:00,2995.7947430033514,3004.8436363636365,9.048893360285092,0.8215999997157504,buy,0.040170784796333715,2.6583913261035095,False,448
2025-12-05 19:10:23+00:00,2996.048086739571,3005.0545454545454,9.006458714974542,0.0029766458153564,buy,1.922530690155043e-05,2.6975424117943474,False,448
2025-12-05 19:10:47+00:00,2996.685297468708,3006.109090909092,9.423793440384088,0.3741437747724351,buy,0.1585596775090997,2.672442805477813,False,449
2025-12-05 19:17:35+00:00,3011.441505225672,3020.880769230769,9.439264005097357,0.0599369915327224,buy,0.026328162954150008,2.4901530768149436,False,450
2025-12-05 20:18:11+00:00,3067.1989144226072,3043.5,-23.69891442260723,3.9775705262000016e-08,sell,5.846596877449864e-07,-8.089714873913673,True,451
2025-12-05 21:23:59+00:00,3037.6000636340764,3027.89,-9.710063634076505,3.205620398345176,sell,2.276194469518749,-3.15870487953537,True,452
2025-12-05 22:12:59+00:00,3020.858499287342,3011.74,-9.118499287342274,1.0450009494799998e-05,sell,1.2383186778537998e-06,-3.077728925272942,True,453
2025-12-06 00:36:35+00:00,3012.492907499667,3023.972,11.479092500333081,4.984999987091807,buy,12.358276082159804,4.419249886587979,True,454
2025-12-06 01:11:35+00:00,3019.216203080259,3028.688275862069,9.472072781809857,27.34215407587541,buy,12.907486735272215,3.1593805520189724,True,455
2025-12-06 12:18:35+00:00,3024.62991528184,3034.9266666666667,10.29675138482662,4.984999994815904,buy,6.464305646638221,5.182575754729774,True,456
2025-12-06 13:46:11+00:00,3026.4344675173925,3037.4328571428573,10.998389625464824,0.0476349765862463,buy,0.09519324301921442,3.9938570728031877,True,457
2025-12-06 14:16:23+00:00,3049.338014636396,3058.38375,9.045735363603853,1.4085309635678902,buy,0.06441967576606335,2.730362781796943,False,458
2025-12-06 14:17:11+00:00,3048.7907309981265,3059.3625,10.57176900187369,0.0092685748197446,buy,0.01456805859322159,3.0263545640075256,True,459
2025-12-06 15:33:47+00:00,3032.679575867752,3041.916153846153,9.236577978400874,3.084523142647999,buy,0.7297302494183734,3.0543893587070814,True,460
2025-12-06 15:37:23+00:00,3031.8860147414603,3042.9430769230767,11.057062181616402,9.41759999062327,buy,19.37258878230211,3.2780508097882564,True,461
2025-12-06 19:02:11+00:00,3046.737752319129,3037.67,-9.067752319128886,1.8442961852305269,sell,0.12495534370992492,-3.70930537193382,True,462
2025-12-06 19:06:47+00:00,3047.286341994052,3036.09,-11.196341994051636,0.0015707591813862,sell,0.003449924352620682,-3.971480728839247,True,463
2025-12-07 13:16:35+00:00,3044.032400498229,3034.07,-9.962400498228817,0.0002559900478958,sell,0.00024636494963653667,-2.3348108565992978,False,464
2025-12-07 13:17:47+00:00,3044.58276931169,3032.96,-11.622769311689808,2.235183499885109,sell,5.8623706894940835,-2.5513469067561814,False,465
2025-12-07 13:20:23+00:00,3045.441207944776,3031.85,-13.591207944776215,1.2411957821214796,sell,5.698587935898866,-2.6251180585515663,False,466
2025-12-07 14:04:59+00:00,3024.550180050413,3033.69,9.139819949587036,4.369843560598391,buy,0.6109913063461001,2.6509870961553244,False,467
2025-12-07 14:23:23+00:00,3009.209737558363,2980.8675,-28.342237558363195,4.3459250569258e-05,sell,0.0008405991486190191,-6.852180776124375,True,468
2025-12-07 14:23:59+00:00,3010.0382940984823,2971.37,-38.66829409848242,2.989995183,sell,88.70805644228976,-6.123731583663662,True,469
2025-12-07 14:23:59+00:00,3009.25161910376,2971.37,-37.88161910375993,0.228948156952456,sell,6.61239346360868,-7.144798687832206,True,469
2025-12-07 14:24:35+00:00,2998.813147725272,2957.958888888889,-40.854258836382996,0.6116784306456046,sell,19.484563054417634,-4.686513320321937,True,470
2025-12-07 14:24:35+00:00,2997.95987631233,2960.641111111111,-37.318765201218866,2.759213585998712,sell,78.13752168191066,-3.787789146011485,True,470
2025-12-07 14:24:47+00:00,2996.223673538372,2952.5944444444444,-43.629229093927734,0.2031453667413274,sell,7.034767444255395,-3.9382057133749893,True,471
2025-12-07 14:24:47+00:00,2999.3788976160185,2949.912222222222,-49.46667539379632,0.0748436431884033,sell,3.0286734141942313,-4.191227469031072,True,471
2025-12-07 14:24:59+00:00,2969.406654587596,2947.23,-22.176654587596204,0.9308548284316712,sell,12.265552545440258,-1.588033007201804,False,472
2025-12-07 14:24:59+00:00,2970.586738380512,2947.23,-23.35673838051207,1.336026563278768,sell,19.180983838407926,-1.6694851112081017,False,472
2025-12-07 14:24:59+00:00,2969.762037363194,2947.23,-22.532037363193922,0.4767758177881368,sell,6.451748180176405,-1.5761799247544857,False,472
2025-12-07 14:24:59+00:00,2970.965882369603,2947.23,-23.735882369603132,0.1663573741903084,sell,2.451422697384437,-1.6591466839197706,False,472
2025-12-07 14:25:11+00:00,2969.9362236192337,2948.3385714285714,-21.597652190662302,0.3671704642435467,sell,4.625485803224211,-1.3176221904187366,False,473
2025-12-07 14:25:11+00:00,2969.626311668352,2947.969047619048,-21.657264049304104,0.1687694623497705,sell,2.1361596484201324,-1.3586499699491283,False,473
2025-12-07 14:25:11+00:00,2985.918946698698,2949.447142857143,-36.47180384155536,0.6475093331443654,sell,17.788249385718327,-2.689115548789257,False,473
2025-12-07 14:25:11+00:00,2973.833509568159,2948.708095238095,-25.125414330063904,15.062781040659106,sell,242.89358524365923,-1.6963390179710374,False,473
2025-12-07 14:25:11+00:00,2978.3839939523555,2949.077619047619,-29.306374904736458,29.171365353634062,sell,592.3646813539333,-2.013905032544052,False,473
2025-12-07 14:26:11+00:00,2940.3108603668898,2955.3225,15.011639633110462,28.831594373807803,buy,173.3251554233476,1.4034256968006347,False,474
2025-12-07 14:26:59+00:00,2944.67732817718,2957.65,12.972671822820303,15.484923414758734,buy,61.516518928342364,1.1964270337287939,False,475
2025-12-07 14:27:11+00:00,2946.8036087558903,2956.893076923077,10.089468167186624,16.2553768913102,buy,17.70971566870352,0.9655590674702077,False,476
2025-12-07 14:27:11+00:00,2942.5748687121672,2956.136153846154,13.56128513398653,1.046068947549723,buy,4.771418739583487,1.214703360249149,False,476
2025-12-07 14:28:35+00:00,2956.431736607618,2944.2433333333333,-12.18840327428461,1.7142050287334685,sell,5.465576926408935,-0.7637004023705876,False,477
2025-12-07 14:28:35+00:00,2956.867933856272,2942.8288888888887,-14.039044967383234,0.0247610524506972,sell,0.12477205673879802,-0.9034803870970922,False,477
2025-12-07 14:28:47+00:00,2957.403158938946,2941.4144444444446,-15.988714494501437,2.10862171231242,sell,14.736555124258249,-1.0513948555093835,False,478
2025-12-07 14:29:11+00:00,2954.824134082804,2939.95,-14.874134082804176,0.011282005455241,sell,0.0662720127670138,-0.9452923709624647,False,479
2025-12-07 14:29:23+00:00,2954.1550119343133,2939.8,-14.355011934313097,0.07108631712,sell,0.38066807654396545,-0.8960531211161417,False,480
2025-12-07 14:30:59+00:00,2956.465221798752,2937.93,-18.53522179875199,43.48362089704669,sell,414.6259698661872,-1.2039511014559128,False,481
2025-12-07 14:31:59+00:00,2942.403929003736,2933.07,-9.333929003735648,0.0070750449300306,sell,0.0023625627048700637,-0.47254812368867494,False,482
2025-12-07 14:31:59+00:00,2942.3878516667664,2933.07,-9.317851666766273,0.0122983117196808,sell,0.0039090388785117365,-0.47004652709718914,False,482
2025-12-07 14:31:59+00:00,2942.0727384353795,2933.07,-9.002738435379342,1.1896374804999998,sell,0.0032577453651927916,-0.4433072154927957,False,482
2025-12-07 14:34:23+00:00,2936.5461332821765,2945.685,9.138866717823475,1.7397515605483875,buy,0.24159358904162406,1.016917328167107,False,483
2025-12-07 14:35:47+00:00,2944.2001381518808,2955.73,11.529861848119253,1.4047862689104458,buy,3.553915186478331,1.1935630536800526,False,484
2025-12-07 14:36:59+00:00,2958.340536152953,2949.1,-9.240536152953155,1.5211230570000005,sell,0.3658850882991223,-0.5432606955267626,False,485
2025-12-07 14:44:47+00:00,2959.82666047467,2947.07,-12.756660474669843,10.102016455316637,sell,37.949845932152364,-0.9064375478522515,False,486
2025-12-07 14:45:59+00:00,2956.3688588698537,2946.08,-10.288858869853811,6.742539896263166,sell,8.69018235064198,-0.685764915051024,False,487
2025-12-07 15:06:11+00:00,2940.3827488579195,2951.11,10.727251142080604,2.290651827084793,buy,3.956530984441231,1.2260908474758152,False,488
2025-12-07 15:09:11+00:00,2950.2671548041026,2960.0040000000004,9.736845195897786,0.8580054314328971,buy,0.6322171802055372,1.1280344705978411,False,489
2025-12-07 15:10:35+00:00,2958.242720756415,2969.774,11.531279243584777,2.1604645041992336,buy,5.468738955981196,1.289808363236,False,490
2025-12-07 15:15:59+00:00,2970.474699382762,2957.02,-13.4546993827621,3.9520110564952233,sell,17.60502121403827,-1.151420428155776,False,491
2025-12-07 15:15:59+00:00,2967.868845768175,2957.02,-10.848845768175124,6.373053191676461,sell,11.782792423785994,-0.8921437622196485,False,491
2025-12-07 15:15:59+00:00,2971.473023985817,2957.02,-14.453023985816799,0.0004925062378782,sell,0.0026856483283142184,-1.2437591056532133,False,491
2025-12-07 15:38:59+00:00,2981.4067756541576,2971.92,-9.486775654157555,0.0335412131,sell,0.016327045947990438,-2.21096674598247,False,492
2025-12-07 15:38:59+00:00,2981.0158269910703,2971.92,-9.095826991070226,1.5103684030234057,sell,0.14473405946927484,-2.10275509828116,False,492
2025-12-07 15:53:35+00:00,2980.607834580748,2991.24,10.632165419251578,0.0187193036107174,buy,0.030553000025884142,2.3538178201901574,False,493
2025-12-07 15:54:11+00:00,2990.389611463044,3002.5177777777776,12.12816631473379,0.4499999999470404,buy,1.4076748414645388,2.530078730307293,False,494
2025-12-07 15:54:23+00:00,2990.3903626273545,3010.6144444444444,20.224081817089882,0.1721902566418101,buy,1.9326775286533808,4.071568271005508,True,495
2025-12-07 15:54:23+00:00,2989.3749989630605,3009.265,19.89000103693934,3.582451887339255,buy,39.012904767909774,3.8815219880317766,True,495
2025-12-07 15:54:23+00:00,2989.27120671199,3005.2166666666667,15.945459954676608,1.5266403181327963,buy,10.603219194786094,2.917694594398113,False,495
2025-12-07 15:54:35+00:00,2989.68590948803,3013.313333333333,23.62742384530293,7.032185905308116,buy,102.8627637959071,4.241621526345497,True,496
2025-12-07 15:54:35+00:00,2992.095601523719,3018.7111111111108,26.615509587391898,2.539945768487423,buy,44.74243903624568,4.29448211826124,True,496
2025-12-07 15:54:59+00:00,2995.8164082937787,3021.41,25.593591706221105,1.5225740383730149,buy,25.26497193525403,3.893993120526833,True,497
2025-12-07 15:54:59+00:00,2995.394772242942,3021.41,26.0152277570578,0.1139460288048862,buy,1.9388176321274075,3.850550712814172,True,497
2025-12-07 15:54:59+00:00,2995.4278179192897,3021.41,25.982182080710118,0.0172383673180507,buy,0.29274509256929954,3.6690263825699345,True,497
2025-12-07 15:55:11+00:00,2995.3649752326896,3020.426,25.0610247673103,0.0037752317642432,buy,0.060634090867846595,3.4476679135866655,True,498
2025-12-07 15:55:59+00:00,3022.573540377929,3011.57,-11.003540377928857,0.000190459882054,sell,0.0003815940640707567,-1.886907928420407,False,499
2025-12-07 15:55:59+00:00,3020.6309425646573,3011.57,-9.060942564657125,7.93163334136347,sell,0.4833740777426543,-1.652877884745876,False,499
2025-12-07 15:56:59+00:00,3010.3392811917884,3021.95,11.610718808211459,1.5200671374784045,buy,3.968467865559024,1.4467727696335335,False,500
2025-12-07 15:56:59+00:00,3011.7191352412297,3021.95,10.230864758770167,4.126728992942601,buy,5.079445286408149,1.2390677197088564,False,500
2025-12-07 15:57:35+00:00,3031.790463453376,3021.1142857142854,-10.67617773909069,2.3694882128553387,sell,3.9716833954259014,-1.8040425533590598,False,501
2025-12-07 17:15:23+00:00,3038.076030684155,3047.9442857142853,9.868255030130513,0.0292201442963917,buy,0.025370537266481506,2.6048172878121205,False,502
2025-12-07 17:15:59+00:00,3040.4100905130085,3060.43,20.01990948699131,0.00989752997265,buy,0.10906988444338657,4.686355314032101,True,503
2025-12-07 17:17:23+00:00,3057.1450884220367,3073.007777777778,15.862689355741168,0.0485463730727298,buy,0.33315867774606245,3.2376936391669373,True,504
2025-12-07 17:17:23+00:00,3057.127639285548,3071.0066666666667,13.879027381118703,0.0215452397713407,buy,0.10511981477713896,2.7028939793386364,False,504
2025-12-07 17:17:47+00:00,3057.1141997543486,3075.008888888889,17.894689134540386,0.0325552287212552,buy,0.2895686391794257,3.4538149056785277,True,505
2025-12-07 17:17:59+00:00,3057.0986949065305,3077.01,19.911305093469764,0.0298036184280879,buy,0.32519637355822484,3.579830924005526,True,506
2025-12-07 17:17:59+00:00,3056.7217951129387,3077.01,20.28820488706151,1.4861143082313648,buy,16.77556279690933,3.8078140895636094,True,506
2025-12-07 17:19:35+00:00,3066.5143083342973,3075.6432,9.128891665702668,0.0303884641094722,buy,0.003916819757215601,1.2783979950723494,False,507
2025-12-07 17:19:47+00:00,3066.4951252938936,3075.5628,9.067674706106573,0.0070097541726696,buy,0.0004743830535147358,1.2468993373939543,False,508
2025-12-07 17:20:23+00:00,3067.2394339613293,3076.367142857143,9.127708895813612,0.0128260270666877,buy,0.0016379977543621858,1.2194751852660597,False,509
2025-12-07 17:20:35+00:00,3067.1456677130263,3076.5950000000003,9.449332286973913,1.478697631724072,buy,0.6644265886054865,1.279292516896577,False,510
2025-12-07 17:22:35+00:00,3075.788924710928,3085.85125,10.062325289072305,0.1119203165192335,buy,0.11889578259935861,1.358613915290144,False,511
2025-12-07 17:22:35+00:00,3076.184745258296,3087.0775000000003,10.892754741704266,1.482579952660501,buy,2.8061602353538495,1.5331396772106072,False,511
2025-12-07 17:22:59+00:00,3079.3121304463625,3089.53,10.217869553637684,1.7000044822481772,buy,2.070383699977649,1.3685870925560537,False,512
2025-12-07 17:22:59+00:00,3079.776143637606,3089.53,9.753856362394345,0.1646830507625622,buy,0.12414736559586835,1.2573123071900534,False,512
2025-12-07 17:23:11+00:00,3078.5210661657297,3090.1000000000004,11.578933834270629,1.4818751734844906,buy,3.8216580230648103,1.6329372342755988,False,513
2025-12-07 17:23:11+00:00,3080.612959295248,3090.67,10.057040704752126,0.0599723793417611,buy,0.06339324612507698,1.312737803472767,False,513
2025-12-07 17:23:11+00:00,3080.5581355229942,3089.815,9.25686447700582,0.020084829851619,buy,0.0051590793155869945,1.128166031608334,False,513
2025-12-07 17:23:35+00:00,3078.420676485837,3091.81,13.389323514163152,8.572605019378162,buy,37.62793678918963,1.9959345091684502,False,514
2025-12-07 17:29:23+00:00,3099.5071541863285,3109.4871428571428,9.979988670814237,0.0111304108310911,buy,0.010907676515977351,1.3472821049054238,False,515
2025-12-07 17:29:35+00:00,3099.1472333787133,3112.075714285714,12.928480907000903,1.4663953438718915,buy,5.76070611051575,2.032196273649998,False,516
2025-12-07 17:32:35+00:00,3107.2027099679726,3116.284,9.081290032027482,1.3619782083813965,buy,0.11071525218005639,1.1493610510327406,False,517
2025-12-07 17:32:47+00:00,3106.582238874056,3117.882,11.29976112594386,1.186982304816265,buy,2.729775761799692,1.6464628092001328,False,518
2025-12-07 17:32:59+00:00,3108.2206496373246,3119.48,11.259350362675377,0.0287443833855311,buy,0.06494363302697978,1.6219108477385107,False,519
2025-12-07 17:32:59+00:00,3107.8563070702257,3119.48,11.623692929774279,1.4674361989081974,buy,3.85010197997028,1.6857516881469221,False,519
2025-12-07 17:33:11+00:00,3110.880442782812,3120.9866666666667,10.106223883854454,1.4776610710529097,buy,1.6346239690406827,1.3232616287741614,False,520
2025-12-07 17:33:11+00:00,3107.587536382508,3119.9822222222224,12.394685839714384,1.1266610722978017,buy,3.8246603882867714,1.8465046914983643,False,520
2025-12-07 17:33:35+00:00,3112.5607869893315,3121.991111111111,9.43032412177945,1.4786976313005178,buy,0.6363192595667473,1.1640855921782813,False,521
2025-12-07 17:34:11+00:00,3116.376557563445,3126.0729411764705,9.696383613025318,0.5071158387982534,buy,0.35314716004469265,1.2096364245583942,False,522
2025-12-07 17:34:11+00:00,3116.249590626082,3127.109411764706,10.859821138623829,0.0099978747189311,buy,0.018594258743580835,1.4656248783466648,False,522
2025-12-07 17:34:23+00:00,3116.682732802541,3128.145882352941,11.463149550399976,1.4559168689973567,buy,3.58614098129058,1.5934084029171731,False,523
2025-12-07 17:34:23+00:00,3116.321686843489,3127.627647058824,11.30596021533529,0.0161394467754528,buy,0.03721692216171559,1.5466049154295554,False,523
2025-12-07 17:34:47+00:00,3121.527866025972,3131.7735294117647,10.245663385792795,2.783090043677899,buy,3.4667933667740307,1.298111537033112,False,524
2025-12-07 17:34:47+00:00,3120.837534175707,3132.291764705882,11.45423053017521,0.0312874162562871,buy,0.07678653218647996,1.5630234600236212,False,524
2025-12-07 17:34:47+00:00,3121.64124084153,3130.7370588235294,9.095817981999517,0.2700215985654933,buy,0.025872924670829144,1.0438332813982798,False,524
2025-12-07 17:34:59+00:00,3120.892301058923,3132.81,11.917698941077106,0.0099999999966069,buy,0.029176989400871014,1.5957531590303289,False,525
2025-12-07 17:34:59+00:00,3120.9904440703126,3132.81,11.81955592968734,0.1299999997663752,buy,0.36654227020063596,1.608211775807717,False,525
2025-12-07 17:34:59+00:00,3121.4483672750835,3132.81,11.36163272491649,0.2862238912444149,buy,0.6759557082157485,1.4580659173256332,False,525
2025-12-07 17:34:59+00:00,3120.8997034527342,3132.81,11.910296547265716,0.0199999999778734,buy,0.058205930880919354,1.5858680756918768,False,525
2025-12-07 17:34:59+00:00,3120.884957139764,3132.81,11.925042860235862,0.0199999999542452,buy,0.058500857070882505,1.6057802908864822,False,525
2025-12-07 17:34:59+00:00,3121.0403945709154,3132.81,11.76960542908455,0.006285840783774,buy,0.01740929876110155,1.6056949278230452,False,525
2025-12-07 17:34:59+00:00,3120.9315828473336,3132.81,11.878417152666316,0.1099999999637266,buy,0.31662588668888475,1.6126587794021947,False,525
2025-12-07 17:34:59+00:00,3120.877603515289,3132.81,11.932396484710807,0.0099999999887362,buy,0.029323964814078143,1.6159688392303475,False,525
2025-12-07 17:34:59+00:00,3121.03064396734,3132.81,11.779356032659962,0.0339682422551405,buy,0.09440983903067977,1.616539019089086,False,525
2025-12-07 17:34:59+00:00,3121.5467888648186,3132.81,11.263211135181336,0.1149912287973539,buy,0.26024942946235613,1.5092771567789975,False,525
2025-12-07 17:35:47+00:00,3127.9358904015303,3118.17125,-9.764640401530414,3.4146034462454837,sell,2.610943750204283,-3.097741631826199,True,526
2025-12-07 17:35:59+00:00,3130.810922044292,3116.08,-14.730922044292129,8.180692009109345,sell,46.88290817256921,-3.968075587184603,True,527
2025-12-07 17:47:11+00:00,3109.2269306461685,3118.4075,9.180569353831288,3.26203106599626,buy,0.5890228417645323,1.0574525286141754,False,528
2025-12-07 18:23:23+00:00,3126.9316718119235,3137.4425,10.51082818807663,0.0217327137694128,buy,0.03283439656622997,1.6565940591942097,False,529
2025-12-07 18:25:11+00:00,3137.972318728643,3148.1175000000003,10.14518127135716,0.1135644396456565,buy,0.13005186937437635,1.5440249302083957,False,530
2025-12-07 18:25:11+00:00,3138.070386774424,3148.374375,10.303988225575722,0.2204190954145482,buy,0.2874239051126225,1.5951602463154597,False,530
2025-12-07 18:25:11+00:00,3138.832363400652,3148.203125,9.370761599348043,2.375458850858124,buy,0.8807289227296227,1.401562141419262,False,530
2025-12-07 18:25:23+00:00,3137.5137972953617,3148.031875,10.518077704638472,1.4482942745676886,buy,2.1986232479767573,1.5524285100339563,False,531
2025-12-07 18:25:23+00:00,3136.973553568786,3147.775,10.801446431214117,0.0199999999772469,buy,0.03602892858329385,1.6583585652447894,False,531
2025-12-07 18:25:23+00:00,3137.076942352089,3147.60375,10.526807647911028,0.0399999994599802,buy,0.06107230509193475,1.59499230808535,False,531
2025-12-07 18:25:23+00:00,3137.0223243558617,3147.689375,10.667050644138271,0.1460896935421401,buy,0.2435389177213873,1.6119026829040808,False,531
2025-12-07 18:25:23+00:00,3136.9647068915697,3147.8606250000003,10.895918108430578,0.009999999978031,buy,0.018959181042654358,1.645357296403735,False,531
2025-12-07 18:25:23+00:00,3136.8033695717454,3147.94625,11.142880428254557,0.0400034880149761,buy,0.08572269152920803,1.6816042754122185,False,531
2025-12-07 20:24:11+00:00,3145.8870878269354,3136.2746666666667,-9.612421160268696,0.0047251740399456,sell,0.002893796568015004,-4.0754127500140385,True,532
2025-12-07 20:29:47+00:00,3145.770351799584,3136.3326666666667,-9.437685132917522,0.0004585941879624,sell,0.0002007198581135263,-3.294324086445822,True,533
2025-12-07 21:33:35+00:00,3119.888988110025,3129.204,9.315011889975267,6.01521402573,buy,1.8948639388509414,3.453842941962492,True,534
2025-12-07 21:55:59+00:00,3080.774993595839,3071.27,-9.504993595839096,0.721303132692047,sell,0.3642534626681615,-2.933852487693664,False,535
2025-12-07 21:57:47+00:00,3070.0796615367344,3079.097142857143,9.017481320408478,0.0495624999267398,buy,0.0008664179414645304,2.978945046666912,False,536
2025-12-07 22:04:23+00:00,3071.134772198056,3058.56,-12.574772198056053,0.0112548411463106,sell,0.04023349322336845,-3.2998789527714676,True,537
2025-12-07 22:04:35+00:00,3069.8572290447,3055.71,-14.147229044699998,0.0003029206020403,sell,0.0015592017210598417,-3.48646085146783,True,538
2025-12-07 22:04:35+00:00,3069.8857746770336,3050.01,-19.875774677033405,0.0970394411600999,sell,1.0553790968424877,-4.715216332269324,True,538
2025-12-07 22:05:35+00:00,3057.2053254560155,3041.763636363636,-15.44168909237942,0.3509110624880843,sell,2.2604599636247658,-2.8604682718581835,False,539
2025-12-07 22:05:35+00:00,3057.4031009362407,3040.992727272728,-16.410373663512473,0.3158176776573291,sell,2.3403270009835433,-2.989622466771884,False,539
2025-12-07 22:05:35+00:00,3057.5235790179804,3044.076363636364,-13.447215381616388,0.0902693172651333,sell,0.40144709622951064,-2.5998877322328604,False,539
2025-12-07 22:05:35+00:00,3057.006005552495,3042.5345454545454,-14.471460097949603,0.3210649943825063,sell,1.7566943056122966,-2.7192694396801937,False,539
2025-12-07 22:05:47+00:00,3057.6634662816623,3040.221818181818,-17.441648099844315,0.381259729481496,sell,3.218460470924628,-3.118811456807441,True,540
2025-12-07 22:05:59+00:00,3052.721700433391,3038.68,-14.04170043339127,0.1338317773749236,sell,0.6747397299926763,-2.3722793277992853,False,541
2025-12-07 22:05:59+00:00,3050.70817263334,3038.68,-12.028172633340091,0.0523197008589072,sell,0.15843308632548284,-1.9566884398706306,False,541
2025-12-07 22:05:59+00:00,3052.824754628142,3038.68,-14.144754628141982,0.0284149979026773,sell,0.14618819196844374,-2.3326759681684948,False,541
2025-12-07 22:05:59+00:00,3052.618914113486,3038.68,-13.938914113486135,0.2133529858538338,sell,1.0537320729879074,-2.2610822826310226,False,541
2025-12-07 22:05:59+00:00,3051.7297985741147,3038.68,-13.049798574114902,0.4895234495196803,sell,1.9824713678606096,-2.052821659220909,False,541
2025-12-07 22:05:59+00:00,3052.261191549843,3038.68,-13.58119154984297,0.9951156052466557,sell,4.558815201872851,-2.114284803073436,False,541
2025-12-07 22:06:23+00:00,3046.2327784504573,3035.928,-10.304778450457434,0.1457762578557396,sell,0.19020571983849524,-1.4810516914343197,False,542
2025-12-07 22:06:23+00:00,3046.150898042143,3035.0106666666666,-11.14023137547656,0.1324189367175662,sell,0.28340716307018027,-1.6230305442823643,False,542
2025-12-07 22:06:35+00:00,3045.116701798533,3033.176,-11.940701798533155,0.0710746802814387,sell,0.20900944013379577,-1.6570102873608734,False,543
2025-12-07 22:06:35+00:00,3045.0849986451503,3032.2586666666666,-12.826331978483722,0.0367203598749297,sell,0.14050428725087405,-1.8288187637488402,False,543
2025-12-07 22:06:35+00:00,3045.140903831134,3031.3413333333333,-13.799570497800687,0.0109269199852583,sell,0.052444522793074454,-1.9673661694826494,False,543
2025-12-07 22:06:35+00:00,3044.942653224788,3028.5893333333333,-16.353319891454703,0.4471168248630702,sell,3.2877930420696826,-2.530694918161242,False,543
2025-12-07 22:06:35+00:00,3045.156639995114,3030.424,-14.732639995113914,0.0428435113276174,sell,0.2456064265678155,-2.206845896823517,False,543
2025-12-07 22:06:47+00:00,3043.8217217424444,3027.672,-16.1497217424444,0.0502207339897992,sell,0.3590642737283838,-2.3501267886531463,False,544
2025-12-07 22:06:47+00:00,3046.7684966367683,3025.8373333333334,-20.931163303434914,5.4333338943452905,sell,64.82599397552164,-3.0773951170646137,True,544
2025-12-07 22:07:59+00:00,3028.08903841458,3039.49,11.400961585419736,11.171925525582363,buy,26.823364022093454,2.427022178490623,False,545
2025-12-07 22:09:47+00:00,3036.7089309843486,3046.8346153846155,10.125684400266891,3.212394841819062,buy,3.6161427609335464,2.0253495021493064,False,546
2025-12-07 22:11:47+00:00,3057.8717082033995,3047.988,-9.883708203399692,7.371568691887261,sell,6.51431572494511,-1.2431890324122212,False,547
2025-12-07 22:11:47+00:00,3055.0797828891664,3044.994,-10.08578288916624,2.042821666705525,sell,2.2180608113269176,-1.2697980918169813,False,547
2025-12-07 22:11:59+00:00,3059.2492012636853,3042.0,-17.249201263685336,0.0002021345628674,sell,0.001667448691440239,-2.3587138366543394,False,548
2025-12-07 22:34:35+00:00,3057.3341911438547,3047.235,-10.099191143854569,19.24170444677174,sell,21.15031112055857,-1.3146543203076282,False,549
2025-12-07 22:34:35+00:00,3057.335069789589,3047.301111111111,-10.03395867847803,8.900398804463634,sell,9.202644585790653,-1.299032930403022,False,549
2025-12-07 22:34:47+00:00,3056.7671026493845,3047.499444444444,-9.26765820494029,3.204998020787625,sell,0.8578440170811966,-1.1633563703344931,False,550
2025-12-07 22:34:47+00:00,3057.7273701228387,3047.4333333333334,-10.294036789505299,0.0303255822955448,sell,0.03924241915360552,-1.3230113580781204,False,550
2025-12-07 22:47:47+00:00,3061.314255026972,3052.089285714286,-9.224969312686426,0.6099138440080042,sell,0.13721189828441666,-1.1122233809696662,False,551
2025-12-07 22:53:35+00:00,3045.59959116602,3034.5622222222223,-11.037368943797901,0.1020280689232143,sell,0.20786881901982857,-1.3242438364064064,False,552
2025-12-07 22:54:11+00:00,3046.589024304761,3032.4166666666665,-14.172357638094581,3.171338060670929,sell,16.40329464109134,-1.7868625893894305,False,553
2025-12-07 22:55:23+00:00,3038.4152122122464,3026.563,-11.852212212246286,0.2201495237752496,sell,0.627913160231971,-1.3383547687447848,False,554
2025-12-07 22:55:23+00:00,3038.4816192022363,3027.729,-10.752619202236474,0.0059441001340472,sell,0.010417744034947522,-1.167377221602222,False,554
2025-12-07 23:05:23+00:00,3037.939489592141,3028.465,-9.474489592140799,0.5796422341632658,sell,0.2750342072757094,-1.1565444073334237,False,555
2025-12-08 01:29:47+00:00,3101.896647260416,3111.499230769231,9.60258350881486,0.0153694514748277,buy,0.009261377998261395,2.780758352075337,False,556
2025-12-08 01:29:59+00:00,3101.888324457916,3112.09,10.201675542084104,0.0136644719494881,buy,0.01642026173719414,2.9015120362630307,False,557
2025-12-08 01:54:23+00:00,3111.1846484542107,3099.99,-11.194648454210892,1.4458875464800964,sell,3.173214868845323,-3.446350504819487,True,558
2025-12-08 01:54:23+00:00,3111.9474421453806,3101.4500000000003,-10.497442145380319,1.1976292059195672,sell,1.7933804474823245,-3.1665578531887593,True,558
2025-12-08 02:54:11+00:00,3099.572060063185,3109.64,10.067939936815037,0.0132726696469064,buy,0.014174413984084082,2.8575206084760487,False,559
2025-12-08 03:12:59+00:00,3087.113153001841,3102.96,15.84684699815898,51.22859774486073,buy,350.7543706892936,4.77716454639011,True,560
2025-12-08 03:12:59+00:00,3070.1941371560474,3102.96,32.76586284395262,5.981999985516396,buy,142.1673911883092,7.098450227013531,True,560
2025-12-08 04:07:23+00:00,3098.677413210461,3113.278,14.600586789538738,6.26834405388321,buy,35.106404900462,1.492689402123651,False,561
2025-12-08 04:07:23+00:00,3091.94660764759,3113.346,21.399392352409905,1.4775364049626236,buy,18.32055360010078,2.380108987060199,False,561
2025-12-08 04:07:23+00:00,3091.383551397932,3113.482,22.098448602067947,3.798938677696381,buy,49.76020301221401,2.6111915455927077,False,561
2025-12-08 04:07:23+00:00,3075.8688772846062,3113.822,37.953122715393874,31.49999993255074,buy,912.0233635820404,6.419395427470236,True,561
2025-12-08 09:04:11+00:00,3155.680223297448,3165.24,9.559776702551972,0.0128260270800527,buy,0.0071797111457141925,2.7229254947511747,False,562
2025-12-08 09:04:59+00:00,3155.390522600922,3175.46,20.069477399078096,1.2899215148954095,buy,14.278757055719314,5.213206531068203,True,563
2025-12-08 09:05:35+00:00,3166.195177461108,3177.8714285714286,11.676251110320663,0.5597948400708698,buy,1.4981515622914434,2.511214925073197,False,564
2025-12-08 09:05:59+00:00,3168.223047262002,3179.68,11.456952737997653,0.1553737690360573,buy,0.381746007246156,1.7476448204453305,False,565
2025-12-08 09:05:59+00:00,3168.2850409228527,3179.68,11.394959077147178,0.0543168997666553,buy,0.1300867521386445,1.7606007209693642,False,565
2025-12-08 09:05:59+00:00,3168.3619140225137,3179.68,11.318085977486135,0.085444766837352,buy,0.19806831585523796,1.785420774584396,False,565
2025-12-08 09:05:59+00:00,3169.1258586833665,3179.68,10.554141316633377,5.383304215026612,buy,8.366415500579466,1.6672643074182485,False,565
2025-12-08 09:05:59+00:00,3169.785061059126,3179.68,9.894938940873999,1.5559452451807754,buy,1.3924759897800176,1.4429677738804305,False,565
2025-12-08 09:05:59+00:00,3170.3343747226554,3179.68,9.345625277344425,0.2200882530130722,buy,0.07606806348789302,1.7343726343381605,False,565
2025-12-08 09:05:59+00:00,3168.901435640057,3179.68,10.77856435994272,1.4308405234712451,buy,2.544841959807742,2.098349121289718,False,565
2025-12-08 09:05:59+00:00,3168.3188794837274,3179.68,11.361120516272422,0.0600758882676025,buy,0.14184641232192594,2.279689067555815,False,565
2025-12-08 09:05:59+00:00,3168.4327072276897,3179.68,11.247292772310175,0.1539921264185263,buy,0.3460653926930289,2.30486365028012,False,565
2025-12-08 09:05:59+00:00,3214.3472621478973,3179.68,-34.66726214789742,2.3021781396e-08,sell,5.909060982027198e-07,-6.936672773955416,True,565
2025-12-08 13:10:59+00:00,3146.909868253045,3156.99,10.080131746954976,1.215252003109638,buy,1.312632269109347,3.6915285973383796,True,566
2025-12-08 13:43:59+00:00,3140.9400055111564,3150.81,9.869994488843531,0.0004999999991226,buy,0.00043499724365843236,2.6589646262979345,False,567
2025-12-08 14:31:23+00:00,3146.0203611633265,3158.6866666666665,12.666305503340027,2.0959158813459697,buy,7.684267930316492,3.685949227242548,True,568
2025-12-08 14:31:23+00:00,3145.410005247896,3163.7333333333336,18.323328085437424,0.0009999999983315,buy,0.009323328069881452,4.90591825207655,True,568
2025-12-08 14:32:11+00:00,3151.3565974061617,3166.667142857143,15.310545450981408,1.744691307078814,buy,11.009953791253016,3.2526915564658223,True,569
2025-12-08 14:33:11+00:00,3174.762608157773,3163.6975,-11.065108157772556,0.0002635919919964,sell,0.000544345972995284,-2.870363421795194,False,570
2025-12-08 14:33:23+00:00,3174.278571868708,3162.4775,-11.801071868707822,3.923495854892197,sell,10.989993866130282,-2.6093150611641582,False,571
2025-12-08 14:33:35+00:00,3174.156807542528,3162.02,-12.136807542528004,0.0266919037517855,sell,0.08372736501303228,-2.4976526149314746,False,572
2025-12-08 14:38:35+00:00,3129.893755161801,3140.5053846153846,10.611629453583646,8.926632018713896,buy,14.386423082662155,2.034770826741822,False,573
2025-12-08 14:41:11+00:00,3134.6636685029725,3144.9073684210525,10.243699918079983,0.4496618164056994,buy,0.5592443642274647,1.8739843996422525,False,574
2025-12-08 14:42:47+00:00,3137.186666305388,3153.942105263158,16.75543895776991,0.008775387609441,buy,0.0680569829357901,2.968186030829684,False,575
2025-12-08 14:43:23+00:00,3146.757081640715,3159.9652631578947,13.208181517179582,5.0848312926199055,buy,21.397893063579453,2.1974581994211815,False,576
2025-12-08 14:43:47+00:00,3148.5738644880885,3167.494210526316,18.920346038227308,7.300319058812082,buy,72.42169125288174,3.035862614252088,True,577
2025-12-08 14:44:11+00:00,3157.9031102715103,3168.89,10.986889728489587,0.0568801102274972,buy,0.11301450676636966,1.5979876547488434,False,578
2025-12-08 14:44:23+00:00,3157.1017559626325,3168.78,11.678244037367676,0.2399995415317136,buy,0.642777341078288,1.660392951216385,False,579
2025-12-08 14:44:23+00:00,3157.2900194229533,3168.615,11.324980577046517,0.1347701903792065,buy,0.31333807499651656,1.6158267363157515,False,579
2025-12-08 14:44:23+00:00,3157.785600447769,3168.725,10.939399552230952,0.3453244143127938,buy,0.6697220144926482,1.5173606467797354,False,579
2025-12-08 14:44:23+00:00,3157.5071977034263,3168.56,11.052802296573645,0.608724637396862,buy,1.249591333629238,1.5992427467434267,False,579
2025-12-08 14:44:23+00:00,3157.211250457085,3168.67,11.45874954291503,0.1349067839341875,buy,0.33170199333432016,1.6533812878848297,False,579
2025-12-08 14:45:35+00:00,3161.219764359454,3173.773333333333,12.55356897387901,2.42899999537232,buy,8.631619021107333,1.788244225574406,False,580
2025-12-08 14:45:35+00:00,3162.274930339115,3175.1316666666667,12.856736327551516,1.1759999996588535,buy,4.535521919884871,1.8142392228969202,False,580
2025-12-08 14:46:59+00:00,3174.181824638681,3162.28,-11.901824638680864,5.976618229851866,sell,17.343098035373355,-2.2956333210274398,False,581
2025-12-08 14:48:11+00:00,3164.1648559126816,3153.7722222222224,-10.392633690459206,0.0048670030486,sell,0.006777952417048026,-1.8322606195321132,False,582
2025-12-08 14:55:23+00:00,3157.369809155371,3148.278,-9.091809155371266,0.0057484555490999,sell,0.0005277608486521269,-1.5906040701207185,False,583
2025-12-08 14:56:35+00:00,3152.861184005437,3137.982,-14.879184005436855,3.1330690349172587,sell,18.41988935801503,-2.385879314104323,False,584
2025-12-08 14:56:59+00:00,3145.765770017934,3130.26,-15.505770017933628,0.0301049035190754,sell,0.1958555787071853,-2.4123195074698636,False,585
2025-12-08 15:01:47+00:00,3133.6064599347305,3122.1314285714284,-11.47503136330215,2.872090071000001,sell,7.108513003953703,-1.7175273577169587,False,586
2025-12-08 15:02:11+00:00,3131.995409622248,3122.0354545454547,-9.959955076793449,0.0157402938230825,sell,0.01510997496568861,-1.4703725128704719,False,587
2025-12-08 15:02:59+00:00,3121.2839943565687,3137.39,16.106005643431217,1.0802904455655251,buy,7.676550002733446,2.2855018680004764,False,588
2025-12-08 15:08:11+00:00,3132.0727978534755,3122.9483333333333,-9.124464520142283,1.384483492839575,sell,0.1723190735811892,-1.31338876355669,False,589
2025-12-08 15:08:35+00:00,3131.7488404574647,3120.165,-11.583840457464703,0.4014220280884222,sell,1.0372104766923977,-1.6497761654685623,False,590
2025-12-08 15:08:47+00:00,3132.6980572535404,3117.3816666666667,-15.316390586873695,2.872922904,sell,18.14650318763944,-2.149930608349081,False,591
2025-12-08 15:08:59+00:00,3126.841172024496,3115.99,-10.851172024496009,1.3796174716501417,sell,2.553909268024658,-1.5027441878708472,False,592
2025-12-08 15:15:35+00:00,3101.645847427212,3112.2144444444443,10.56859701723215,0.3587405389699676,buy,0.5627193393885452,1.5501217810793493,False,593
2025-12-08 15:15:59+00:00,3103.592919345177,3116.09,12.497080654823094,0.9073677357770764,buy,3.1731381555966465,1.7912038027702477,False,594
2025-12-08 15:22:47+00:00,3112.259353609937,3102.02,-10.239353609937098,2.8917898470000005,sell,3.583950186058898,-1.4730685849095124,False,595
2025-12-08 15:22:59+00:00,3113.233766472151,3100.14,-13.093766472150946,0.5139350656,sell,2.103930140415977,-1.8702230590100735,False,596
2025-12-08 15:24:47+00:00,3105.389918767129,3096.2355555555555,-9.154363211573582,0.0056011159483976,sell,0.000864606246190662,-1.2921948072833185,False,597
2025-12-08 15:24:59+00:00,3105.927740119025,3094.46,-11.467740119025166,0.0321964992,sell,0.07945259276800165,-1.6096146912677118,False,598
2025-12-08 15:24:59+00:00,3106.025687037429,3094.46,-11.565687037429143,0.3111918877663655,sell,0.7984209925952688,-1.6153477430462526,False,598
2025-12-08 15:24:59+00:00,3105.1303099606903,3094.46,-10.670309960690247,0.1748957228165008,sell,0.2921300679025218,-1.4805684916572763,False,598
2025-12-08 15:24:59+00:00,3106.0065660171244,3094.46,-11.546566017124405,2.897611389,sell,7.378958694060047,-1.597649446705917,False,598
2025-12-08 15:25:11+00:00,3106.1263222810817,3095.73,-10.396322281081666,0.160972204,sell,0.22476907508002328,-1.4234569302387077,False,599
2025-12-08 15:52:23+00:00,3096.6805946792333,3106.72625,10.045655320766855,3.5286118997144627,buy,3.6897118078576674,2.0109952617022278,False,600
2025-12-08 15:52:59+00:00,3097.234540913386,3108.0,10.7654590866141,0.355445977518816,buy,0.6275253308110251,2.1110564449160703,False,601
2025-12-08 16:13:35+00:00,3117.835788209668,3101.6425,-16.193288209668026,6.393418675666156,sell,45.989703179140726,-3.1672530132035317,True,602
2025-12-08 17:05:23+00:00,3145.355304462121,3120.1580000000004,-25.197304462120428,3.0203265070000005e-08,sell,4.892114800889171e-07,-5.88458750106721,True,603
2025-12-08 18:57:11+00:00,3101.145186863116,3090.6975,-10.447686863115905,0.2804953243352922,sell,0.4060693962056375,-2.8466821210102466,False,604
2025-12-08 18:57:23+00:00,3098.4061380541025,3088.99875,-9.407388054102285,0.0344978563937164,sell,0.014054014586936179,-2.3975737365349326,False,605
2025-12-08 18:57:35+00:00,3098.4773629860592,3088.4325,-10.044862986059343,0.2119917908217279,sell,0.22150237557805819,-2.5099683360076055,False,606
2025-12-08 20:46:59+00:00,3119.7587662756723,3130.36,10.601233724327813,24.348822107064063,buy,38.98815510548957,3.028302854043952,True,607
2025-12-09 00:01:23+00:00,3135.261416686056,3126.080434782609,-9.180981903446991,33.70615536987672,sell,6.100204156720308,-3.5127215992773135,True,608
2025-12-09 00:34:59+00:00,3117.6848493819484,3127.33,9.645150618051503,1.2349850959962436,buy,0.7967513979663707,2.5445936555581645,False,609
2025-12-09 08:44:11+00:00,3136.8610401488663,3122.6365384615383,-14.22450168732803,59.4008491948235,sell,310.3398368470732,-2.419346918220213,False,610
2025-12-09 08:44:11+00:00,3157.0413254310147,3122.6561538461538,-34.38517158486093,20.211328716544,sell,513.0680474274964,-5.883125597218641,True,610
2025-12-09 12:09:11+00:00,3114.665985991715,3124.307777777778,9.641791786063095,0.2742004792299009,buy,0.1759796153043147,3.1158917841131886,True,611
2025-12-09 12:10:11+00:00,3114.5839746780835,3124.7333333333336,10.149358655250126,0.009733857634432,buy,0.011187693521106932,3.080306580702542,True,612
2025-12-09 12:14:23+00:00,3115.3821823909534,3126.01,10.627817609046815,0.164755482297224,buy,0.26819187527042204,2.834300383990285,False,613
2025-12-09 12:15:11+00:00,3114.8112577003585,3126.435555555556,11.62429785519771,0.0119999999703339,buy,0.031491574184519845,2.918762835623331,False,614
2025-12-09 12:15:11+00:00,3115.0746712057376,3126.861111111112,11.786439905374664,0.8999999999726609,buy,2.5077959147610187,2.7981087731779763,False,614
2025-12-09 14:39:11+00:00,3120.9082552093014,3109.385,-11.523255209301169,2.0713782131241976,sell,5.2266158666985785,-3.820471166781139,True,615
2025-12-09 14:57:47+00:00,3113.1365952625,3124.4535294117645,11.316934149264398,1.4519298279036383,buy,3.36402580060552,3.359262880857537,True,616
2025-12-09 14:58:35+00:00,3112.679518382942,3126.679411764706,13.99989338176374,0.204362492907868,buy,1.0217906757707886,3.857619146040965,True,617
2025-12-09 15:00:23+00:00,3114.295223296789,3131.131176470588,16.83595317379877,2.3453139398480003e-06,buy,1.8377770210506437e-05,3.965359418732155,True,618
2025-12-09 15:00:35+00:00,3112.4055730385603,3132.244117647059,19.838544608498523,7.49999999299924,buy,81.28908448786088,4.398730207090581,True,619
2025-12-09 15:01:35+00:00,3123.208371517678,3141.5825,18.374128482321794,0.547946866628176,buy,5.136524329258166,3.4965672782047834,True,620
2025-12-09 15:01:47+00:00,3131.640545913843,3155.8075,24.166954086156693,0.3040288181356923,buy,4.611191125532529,3.958576680920923,True,621
2025-12-09 15:01:47+00:00,3132.1612266084603,3159.36375,27.20252339153967,1.484514700424534,buy,27.021913559562087,4.232322837123996,True,621
2025-12-09 15:01:59+00:00,3128.8629626575744,3162.92,34.0570373424257,9.246878988725582,buy,231.6993921213885,4.907946321368264,True,622
2025-12-09 15:02:11+00:00,3138.663652369423,3161.8084615384614,23.14480916903858,4.051792524949142,buy,57.3118320579426,2.8431317791214163,False,623
2025-12-09 15:02:11+00:00,3141.0182310414784,3162.3642307692307,21.345999727752314,4.010707646807556,buy,49.516195515580215,2.539015593789337,False,623
2025-12-09 15:02:23+00:00,3148.858556879068,3160.141153846154,11.282596967085738,10.628565258952449,buy,24.260730824557697,1.1693177278260507,False,624
2025-12-09 15:02:59+00:00,3162.611665611287,3148.47,-14.141665611287408,0.0003681321398575,sell,0.0018928123639149544,-2.336788093137815,False,625
2025-12-09 15:02:59+00:00,3157.7996205935333,3148.47,-9.329620593533491,16.80031925807517,sell,5.537731205398877,-1.651451355092136,False,625
2025-12-09 15:03:11+00:00,3162.180173342179,3147.504,-14.676173342179027,1.4629464253804902,sell,8.303937500780837,-2.231629395018362,False,626
2025-12-09 15:03:35+00:00,3159.027993243231,3144.606,-14.421993243230645,15.182813644129386,sell,82.32111299169958,-2.1439311371839302,False,627
2025-12-09 15:03:59+00:00,3153.1404482696803,3143.64,-9.500448269680419,4.100649182022777,sell,2.0521627877097237,-1.4348798211439744,False,628
2025-12-09 15:03:59+00:00,3154.252766871888,3143.64,-10.612766871888198,4.096809973734374,sell,6.607199406059957,-1.5619498754068946,False,628
2025-12-09 15:07:23+00:00,3151.166548463784,3141.52,-9.646548463783802,1.26445584665859,sell,0.8175319851795577,-1.453435060226414,False,629
2025-12-09 15:07:23+00:00,3151.537869328132,3138.305,-13.232869328131983,0.0012744739763689,sell,0.005394681804074322,-1.9165066739941432,False,629
2025-12-09 15:07:35+00:00,3151.5895374324737,3135.09,-16.499537432473517,0.1768169298004403,sell,1.3260451837334442,-2.3222723285672866,False,630
2025-12-09 15:07:47+00:00,3151.650623593629,3131.875,-19.775623593629007,0.0317294053,sell,0.34190412836249723,-2.7095058146677835,False,631
2025-12-09 15:36:59+00:00,3149.6786872610423,3158.99,9.31131273895744,0.0015864745252301,buy,0.0004938897297355869,1.128830539293668,False,632
2025-12-09 15:38:47+00:00,3158.165295200753,3168.670769230769,10.505474030016103,1.4364614530765485,buy,2.1625554127259385,1.2848869731988266,False,633
2025-12-09 15:39:47+00:00,3163.2659891296767,3174.366153846154,11.100164716477138,0.3894513984070459,buy,0.8179120857171587,1.3362222750429549,False,634
2025-12-09 15:39:59+00:00,3164.460285760764,3175.79,11.329714239236182,0.0299875060613018,buy,0.06986231987019613,1.3432507021902025,False,635
2025-12-09 15:39:59+00:00,3164.0195192667206,3175.79,11.770480733279328,1.4360450361738042,buy,3.9785351048409403,1.411359080809834,False,635
2025-12-09 15:40:11+00:00,3165.18572216246,3177.046,11.860277837539797,0.0180294662017532,buy,0.0515692825995475,1.3852637159131012,False,636
2025-12-09 15:40:11+00:00,3165.202923849871,3178.302,13.09907615012935,0.0404062851820069,buy,0.16562843990488943,1.5387104007720411,False,636
2025-12-09 15:40:11+00:00,3165.219033695219,3179.558,14.338966304781025,0.0142506744461664,buy,0.0760838706884864,1.6897118702556164,False,636
2025-12-09 15:40:23+00:00,3164.973316268219,3183.326,18.35268373178087,0.7026013058530155,buy,6.571207803179495,2.186533058367778,False,637
2025-12-09 15:40:23+00:00,3164.3359091291327,3184.582,20.246090870867192,1.4341104201067325,buy,16.128136103377837,2.403680732438674,False,637
2025-12-09 15:40:23+00:00,3164.7622910015507,3185.838,21.0757089984495,0.0131249999780724,buy,0.15849368033985836,2.4802085164524055,False,637
2025-12-09 15:40:59+00:00,3170.054729758588,3188.35,18.2952702414118,1.1841601764036012,buy,11.00708884878934,2.013513911951969,False,638
2025-12-09 15:40:59+00:00,3169.68246897598,3188.35,18.66753102401981,0.0599999999562862,buy,0.580051861018584,2.076121095423752,False,638
2025-12-09 15:40:59+00:00,3171.9879259421514,3188.35,16.36207405784853,2.326631054185984,buy,17.12883012620741,1.825012926798435,False,638
2025-12-09 15:40:59+00:00,3170.852237597653,3188.35,17.49776240234678,1.5144097262123253,buy,12.869094033155378,1.9803495889743528,False,638
2025-12-09 15:40:59+00:00,3169.702502595186,3188.35,18.64749740481375,0.0079172764571606,buy,0.07638190407364988,2.0917443406376965,False,638
2025-12-09 15:43:35+00:00,3180.854897504394,3201.0157142857142,20.160816781320136,1.427549077313335,buy,15.932613698236747,2.2789046633580092,False,639
2025-12-09 15:43:47+00:00,3182.976281695744,3205.137142857143,22.16086116139877,0.0336126174157356,buy,0.4423709910797106,2.5021232564198255,False,640
2025-12-09 15:43:59+00:00,3182.418122603333,3213.38,30.961877396667205,1.8443152366787785,buy,40.50462510874459,3.4834917883145695,True,641
2025-12-09 15:44:47+00:00,3201.5895354176305,3213.543333333333,11.95379791570258,11.297284821454136,buy,33.369896358709624,1.1495885227718987,False,642
2025-12-09 15:45:23+00:00,3204.758599908011,3213.829166666667,9.070566758655787,0.0430777169937113,buy,0.0030398548585375,0.7929376995330354,False,643
2025-12-09 15:48:47+00:00,3201.8417608562063,3214.9488888888886,13.10712803268234,1.418122994868364,buy,5.824412706015292,1.367814640115122,False,644
2025-12-09 15:48:47+00:00,3201.386717792898,3215.3244444444445,13.937726651546654,0.3134636035760922,buy,1.5477975896675258,1.469093236296601,False,644
2025-12-09 15:48:47+00:00,3205.1361563313626,3214.197777777777,9.061621446414392,2.099835409084004,buy,0.12939489513991342,0.8549131250416955,False,644
2025-12-09 15:48:47+00:00,3203.3986573377374,3214.5733333333333,11.174675995595862,4.499999999681645,buy,9.786041979489061,1.1238393807511233,False,644
2025-12-09 15:49:11+00:00,3204.536125995131,3221.889230769231,17.353104774099847,1.0205059276666644,buy,8.524392936389608,1.8719725877092406,False,645
2025-12-09 15:49:11+00:00,3205.246480777991,3219.826153846154,14.57967306816272,1.4219888555633653,buy,7.934232920614437,1.5274777771517924,False,645
2025-12-09 15:49:11+00:00,3204.838403506801,3220.857692307692,16.01928880089099,0.1274143281462127,buy,0.8943579666297605,1.724095239601458,False,645
2025-12-09 15:49:11+00:00,3205.884516441771,3217.763076923077,11.878560481305612,0.9999999976787152,buy,2.8785604746236535,1.1901047529356703,False,645
2025-12-09 15:49:35+00:00,3208.951114986326,3227.046923076923,18.095808090597075,0.0112828079028415,buy,0.10262625540731833,1.9476884752921624,False,646
2025-12-09 15:49:59+00:00,3213.243137384251,3229.11,15.866862615749142,1.6927109858943656,buy,11.623613788305892,1.6440361081818584,False,647
2025-12-09 15:49:59+00:00,3212.773050087636,3229.11,16.33694991236416,0.0874462492743882,buy,0.6415887509502971,1.6875885989020687,False,647
2025-12-09 15:50:35+00:00,3224.1948118346363,3233.357368421053,9.162556586416486,0.0521262150112968,buy,0.008473459575048173,0.7715041142409912,False,648
2025-12-09 15:50:35+00:00,3224.587162393544,3234.206842105263,9.619679711719073,1.2663189786344649,buy,0.7847121796245957,0.8395502924823671,False,648
2025-12-09 15:50:35+00:00,3225.503743289021,3234.6315789473683,9.127835658347522,2.1727189173415384,buy,0.2777509532024698,0.7762900821904337,False,648
2025-12-09 15:50:35+00:00,3223.981106310084,3235.056315789474,11.075209479389741,0.0443705522095083,buy,0.09207819055092906,1.0189845513637956,False,648
2025-12-09 15:50:35+00:00,3224.215051868157,3233.782105263158,9.56705339500104,0.0238589547416906,buy,0.013529301287451802,0.8276635839632026,False,648
2025-12-09 15:50:47+00:00,3226.7588450993835,3237.604736842105,10.845891742721506,0.0131516915385391,buy,0.02427659881380962,0.9818736884460906,False,649
2025-12-09 15:50:47+00:00,3227.625239258614,3236.7552631578947,9.130023899280786,0.0649321533525186,buy,0.008442731767592448,0.7639186230649937,False,649
2025-12-09 15:50:47+00:00,3226.7812518201063,3235.9057894736843,9.124537653578045,0.0082223280506029,buy,0.001023989442371027,0.7609964242476494,False,649
2025-12-09 15:50:47+00:00,3226.7707252039104,3236.330526315789,9.559801111878642,0.031461930098422,buy,0.01761242345094474,0.8136160040331146,False,649
2025-12-09 15:51:47+00:00,3254.2180319898416,3244.4005263157896,-9.817505674051972,4.15631244281736,sell,3.397809005136005,-1.6362773473570473,False,650
2025-12-09 15:53:23+00:00,3238.2189103014493,3248.213076923077,9.994166621627755,7.303306237192724,buy,7.260703288542805,0.9084429273139948,False,651
2025-12-09 15:53:23+00:00,3237.08810044731,3247.554615384616,10.466514937306329,2.4386927306393518,buy,3.5763793169829685,0.9658626635663969,False,651
2025-12-09 15:53:47+00:00,3238.210919942142,3249.2007692307693,10.989849288627283,1.4033058016743372,buy,2.7923670511882195,1.0206579006161902,False,652
2025-12-09 15:53:47+00:00,3237.431839595664,3249.3653846153848,11.933545019720896,1.4999484086764536,buy,4.400166184111093,1.139759347547074,False,652
2025-12-09 15:59:47+00:00,3243.41028062589,3262.026842105264,18.616561479374013,1.5053246631067074,buy,14.476047169183627,2.0406190942922344,False,653
2025-12-09 15:59:47+00:00,3244.079609051814,3260.5589473684213,16.479338316607482,0.9708130306705116,buy,7.261039098555792,1.772603295706198,False,653
2025-12-09 15:59:47+00:00,3244.794591815191,3259.091052631579,14.296460816387935,1.6733389366759792,buy,8.862774110640576,1.5022347494150545,False,653
2025-12-09 15:59:47+00:00,3245.342787060143,3254.6873684210527,9.344581360909615,0.3534602931849681,buy,0.12179582885318778,0.8544689822274731,False,653
2025-12-09 15:59:47+00:00,3242.949414496834,3257.623157894737,14.673743397902854,0.1999999997226701,buy,1.1347486780070721,1.5441850439270093,False,653
2025-12-09 16:00:11+00:00,3247.75588593641,3263.4947368421053,15.738850905695472,0.0311733712618025,buy,0.210072701161179,1.6546638755513736,False,654
2025-12-09 16:00:23+00:00,3247.747394884382,3267.8984210526314,20.151026168249246,6.179575428684e-05,buy,0.0006890860731392534,2.2158129549124443,False,655
2025-12-09 16:00:23+00:00,3247.6005963607945,3269.366315789474,21.765719428679404,1.813098258018008,buy,23.145503658485268,2.4083233589252373,False,655
2025-12-09 16:00:59+00:00,3257.721073406975,3273.77,16.048926593025044,0.2102159683314445,buy,1.4817969294500297,1.6647862435883742,False,656
2025-12-09 16:00:59+00:00,3258.937875841695,3273.77,14.83212415830485,2.5756137891496684,buy,15.021299402162876,1.5040787157026068,False,656
2025-12-09 16:00:59+00:00,3261.044775481796,3273.77,12.725224518203959,0.1036834037183821,buy,0.3862439576625565,1.251097846189418,False,656
2025-12-09 16:00:59+00:00,3261.093630707157,3273.77,12.676369292842992,0.0748741065576373,buy,0.27526486617755186,1.2399048800926702,False,656
2025-12-09 16:01:47+00:00,3265.797628991079,3275.2433333333333,9.44570434225443,0.4401303192335457,buy,0.19616799444021987,0.8708065889709163,False,657
2025-12-09 16:07:35+00:00,3264.526494893768,3274.7655,10.23900510623207,6.099798313215404,buy,7.557681257059658,1.0459339373362506,False,658
2025-12-09 16:07:35+00:00,3259.3054351672245,3274.85575,15.550314832775712,24.99999998368345,buy,163.75787071251423,1.846389367188222,False,658
2025-12-09 16:08:35+00:00,3261.2809722671723,3275.39725,14.116277732827712,24.999999951344485,buy,127.90694307175767,1.6521119800931106,False,659
2025-12-09 16:09:23+00:00,3266.93111798901,3275.93875,9.00763201098971,8.803965733046947,buy,0.06719196322764165,0.8344905757713881,False,660
2025-12-09 16:09:47+00:00,3264.008267497933,3276.2095,12.201232502066887,4.221972989536469,buy,13.515517156952644,1.332829377917532,False,661
2025-12-09 16:09:47+00:00,3265.359583715764,3276.29975,10.940166284236057,0.7091933211731631,buy,1.3759529707455642,1.1308180179337062,False,661
2025-12-09 16:10:11+00:00,3267.9491223197147,3276.9992857142856,9.050163394570973,1.3888931464692338,buy,0.06967159492325602,0.8237945093427778,False,662
2025-12-09 16:10:47+00:00,3271.326153029772,3283.092142857143,11.765989827370959,1.4004476165597133,buy,3.873623861170072,1.2447383429065277,False,663
2025-12-09 16:10:47+00:00,3270.8568171994234,3283.701428571429,12.844611372005602,2.130840324269401,buy,8.192252942614244,1.4119760479567385,False,663
2025-12-09 16:10:47+00:00,3270.841336536944,3282.482857142857,11.641520605913229,0.3615374334396863,buy,0.9550085802399138,1.2280175111480007,False,663
2025-12-09 16:10:59+00:00,3272.2353117815583,3284.92,12.684688218441806,1.4138662119874,buy,5.209656173762918,1.3754641810894712,False,664
2025-12-09 16:11:11+00:00,3274.555026939044,3284.809166666667,10.254139727622714,1.4228426426399858,buy,1.784443484290495,0.9871355257988018,False,665
2025-12-09 16:12:47+00:00,3281.09402909396,3290.49,9.395970906039565,0.1092979715973054,buy,0.04327881684167169,0.8490341167255968,False,666
2025-12-09 16:12:59+00:00,3279.8492471083096,3291.87,12.020752891690336,1.5999999959225883,buy,4.833204614387684,1.2643639024515552,False,667
2025-12-09 16:13:11+00:00,3279.950574293598,3291.933,11.982425706401955,0.0171709560020213,buy,0.051211100583925265,1.2541927778161248,False,668
2025-12-09 16:13:23+00:00,3282.689531168251,3292.185,9.495468831748894,0.0090810570774236,buy,0.004499380741196101,0.8513103850682403,False,669
2025-12-09 16:16:47+00:00,3296.1338913846225,3285.9833333333336,-10.150558051288954,3.03385734,sell,3.4906289889990885,-2.315332536752883,False,670
2025-12-09 16:16:59+00:00,3296.108816312543,3284.96,-11.148816312542749,0.0232022112320785,sell,0.04985728998255288,-2.461046440725138,False,671
2025-12-09 16:17:11+00:00,3298.76154265528,3284.8122222222223,-13.949320433057892,9.579350925003247,sell,47.41127726855059,-2.8066362418761917,False,672
2025-12-09 16:17:23+00:00,3299.1839313484165,3284.368888888889,-14.815042459527376,3.2979889043509427,sell,19.177945509850904,-2.8776385927879153,False,673
2025-12-09 16:23:59+00:00,3280.996668095388,3291.34,10.343331904612114,1.3036326012128852,buy,1.7512112651017497,1.0297416504625903,False,674
2025-12-09 16:23:59+00:00,3281.3077289697435,3291.34,10.032271030256652,0.9701595698857276,buy,1.0014676187192904,0.978854608976152,False,674
2025-12-09 16:24:11+00:00,3278.033487518152,3291.0093333333334,12.975845815181401,10.870012475979223,buy,43.217493613591614,1.4366757685829847,False,675
2025-12-09 16:29:47+00:00,3287.4862257614627,3296.963333333333,9.47710757187042,1.1576026759225515,buy,0.5523010019001088,0.9112656958654737,False,676
2025-12-09 16:29:59+00:00,3287.158821553694,3298.48,11.321178446306021,0.002999979172086,buy,0.006963486993613005,1.2021013503392024,False,677
2025-12-09 16:31:11+00:00,3297.977965186841,3309.205,11.227034813158753,0.5975547935137135,buy,1.33077532792493,1.1810838327633186,False,678
2025-12-09 16:31:59+00:00,3297.722992515168,3312.54,14.817007484832175,0.2597493215604161,buy,1.5109637476970197,1.749223101652535,False,679
2025-12-09 16:32:23+00:00,3307.434894359587,3320.7685714285712,13.333677068984343,0.1914141342826293,buy,0.8295270444201205,1.505456047186556,False,680
2025-12-09 16:32:35+00:00,3308.6935257341265,3322.4142857142856,13.720759980159073,8.469802282996909,buy,39.98390365743176,1.563652563951302,False,681
2025-12-09 16:33:11+00:00,3315.072169883605,3324.8185714285714,9.746401544966375,1.3715476614072148,buy,1.0237252934693635,0.9142582792969096,False,682
2025-12-09 16:33:11+00:00,3314.655888236592,3324.5657142857144,9.90982604912233,0.0273560894576721,buy,0.024889282790710832,0.9418699735695466,False,682
2025-12-09 16:33:23+00:00,3313.970181148172,3325.0714285714284,11.10124742325661,0.0059207967867719,buy,0.012441058991830466,1.128699946522264,False,683
2025-12-09 16:33:23+00:00,3313.982338707759,3325.324285714285,11.34194700652597,0.0345021539989815,buy,0.08080221627661276,1.1652622491237568,False,683
2025-12-09 16:33:23+00:00,3314.588506680926,3325.83,11.241493319073925,0.199139406496331,buy,0.44636964922587247,1.1463592231233346,False,683
2025-12-09 16:33:23+00:00,3313.899642704951,3326.082857142857,12.183214437905917,1.3744468357774977,buy,4.375159011781034,1.2951019795986982,False,683
2025-12-09 16:33:23+00:00,3313.46407971007,3326.3357142857144,12.871634575644293,0.0900092108516523,buy,0.3484827728597146,1.4025119614482262,False,683
2025-12-09 16:33:35+00:00,3313.870969131623,3327.094285714285,13.223316582661937,0.0525467284701282,buy,0.22192146971252655,1.440189179622414,False,684
2025-12-09 16:33:35+00:00,3314.3325630393592,3327.852857142857,13.52029410349769,0.0266754516387226,buy,0.12058088675065556,1.4952888420529609,False,684
2025-12-09 16:33:35+00:00,3313.8330056885884,3326.8414285714284,13.008422882840023,0.0751123549595639,buy,0.30108208240391826,1.410052326034493,False,684
2025-12-09 16:33:35+00:00,3313.940770546373,3327.6,13.659229453626722,0.0934298276396027,buy,0.4353110047857049,1.5250613052339537,False,684
2025-12-09 16:33:35+00:00,3313.89979645199,3327.347142857143,13.447346405152985,0.0443267998499145,buy,0.1971366339644531,1.4873511447950285,False,684
2025-12-09 16:33:47+00:00,3317.2380280763464,3328.3585714285714,11.120543352225013,1.371403856610828,buy,2.9081213313518366,1.1012836937308845,False,685
2025-12-09 16:33:47+00:00,3316.7880777495325,3328.6114285714284,11.823350821895929,0.1369041649197251,buy,0.3865284865470816,1.2114099443238826,False,685
2025-12-09 16:33:47+00:00,3316.693559136661,3328.8642857142854,12.170726577624464,0.1799999998056501,buy,0.5707307833561731,1.2644360332654605,False,685
2025-12-09 16:33:47+00:00,3316.6373917586784,3329.117142857143,12.479751098464476,0.0082921090705718,buy,0.028854475646909468,1.3110966086403413,False,685
2025-12-09 16:35:23+00:00,3322.1896792702605,3331.5505882352945,9.360908965034014,8.670758166742422,buy,3.1293543560192303,0.8133793874564392,False,686
2025-12-09 16:35:23+00:00,3319.190528028645,3331.445882352941,12.25535432429615,1.3650632172932309,buy,4.443764447353134,1.2748928622363869,False,686
2025-12-09 16:46:23+00:00,3337.684305216771,3347.36,9.675694783229119,0.4199999990439348,buy,0.28379180831022166,1.067777989030856,False,687
2025-12-09 16:49:11+00:00,3345.2422060230506,3356.306666666667,11.064460643616258,1.3092817494990736,buy,2.702960643245877,1.3153451778399865,False,688
2025-12-09 16:49:11+00:00,3345.649673476302,3359.23,13.580326523698204,0.0313554762866127,buy,0.1436183196987622,1.7565275451002285,False,688
2025-12-09 16:49:47+00:00,3343.986684138016,3365.076666666667,21.089982528651035,2.74720161434137,buy,33.21361952006908,3.1072805277665654,True,689
2025-12-09 16:50:11+00:00,3344.350862484175,3367.088,22.737137515824998,8.969999973841546,buy,123.22212315760794,3.3801382747210265,True,690
2025-12-09 16:50:23+00:00,3347.5445302257194,3366.176,18.631469774280504,1.3609529823619126,buy,13.10797751383567,2.6128279921215585,False,691
2025-12-09 16:50:35+00:00,3347.149059261833,3362.528,15.378940738166875,0.0431012439080965,buy,0.2749402806310236,2.0407316726785565,False,692
2025-12-09 16:50:35+00:00,3347.12397502194,3360.704,13.58002497806001,0.0392714670806713,buy,0.17986430015453597,1.7188200872020973,False,692
2025-12-09 16:56:11+00:00,3358.887920577483,3368.917857142857,10.0299365653741,1.073636846858526,buy,1.1057778465125496,1.1008452172432024,False,693
2025-12-09 16:56:47+00:00,3358.55093466004,3369.306071428572,10.755136768531884,0.0233883033272952,buy,0.041049671123312405,1.2222597779334385,False,694
2025-12-09 16:57:23+00:00,3358.181311627643,3370.470714285714,12.28940265807114,2.7107379519624226,buy,8.91670862451951,1.4770021145998553,False,695
2025-12-09 16:57:23+00:00,3356.581554230986,3370.858928571429,14.277374340442748,2.5008054725853825,buy,13.197686631460897,1.8166884356131643,False,695
2025-12-09 16:57:23+00:00,3355.425049206301,3371.247142857143,15.822093650841907,1.268952150192467,buy,8.656910407050216,2.098477463473628,False,695
2025-12-09 16:57:47+00:00,3360.088181078996,3371.635357142857,11.547176063861116,1.352364048237807,buy,3.4447093332976615,1.3399673836631636,False,696
2025-12-09 17:01:47+00:00,3358.6909461733,3368.6505263157896,9.959580142489813,4.783207195441396,buy,4.589870642159952,1.2252013240820512,False,697
2025-12-09 17:02:47+00:00,3365.542053176594,3375.9010526315788,10.358999454984769,9.189999978400834,buy,12.489204961956771,1.2886735171683723,False,698
2025-12-09 17:03:23+00:00,3373.926846653068,3383.846666666667,9.919820013598837,3.000088563283787,buy,2.759541503077409,1.2007498629738764,False,699
2025-12-09 17:03:35+00:00,3374.076123550394,3385.153333333333,11.077209782939008,1.249999998091924,buy,2.5965122247102856,1.4037310160268495,False,700
2025-12-09 17:03:35+00:00,3373.486367269302,3385.806666666667,12.320299397365034,0.6538734210998254,buy,2.171055526030763,1.625032661101658,False,700
2025-12-09 17:03:59+00:00,3374.8571482029165,3386.46,11.602851797083531,0.0142366375494098,buy,0.03705585762990818,1.485846485656078,False,701
2025-12-09 17:04:47+00:00,3380.236183592201,3394.61,14.37381640779904,4.537085420670776,buy,24.381464077186425,1.9512275374392207,False,702
2025-12-09 17:05:11+00:00,3381.0898296601536,3395.8692307692304,14.779401109076844,0.0964355599604915,buy,0.557339782190111,1.9991894449509553,False,703
2025-12-09 17:05:11+00:00,3381.464158628839,3395.498461538461,14.034302909622056,0.6173622336563529,buy,3.107988489186949,1.8585230578543404,False,703
2025-12-09 17:05:11+00:00,3381.545812935821,3394.756923076923,13.211110141102381,0.2400249187502001,buy,1.0107713694662426,1.7279196882034087,False,703
2025-12-09 17:05:11+00:00,3382.577883103135,3394.386153846154,11.808270743018966,3.0793174129207226,buy,8.647556999174117,1.4553706502146848,False,703
2025-12-09 17:06:47+00:00,3396.8356010273783,3386.907142857143,-9.928458170235444,8.380428945513327,sell,7.780877724539458,-2.3362621149985983,False,704
2025-12-09 17:06:47+00:00,3395.943321570125,3385.904285714286,-10.039035855839302,1.0224684619867557,sell,1.0623813934691033,-2.3759398348110414,False,704
2025-12-09 17:06:59+00:00,3395.0653539895447,3384.4,-10.665353989544656,0.0005393424894894,sell,0.0008981961666021188,-2.4364854756520002,False,705
2025-12-09 17:06:59+00:00,3394.94746536074,3384.4,-10.547465360739807,0.3695804885942992,sell,0.5719130041049713,-2.4012026195365994,False,705
2025-12-09 17:12:23+00:00,3378.550364854384,3389.72,11.169635145615757,2.072560089925372,buy,4.496699212502642,1.4483549655696388,False,706
2025-12-09 17:17:23+00:00,3386.9332798224973,3377.862857142857,-9.07042267964016,1.792167022055455,sell,0.12620920405587072,-2.232990889415971,False,707
2025-12-09 17:17:35+00:00,3388.299261380917,3377.341904761905,-10.957356619011989,2.948086703513,sell,5.770457022542406,-2.573288588839274,False,708
2025-12-09 17:20:23+00:00,3369.793385735171,3379.6153846153848,9.821998880213869,1.8403194009614483,buy,1.512740486826168,1.2650289953561404,False,709
2025-12-09 18:24:23+00:00,3367.9986276079194,3377.765909090909,9.767281482989802,0.0037991776169718,buy,0.002915038636091783,2.69331499170026,False,710
2025-12-09 18:24:23+00:00,3367.996324896298,3377.8045454545454,9.808220558247285,0.0121562311981621,buy,0.009824915965161636,2.6584389893381988,False,710
2025-12-09 18:54:35+00:00,3365.684823144016,3377.8584210526315,12.173597908615648,11.999999999486528,buy,38.08317490175822,3.3530905108572577,True,711
2025-12-09 20:16:11+00:00,3357.249663724445,3347.751666666667,-9.497997057777866,0.0001032818630519,sell,5.143406392166267e-05,-2.6138074440909493,False,712
2025-12-09 20:16:11+00:00,3357.198516137056,3346.7233333333334,-10.475182803722419,0.1473716721313485,sell,0.2174001564839837,-2.78409250201745,False,712
2025-12-09 20:17:35+00:00,3347.1949042304777,3335.902857142857,-11.292047087620631,7.5175484905875e-05,sell,0.00017230575123897948,-2.660837196756989,False,713
2025-12-09 20:25:59+00:00,3317.770061050121,3308.63,-9.140061050120948,0.060123005009233,sell,0.008420891218020221,-1.8818944297615905,False,714
2025-12-09 20:27:11+00:00,3309.7243852834004,3319.59,9.865614716599794,0.5199999986864863,buy,0.45011965149489586,2.5204174157531227,False,715
2025-12-09 20:27:23+00:00,3309.1685053620245,3321.13,11.961494637975647,1.353895960795099,buy,4.009555628271573,2.9198558121334646,False,716
2025-12-09 20:27:35+00:00,3311.593977278213,3324.21,12.616022721786976,0.593999999546062,buy,2.1479174951000135,2.9572182152507365,False,717
2025-12-09 20:27:59+00:00,3313.397240637237,3327.29,13.892759362763172,1.2749999961331298,buy,6.238268168603379,3.071908611456933,True,718
2025-12-09 20:32:23+00:00,3326.6126222075227,3317.27,-9.342622207522709,1.2042459874217637,sell,0.41260141861080885,-1.7979879201423743,False,719
2025-12-09 21:19:59+00:00,3319.4169543702155,3330.12,10.703045629784356,0.0629999999622453,buy,0.10729187461211642,2.5307396923203567,False,720
2025-12-09 21:20:23+00:00,3319.394256355856,3328.7966666666666,9.40241031081041,1.6836316708384609,buy,0.677510743952355,2.198211066282018,False,721
2025-12-09 21:47:59+00:00,3310.099896630214,3297.32,-12.779896630213898,0.4803000104675113,sell,1.8154843910578458,-3.5144811290610303,True,722
2025-12-09 21:47:59+00:00,3310.260366178817,3297.32,-12.94036617881693,0.0601483122096035,sell,0.23700637514364303,-3.4048642047291344,True,722
2025-12-09 21:49:59+00:00,3307.1246351695854,3294.57,-12.554635169585254,2.9980408620105043,sell,10.65694148795623,-2.9956215641063513,False,723
2025-12-09 22:37:47+00:00,3325.3610351957973,3335.4833333333336,10.12229813753629,0.615526749527659,buy,0.6908045245986585,2.5875290461720817,False,724
2025-12-09 22:37:59+00:00,3325.080947931899,3339.71,14.629052068100918,0.3199999995975413,buy,1.8012966595268327,3.5385642286832573,True,725
2025-12-09 22:38:23+00:00,3326.0174807163744,3336.85,10.832519283625516,0.2923119266921577,buy,0.5356672424971071,2.5809910575489665,False,726
2025-12-09 22:38:23+00:00,3324.982230380591,3333.99,9.007769619408919,0.0096840204755964,buy,7.52411534435581e-05,2.1261512874515547,False,726
2025-12-09 22:38:59+00:00,3338.799359670368,3329.7,-9.099359670368358,3.0005343073352786,sell,0.2981320997057824,-1.9140868799101338,False,727
2025-12-10 02:09:35+00:00,3288.345305825913,3298.28,9.934694174087326,0.0723340564564761,buy,0.06761022115797195,3.3863825779704797,True,728
2025-12-10 02:09:35+00:00,3288.848489258731,3298.31,9.46151074126874,12.499999987006351,buy,5.768884259862533,3.5699202128298353,True,728
2025-12-10 10:02:47+00:00,3354.962080507536,3365.498181818182,10.53610131064579,1.3628705574843023,buy,2.0935072495921956,4.076631485401836,True,729
2025-12-10 10:04:47+00:00,3370.992499646189,3361.9014285714284,-9.091071074760748,2.896764868217567,sell,0.2638114898777508,-3.7158787800028303,True,730
2025-12-10 12:42:11+00:00,3311.232204933168,3321.9500000000003,10.717795066832423,0.2399999999444435,buy,0.4122708159443468,3.0281418285017057,True,731
2025-12-10 14:42:11+00:00,3326.84948112659,3317.026666666666,-9.822814459923848,0.0026124942079005,sell,0.00214959801072783,-3.588307445150052,True,732
2025-12-10 14:43:11+00:00,3327.677158452283,3317.08,-10.59715845228311,2.7573089389679657,sell,4.403859277428462,-3.662499965942943,True,733
2025-12-10 14:43:35+00:00,3328.759817070268,3317.1333333333337,-11.62648373693446,0.851185994997304,sell,2.235626172966796,-3.7911656919857037,True,734
2025-12-10 16:01:35+00:00,3332.525928951267,3323.278,-9.247928951267113,0.150036342,sell,0.0371983529240139,-3.053382296808745,True,735
2025-12-10 16:03:11+00:00,3322.370286607262,3331.853333333333,9.483046726070825,0.1867194994792378,buy,0.09019424291702886,2.871318722359668,False,736
2025-12-10 16:25:47+00:00,3343.6797149119825,3354.017142857143,10.33742794516047,0.0206999999704881,buy,0.027684758425351702,2.678818665397253,False,737
2025-12-10 16:25:47+00:00,3343.3495069537407,3353.5085714285715,10.159064474830757,1.0703046096608742,buy,1.2405520503055192,2.691698466842553,False,737
2025-12-10 16:26:11+00:00,3343.583053748769,3355.034285714285,11.451231965515944,0.0099699999862796,buy,0.024438782662562084,2.8883567525786513,False,738
2025-12-10 17:14:23+00:00,3355.1005209420964,3364.767142857143,9.666621915046562,0.007470660221221,buy,0.004980105823332517,2.5015132408663785,False,739
2025-12-10 17:16:59+00:00,3355.187841432722,3372.4,17.21215856727804,0.0008839162336537,buy,0.007258860270955369,4.369796511459771,True,740
2025-12-10 18:10:11+00:00,3421.493894443369,3364.6183333333333,-56.875561110035505,1.753619964e-08,sell,8.395553975026026e-07,-10.711472670994,True,741
2025-12-10 18:34:11+00:00,3384.6668034320264,3393.8413333333333,9.174529901306869,3.057115427287525,buy,0.5335580538081979,1.6186188536754487,False,742
2025-12-10 18:34:35+00:00,3383.374044458198,3396.276,12.901955541801726,0.2096367893942337,buy,0.8179934321423515,2.153176661430747,False,743
2025-12-10 18:34:35+00:00,3382.5771737096293,3395.058666666667,12.481492957037517,2.3650676002837434,buy,8.233966193305474,2.0477319021171767,False,743
2025-12-10 18:34:35+00:00,3383.523219757989,3397.4933333333333,13.970113575344385,0.2722074291146367,buy,1.3529018387522502,2.2629952503639843,False,743
2025-12-10 18:36:11+00:00,3391.055357669766,3404.207857142857,13.152499473090757,0.7064529936326963,buy,2.933545683823159,1.9349152631028808,False,744
2025-12-10 18:36:11+00:00,3390.679534630048,3405.4635714285714,14.78403679852363,0.489867533052258,buy,2.833411837576251,2.1604284650866945,False,744
2025-12-10 18:36:23+00:00,3391.07035276647,3407.975,16.904647233529886,0.0074987754174002,buy,0.05927517435801441,2.1742999717169957,False,745
2025-12-10 18:36:23+00:00,3390.992733875717,3406.0914285714284,15.098694695711401,0.1750356770365624,buy,1.067489155103137,1.9468880400581525,False,745
2025-12-10 18:36:23+00:00,3391.166340625805,3407.347142857143,16.18080223133802,0.2980110724422627,buy,2.1399585739568368,2.1324086026747304,False,745
2025-12-10 18:36:23+00:00,3390.9323430870472,3409.2307142857144,18.298371198667155,0.0041964479264854,buy,0.03902013053633835,2.6546227698012976,False,745
2025-12-10 18:36:23+00:00,3390.9357006296414,3408.602857142857,17.66715651321556,0.0064854529668364,buy,0.05621043592266928,2.4447517461726416,False,745
2025-12-10 18:36:23+00:00,3391.058830448768,3409.8585714285714,18.799740979803573,0.0291542282051522,buy,0.2857038848765752,2.6683797788397956,False,745
2025-12-10 18:36:23+00:00,3391.048699613361,3410.4864285714284,19.43772895806751,0.00311242949746,buy,0.03248669549558175,2.6495795230835744,False,745
2025-12-10 18:37:11+00:00,3404.602177121207,3414.136,9.533822878792762,0.3616370330354068,buy,0.19305012205303398,1.023806231158156,False,746
2025-12-10 18:37:35+00:00,3409.3127429981264,3418.3744,9.061657001873755,0.0299999999149553,buy,0.001849710050969042,0.9515518516557943,False,747
2025-12-10 18:37:35+00:00,3409.524941615977,3419.434,9.90905838402341,0.0129815997119592,buy,0.0118010320561924,1.0673233201188488,False,747
2025-12-10 18:37:47+00:00,3409.09782800991,3420.1404,11.042571990090437,0.0617581062855283,buy,0.12614537805984827,1.1831548283492213,False,748
2025-12-10 18:37:47+00:00,3406.362567508997,3420.8468,14.484232491002786,9.09999999696689,buy,49.90651565149107,1.6823299918097283,False,748
2025-12-10 18:37:59+00:00,3408.6390087743207,3421.2,12.560991225679118,1.3324834995164825,buy,4.744962050140399,1.3899360293761438,False,749
2025-12-10 18:37:59+00:00,3409.07328263246,3421.2,12.12671736753964,0.0143907504863365,buy,0.044995809477557866,1.3191306542560752,False,749
2025-12-10 18:37:59+00:00,3408.2074126514017,3421.2,12.992587348598136,0.0057708691457539,buy,0.02304069914175235,1.4315641867903024,False,749
2025-12-10 18:37:59+00:00,3408.202650148172,3421.2,12.997349851827948,0.0092565871922634,buy,0.03700181744142659,1.421731696861263,False,749
2025-12-10 18:38:47+00:00,3417.05538177475,3426.5,9.444618225249997,0.0169672971381246,buy,0.007543969540842307,0.9244394244640378,False,750
2025-12-10 18:38:59+00:00,3416.8042904182785,3427.03,10.22570958172173,0.0069457680284915,buy,0.008513494424938485,1.0091762908187485,False,751
2025-12-10 18:38:59+00:00,3416.813419941991,3427.03,10.216580058009185,0.0209833289642187,buy,0.02552789956851501,1.012264114875862,False,751
2025-12-10 18:38:59+00:00,3417.251928013538,3427.03,9.778071986462237,1.3340705613852943,buy,1.0380029317778476,0.9564675239170473,False,751
2025-12-10 18:38:59+00:00,3417.685269027334,3427.03,9.344730972666184,0.0048432391215212,buy,0.001669614533216919,0.8893045014119945,False,751
2025-12-10 18:39:23+00:00,3427.6308749074765,3417.034375,-10.5964999074763,1.091704771185727,sell,1.7429065661894485,-2.031630402770095,False,752
2025-12-10 18:39:47+00:00,3427.945462224114,3413.7025000000003,-14.242962224113853,2.873499278663847,sell,15.065648169052956,-2.5101006511904385,False,753
2025-12-10 18:40:35+00:00,3420.604165168442,3397.217142857143,-23.387022311299006,0.0015178806869471,sell,0.02183778330899779,-3.363107546873549,True,754
2025-12-10 18:40:35+00:00,3420.4374056038373,3394.808571428572,-25.628834175265183,0.5105980299884136,sell,8.49064997089441,-3.55474380674206,True,754
2025-12-10 18:40:59+00:00,3412.58923963519,3392.4,-20.189239635190006,2.105249996852248,sell,23.55614670676281,-2.7702046145482973,False,755
2025-12-10 18:52:47+00:00,3402.0071107119666,3392.165,-9.842110711966598,0.2879382018090484,sell,0.2424758441277996,-1.4541474265039773,False,756
2025-12-10 18:52:47+00:00,3401.475488635985,3386.995,-14.480488635985239,1.3954255786518637,sell,7.647614026164665,-2.0531516632087885,False,756
2025-12-10 18:52:47+00:00,3402.1091933890325,3389.58,-12.52919338903257,0.03527223648,sell,0.12448254380160946,-1.784069739526055,False,756
2025-12-10 18:52:59+00:00,3402.278175673265,3384.41,-17.86817567326534,0.4996651985,sell,4.431118758114998,-2.429925316482506,False,757
2025-12-10 18:55:11+00:00,3392.525070387092,3383.27,-9.255070387092019,0.01162555889248,sell,0.002965335806865935,-1.3235949861880392,False,758
2025-12-10 18:55:11+00:00,3391.8995557055923,3380.7966666666666,-11.102889038925696,1.9784584283198252,sell,4.1604785428839195,-1.5454343929170113,False,758
2025-12-10 18:55:11+00:00,3391.164891625271,3378.3233333333333,-12.841558291937872,0.3594127578431778,sell,1.380705060120718,-1.7769890709019727,False,758
2025-12-10 18:55:23+00:00,3392.5329312069057,3375.85,-16.682931206905778,0.4913072181754883,sell,3.7746795586985247,-2.218030305844697,False,759
2025-12-10 18:55:59+00:00,3388.85636735222,3368.43,-20.42636735222004,0.0847794730304481,sell,0.9687214027735316,-2.58033797025981,False,760
2025-12-10 18:57:11+00:00,3368.7496269951976,3381.052307692308,12.302680697110645,3.2425004712336167,buy,10.708943716715437,1.3440624874960687,False,761
2025-12-10 18:58:35+00:00,3379.347143587396,3391.9666666666667,12.619523079270493,0.0004746440456831,buy,0.0017179850777882988,1.3362192116964837,False,762
2025-12-10 18:59:11+00:00,3378.835514276487,3393.76,14.924485723513044,1.655438698145012,buy,9.807622933311142,1.5978568093048204,False,763
2025-12-10 18:59:23+00:00,3377.245244141295,3395.5533333333333,18.308089192038096,3.493973609251552,buy,32.52221798954071,1.9793903112658735,False,764
2025-12-10 18:59:23+00:00,3377.0902238215854,3399.14,22.049776178414504,2.335537729600408,buy,30.4782446275277,2.381330167545209,False,764
2025-12-10 18:59:35+00:00,3376.357309143705,3400.9333333333334,24.576024189628242,0.0388044235262612,buy,0.6044186395096237,2.6430758099447287,False,765
2025-12-10 18:59:59+00:00,3379.5778088107136,3404.52,24.942191189286405,1.950485291332791,buy,31.09500942631835,2.6266898458036843,False,766
2025-12-10 19:00:35+00:00,3414.592776467908,3399.192,-15.400776467908145,30.8037919818368,sell,197.16818683967858,-1.8648567513619225,False,767
2025-12-10 19:00:47+00:00,3427.390772749086,3392.976,-34.41477274908584,3.6468157568664368,sell,92.68299371854597,-3.6395235989590153,True,768
2025-12-10 19:00:47+00:00,3426.475925122716,3394.752,-31.723925122716082,12.69380202355931,sell,288.45300670594366,-3.5005202844246104,True,768
2025-12-10 19:00:59+00:00,3413.200227626323,3391.2,-22.000227626323067,0.0299180408970662,sell,0.3889413417955033,-2.300052624984554,False,769
2025-12-10 19:01:35+00:00,3395.273211999216,3385.596153846154,-9.677058153062262,1.6258413021052855,sell,1.100789109175748,-1.0437883614948928,False,770
2025-12-10 19:01:35+00:00,3396.283458558663,3386.716923076923,-9.56653548173972,1.582953001302656,sell,0.8967990411643361,-1.0297531380730212,False,770
2025-12-10 19:01:35+00:00,3400.894054916488,3388.958461538461,-11.935593378027079,3.0055367773727952,sell,8.823033861072425,-1.2598295159958834,False,770
2025-12-10 19:01:35+00:00,3398.3633495701924,3387.837692307692,-10.525657262500317,5.015543536024691,sell,7.652000421122592,-1.11658441231888,False,770
2025-12-10 19:01:47+00:00,3397.0335669345363,3381.1130769230767,-15.920490011459606,2.004999995965967,sell,13.875582445059022,-1.6284765094829299,False,771
2025-12-10 19:01:47+00:00,3397.140948512599,3379.992307692308,-17.148640820291348,0.035235819418211,sell,0.2871240364476487,-1.7394961213212012,False,771
2025-12-10 19:02:11+00:00,3392.867826755581,3375.4500000000003,-17.41782675558079,0.0634828849805107,sell,0.5343879277104009,-1.7150963242850326,False,772
2025-12-10 19:02:11+00:00,3392.778108091115,3374.27,-18.50810809111499,0.2218615706712126,sell,2.1094837952064367,-1.8305787760509826,False,772
2025-12-10 19:02:23+00:00,3393.246645156424,3370.73,-22.516645156424147,4.420545149999999,sell,59.75094019050174,-2.179414356487313,False,773
2025-12-10 19:02:47+00:00,3389.948237354887,3364.83,-25.118237354887242,5.651652705455249,sell,91.09467975391834,-2.3430804695406993,False,774
2025-12-10 19:03:23+00:00,3372.622371631492,3363.140909090909,-9.481462540582925,15.37944485522361,sell,7.40462659275095,-0.868055322204533,False,775
2025-12-10 19:03:35+00:00,3372.2378408729246,3363.039090909091,-9.198749963833507,8.407918169455249,sell,1.671073432094314,-0.8380382196453703,False,776
2025-12-10 19:04:23+00:00,3355.535795178095,3364.574,9.038204821904856,0.78849999865955,buy,0.030124502020767014,0.889689250875855,False,777
2025-12-10 19:05:11+00:00,3358.9100224117897,3374.148181818182,15.238159406392242,1.110041919289881,buy,6.924618440307869,1.4561788358088823,False,778
2025-12-10 19:05:11+00:00,3360.32110260684,3378.342727272727,18.021624665886975,3.4972770182239894,buy,31.551120611049196,1.7007057520200828,False,778
2025-12-10 19:05:47+00:00,3367.816462220281,3385.3336363636363,17.517174143355078,7.858857040431214,buy,66.93525398108476,1.6386945450650217,False,779
2025-12-10 19:05:47+00:00,3368.331101881345,3382.537272727273,14.206170845927772,0.6011401752841482,buy,3.129638454880243,1.3124448850551573,False,779
2025-12-10 19:05:59+00:00,3365.2651112611,3388.13,22.864888738899936,0.2269182747132315,buy,3.1461966317220855,2.054873818119486,False,780
2025-12-10 19:05:59+00:00,3365.1587727843416,3388.13,22.971227215658473,0.1193814884007987,buy,1.667905899791055,2.089496169622795,False,780
2025-12-10 19:05:59+00:00,3367.684682497753,3388.13,20.445317502247235,7.646439178177775,buy,87.51592415586705,1.8455538212578069,False,780
2025-12-10 19:05:59+00:00,3365.121029337219,3388.13,23.00897066278094,0.00234409607596,buy,0.03283837315886356,2.1221647555822307,False,780
2025-12-10 19:05:59+00:00,3365.122014528948,3388.13,23.007985471052052,0.0003423739154258,buy,0.00479596883295181,2.1073085820899684,False,780
2025-12-10 19:06:11+00:00,3368.9148802318928,3387.2046153846154,18.289735152722642,1.0799999989164333,buy,10.032913954874406,1.6205002342718644,False,781
2025-12-10 19:06:11+00:00,3372.04714341764,3384.4284615384618,12.381318120821561,0.4085724859124141,buy,1.3815135502847578,1.072737382701773,False,781
2025-12-10 19:06:23+00:00,3370.755040061643,3383.503076923077,12.74803686143423,6.964508232129111,buy,26.10323357578205,1.1016131717489228,False,782
2025-12-10 19:06:59+00:00,3385.275408116024,3376.1,-9.1754081160243,4.430954114999999,sell,0.7772253135022711,-0.903311308284221,False,783
2025-12-10 19:07:11+00:00,3390.800162378638,3376.458125,-14.342037378637997,7.288215715332505,sell,38.93392077488311,-1.376518873163295,False,784
2025-12-10 19:07:11+00:00,3390.1461253328343,3377.5325,-12.613625332834545,13.275969341758476,sell,47.974379131313185,-1.2076795288374982,False,784
2025-12-10 19:14:59+00:00,3395.231089647607,3405.94,10.708910352393104,0.368312879736793,buy,0.629413693101922,0.9939473842381407,False,785
2025-12-10 19:14:59+00:00,3394.923688073583,3405.94,11.016311926417075,0.5883233446503053,buy,1.1862433764079936,1.0265883510255152,False,785
2025-12-10 19:15:11+00:00,3393.341121164318,3403.66375,10.32262883568228,0.0349999999290518,buy,0.04629200915504168,0.9502793705239377,False,786
2025-12-10 19:15:11+00:00,3393.811886987001,3404.4225,10.610613012999238,2.8727999944203573,buy,4.6269690547575655,0.9808121948918542,False,786
2025-12-10 19:16:35+00:00,3407.589664486132,3396.486,-11.103664486131947,1.9535719366034283,sell,4.109659904136644,-1.1738871450141795,False,787
2025-12-10 19:16:59+00:00,3403.914753856627,3388.59,-15.324753856627012,0.0822582291999999,sell,0.5202630523720081,-1.5698539782303333,False,788
2025-12-10 19:17:23+00:00,3402.9144144803727,3390.07,-12.844414480372507,0.3084805114501521,sell,1.1859269451316816,-1.3176138311879029,False,789
2025-12-10 19:20:47+00:00,3388.410569181752,3398.155,9.74443081824802,0.2958614310549999,buy,0.2202483672083037,0.9160461324013954,False,790
2025-12-10 19:20:59+00:00,3389.9307699863325,3399.32,9.389230013667657,0.0591457506375,buy,0.023021301329017942,0.8770145704047683,False,791
2025-12-10 19:22:59+00:00,3402.1051076494605,3392.08,-10.025107649460551,0.2255624998988328,sell,0.23122584407773836,-1.0629535942700066,False,792
2025-12-10 19:23:11+00:00,3402.047618977634,3391.166363636364,-10.881255341269934,0.001175762496,sell,0.00221190947566487,-1.1407762946004687,False,793
2025-12-10 19:29:47+00:00,3369.3614094806994,3380.0025,10.641090519300633,0.999993915915152,buy,1.6410805347666702,1.0682073288905733,False,794
2025-12-10 19:29:47+00:00,3369.783665448821,3380.6512500000003,10.867584551179334,0.3449999989376638,buy,0.6443166681728676,1.0893930602226074,False,794
2025-12-10 19:31:11+00:00,3375.6025269071893,3385.6850000000004,10.082473092811142,7.533670686133838,buy,8.154995807839935,1.0130319120990607,False,795
2025-12-10 19:33:35+00:00,3387.6985895591324,3397.942,10.243410440867592,4.217701807367535,buy,5.244334463746907,1.0199595570206221,False,796
2025-12-10 19:33:47+00:00,3385.402344827841,3400.946,15.543655172159106,2.9906448119728197,buy,19.56974839195674,1.5593664530764972,False,797
2025-12-10 19:35:47+00:00,3399.358518611772,3384.3836363636365,-14.9748822481356,3.749100058208808,sell,22.40043138427595,-1.5630480180214656,False,798
2025-12-10 19:35:47+00:00,3397.83227678758,3387.664545454545,-10.167731333035135,4.743599556726335,sell,5.53924983376092,-1.059933544555839,False,798
2025-12-10 19:35:47+00:00,3397.910289928768,3385.4772727272725,-12.433017201495659,0.7497037745671039,sell,2.5737459541150915,-1.2915468704057984,False,798
2025-12-10 19:39:11+00:00,3397.141398594757,3387.563888888889,-9.577509705868124,2.4875448291600715,sell,1.4365812826220057,-0.8727911868982684,False,799
2025-12-10 19:39:47+00:00,3398.148300057963,3386.644444444444,-11.503855613518681,0.6420606808015955,sell,1.607627239844701,-1.094762793134701,False,800
2025-12-10 19:40:23+00:00,3391.84222734627,3382.047222222222,-9.795005124048203,0.2861298916486783,sell,0.22747473000405624,-0.9252497146298526,False,801
2025-12-10 19:40:35+00:00,3391.5145391515084,3380.208333333333,-11.306205818175386,0.5104202158110421,sell,1.1771340714177612,-1.114895325420754,False,802
2025-12-10 19:48:59+00:00,3350.473316172142,3374.71,24.236683827858087,11.398875994223191,buy,173.68106951694028,2.7693007729864725,False,803
2025-12-10 19:48:59+00:00,3360.5020627719405,3374.71,14.207937228059563,31.350852133712813,buy,163.27326995855356,1.6904257356305814,False,803
2025-12-10 19:50:59+00:00,3368.0117746769406,3377.21,9.198225323059432,1.4284999984780309,buy,0.2831648736887064,1.091242024199306,False,804
2025-12-10 20:00:11+00:00,3392.013102179761,3378.295,-13.71810217976099,2.36174607428608,sell,11.142959301131116,-1.4701964801461365,False,805
2025-12-10 20:00:59+00:00,3382.4968425406723,3372.57,-9.926842540672169,0.4397865329218302,sell,0.4076128675266736,-1.2099117434738895,False,806
2025-12-10 20:00:59+00:00,3382.8255139411785,3372.57,-10.255513941178378,0.6010328778770567,sell,0.7546051572812065,-1.2493986479071264,False,806
2025-12-10 20:06:47+00:00,3376.7109448244555,3387.76,11.049055175544709,7.382960753040126,buy,15.12809394186033,1.9985115172944483,False,807
2025-12-10 20:06:59+00:00,3374.5054493538696,3388.93,14.424550646130228,3.42880725061963,buy,18.599738586804726,2.533444952209633,False,808
2025-12-10 20:07:23+00:00,3377.8888697869274,3391.4025,13.513630213072702,2.507399997896988,buy,11.317476386766275,2.3200208846055013,False,809
2025-12-10 20:07:47+00:00,3383.749921336273,3395.11125,11.361328663726908,0.0549720949610077,buy,0.12980718353654502,1.8814050588265494,False,810
2025-12-10 20:08:11+00:00,3387.882361273374,3398.82,10.937638726626119,0.2807781524156773,buy,0.5440466217111473,1.8028327875716184,False,811
2025-12-10 20:08:23+00:00,3388.114388338915,3403.765,15.650611661084895,0.2481779502173905,buy,1.6505351697399238,2.5097115020539498,False,812
2025-12-10 20:08:23+00:00,3387.71240732358,3402.52875,14.816342676419936,0.2499999997547327,buy,1.4540856676784253,2.398303765443572,False,812
2025-12-10 20:08:47+00:00,3433.6476115511164,3406.2375,-27.410111551116188,2.5337486499e-08,sell,4.6646595287149034e-07,-4.308437953735123,True,813
2025-12-10 20:11:47+00:00,3405.846055056707,3415.202222222222,9.356167165515217,0.0608429696029081,buy,0.021670268024996272,1.387532848246611,False,814
2025-12-10 20:12:35+00:00,3409.553701763024,3421.8644444444444,12.310742681420379,3.731249990994926,buy,12.353208600236307,1.8353010432829535,False,815
2025-12-10 20:12:35+00:00,3411.2226790527843,3421.0316666666668,9.808987613882437,1.335315420471123,buy,1.0802536357873562,1.4447239856310976,False,815
2025-12-10 20:12:59+00:00,3413.984460102631,3423.53,9.545539897369054,1.2516033980047896,buy,0.6827995892942915,1.3932470515754558,False,816
2025-12-10 20:13:11+00:00,3413.501824511605,3425.335,11.833175488395227,0.2112827439613832,buy,0.5986010913122756,1.7221330309655467,False,817
2025-12-10 20:13:11+00:00,3412.409624805084,3426.2375,13.827875194916032,0.3999999988506557,buy,1.931150072417522,2.0120911929000225,False,817
2025-12-10 20:13:11+00:00,3412.548107287864,3424.4325000000003,11.88439271213656,0.020000816062999,buy,0.05769020808889815,1.7388660456844687,False,817
2025-12-10 20:13:11+00:00,3412.9933839020864,3427.1400000000003,14.14661609791392,1.3302384849071387,buy,6.846226800487703,2.04650950198179,False,817
2025-12-10 20:13:23+00:00,3419.868675743301,3429.8475000000003,9.978824256699227,3.094148047278487,buy,3.028627162494729,1.4047418145359634,False,818
2025-12-10 20:13:35+00:00,3420.344070401052,3434.36,14.015929598948333,0.0820875330729749,buy,0.411745286845385,1.9940977900306507,False,819
2025-12-10 20:13:35+00:00,3420.5005015890347,3436.165,15.66449841096528,0.1588094645060412,buy,1.0583854238467585,2.223356772316402,False,819
2025-12-10 20:13:35+00:00,3420.3114077930272,3433.4575,13.146092206972753,0.0165189207249572,buy,0.06848896848534575,1.8385221680143264,False,819
2025-12-10 20:13:35+00:00,3420.409584675843,3435.2625,14.852915324157038,0.1159241307755771,buy,0.6784941214559598,2.0773163493406357,False,819
2025-12-10 20:13:35+00:00,3420.300048558,3432.5550000000003,12.25495144200022,0.0179276446889072,buy,0.058353612931826074,1.6831047565601602,False,819
2025-12-10 20:13:35+00:00,3421.5505905457744,3430.75,9.199409454225588,3.0136549190568087,buy,0.6009512826333767,1.2292350100746428,False,819
2025-12-10 20:13:47+00:00,3419.716570812866,3440.6775,20.960929187133843,1.329128088214515,buy,15.897606943764396,2.8216087167803514,False,820
2025-12-10 20:13:47+00:00,3420.260519944105,3438.8725,18.611980055894946,0.101538988031729,buy,0.9759907278567349,2.546842475225048,False,820
2025-12-10 20:13:47+00:00,3419.227017194605,3439.775,20.547982805394895,0.1509431235201969,buy,1.7430885950038315,2.794751262722389,False,820
2025-12-10 20:13:47+00:00,3420.2180677684605,3437.0675,16.849432231539595,0.026704893427919,buy,0.20961825121293728,2.3362292930858213,False,820
2025-12-10 20:13:47+00:00,3420.160866035076,3437.97,17.809133964923603,0.0139398182914332,buy,0.12279772677592751,2.454527587333935,False,820
2025-12-10 20:13:59+00:00,3419.036509425759,3441.58,22.543490574240877,0.4251052774642973,buy,5.757409318397763,2.9838702536535986,False,821
2025-12-10 20:14:11+00:00,3422.715330842368,3438.6,15.884669157631834,1.3339514405004058,buy,9.1838143401917,2.0280158951305998,False,822
2025-12-10 20:14:23+00:00,3422.1694881113744,3437.11,14.940511888625679,0.3141545428228688,buy,1.8662387965050171,1.8688989026587821,False,823
2025-12-10 20:14:35+00:00,3421.016553358322,3435.62,14.603446641677692,0.2072447417139813,buy,1.1612848519625694,1.8134825440269915,False,824
2025-12-10 20:15:35+00:00,3431.2241923045794,3440.804210526316,9.580018221736736,0.2288118094296499,buy,0.13271501881775055,1.1483036461482388,False,825
2025-12-10 20:15:47+00:00,3424.023585660577,3444.5173684210527,20.493782760475824,21.464368172224823,buy,246.70678486242363,2.531301772876969,False,826
2025-12-10 20:15:47+00:00,3414.9658261467057,3443.774736842105,28.80891069539939,5.927146692369405,buy,117.41031950767743,3.719511843391009,True,826
2025-12-10 20:15:47+00:00,3426.7727449299528,3441.546842105264,14.774097175311454,1.326496227018672,buy,7.659318117489814,1.8129635308724867,False,826
2025-12-10 20:15:59+00:00,3426.91122128646,3445.26,18.348778713540014,1.324302467426144,buy,12.380610717762053,2.2165462463979115,False,827
2025-12-10 20:17:35+00:00,3445.8279696436616,3435.675333333333,-10.15263631032849,0.289736274647293,sell,0.3339605505777776,-1.6746296733646702,False,828
2025-12-10 20:17:47+00:00,3446.2345622691937,3430.8286666666663,-15.40589560252738,3.0074737545361567,sell,19.265562898899677,-2.359195344915577,False,829
2025-12-10 20:17:59+00:00,3445.66584148368,3428.89,-16.775841483680324,3.112790424965183,sell,24.204564916447175,-2.510286006921482,False,830
2025-12-10 20:17:59+00:00,3442.383344573461,3428.89,-13.493344573460945,0.6899162516992354,sell,3.100031445715275,-2.05311156478351,False,830
2025-12-10 20:17:59+00:00,3443.627167260963,3428.89,-14.737167260962906,3.0043307026262585,sell,17.236347748213053,-2.2059899391696325,False,830
2025-12-10 20:18:23+00:00,3441.602345900784,3424.614210526316,-16.988135374467674,3.4339319390214937,sell,27.43071319561197,-2.442878071381937,False,831
2025-12-10 20:18:23+00:00,3442.767920132907,3423.5452631578946,-19.22265697501234,0.028726708071621,sell,0.29366328263749975,-2.710922690689626,False,831
2025-12-10 20:18:23+00:00,3441.9571408873603,3420.3384210526315,-21.618719834728836,1.80914513026e-06,sell,2.2829095539114944e-05,-2.9444604836378345,False,831
2025-12-10 20:18:23+00:00,3443.8530878032766,3419.2694736842104,-24.58361411906617,3.21129536947069,sell,50.04358786017525,-3.2795111310415668,True,831
2025-12-10 20:18:35+00:00,3440.122297723733,3413.924736842105,-26.19756088162785,0.0186977896229332,sell,0.32155637539226317,-3.399132654868833,True,832
2025-12-10 20:18:47+00:00,3439.254212031419,3409.648947368421,-29.605264662997797,3.0055871452707748,sell,61.93091859600832,-3.5362109737509506,True,833
2025-12-10 20:18:47+00:00,3438.707646185841,3411.786842105263,-26.92080408057791,1.362921868103094,sell,24.42465577541079,-3.325639784868637,True,833
2025-12-10 20:18:47+00:00,3439.703385846574,3410.717894736842,-28.98549110973181,1.598975081,sell,31.956302266008205,-3.5179683990487822,True,833
2025-12-10 20:18:59+00:00,3432.146124472422,3408.58,-23.56612447242196,0.0005487161477687,sell,0.007992667708426767,-2.7770457366281147,False,834
2025-12-10 20:21:23+00:00,3423.143227123024,3411.82,-11.323227123024026,1.788307654057735,sell,4.154644846218396,-1.345043147068081,False,835
2025-12-10 20:21:23+00:00,3423.8510531663123,3408.056666666667,-15.794386499645498,0.3480291582479999,sell,2.364644614283197,-1.8447359168960171,False,835
2025-12-10 20:21:35+00:00,3424.4503315463776,3404.293333333333,-20.156998213044517,1.46008834,sell,16.290203000267134,-2.320649096784008,False,836
2025-12-10 20:22:59+00:00,3389.356159463052,3398.66,9.303840536947973,5.897269738440981,buy,1.7918296038549417,0.9761563333848202,False,837
2025-12-10 20:24:47+00:00,3394.8868414281083,3404.18,9.293158571891581,0.0124460581378982,buy,0.003648668629385829,0.9463134925654282,False,838
2025-12-10 20:30:23+00:00,3402.490819263172,3392.835384615385,-9.655434647786933,4.035636022075607,sell,2.6450956747253853,-1.0889040115114659,False,839
2025-12-10 20:30:59+00:00,3408.539380305794,3389.14,-19.39938030579424,3.491047913001509,sell,36.30473491305197,-2.1121913985371896,False,840
2025-12-10 20:30:59+00:00,3406.518116927883,3389.14,-17.378116927883184,2.6909393772039825,sell,22.54500474806012,-1.9065801775560571,False,840
2025-12-10 20:30:59+00:00,3402.3806566330645,3389.14,-13.240656633064646,10.078337918230794,sell,42.73877054321235,-1.468182285603917,False,840
2025-12-10 20:31:11+00:00,3404.068851499951,3392.684210526316,-11.384640973635214,0.0963252108885861,sell,0.2297010446789753,-1.2443492906867175,False,841
2025-12-10 20:31:11+00:00,3404.049349538251,3393.1905263157896,-10.858823222461524,0.0016725333317427,sell,0.003108943797384275,-1.1808171629217843,False,841
2025-12-10 20:31:11+00:00,3407.7301598414574,3390.1526315789474,-17.577528262509986,2.922173159527188,sell,25.065022863792557,-1.889485861973999,False,841
2025-12-10 20:31:11+00:00,3403.7863092607536,3391.1652631578945,-12.621046102859054,0.8083097010274831,sell,2.926926692808735,-1.3485245040215947,False,841
2025-12-10 20:32:11+00:00,3387.1727604975663,3399.164,11.991239502433928,9.24999999627935,buy,27.668965386384475,1.2997041761455077,False,842
2025-12-10 20:32:11+00:00,3385.988513392884,3399.568,13.579486607115996,0.2914767312695497,buy,1.334813787134851,1.460791888240344,False,842
2025-12-10 20:34:59+00:00,3409.5603978086865,3397.37,-12.190397808686612,0.634202453017033,sell,2.023358116369216,-1.3032477235044704,False,843
2025-12-10 20:34:59+00:00,3409.503912373349,3397.37,-12.133912373349176,0.1978864771357151,sell,0.6201588792140964,-1.2917265088245304,False,843
2025-12-10 20:35:35+00:00,3408.973803093105,3397.0125,-11.961303093105016,2.271681345563129,sell,6.727136995165059,-1.2643470023414567,False,844
2025-12-10 20:46:47+00:00,3398.7685323547166,3387.935,-10.83353235471668,0.7092176289892838,sell,1.3003734692873028,-1.2168032161446025,False,845
2025-12-10 20:46:59+00:00,3399.1384788349515,3384.18,-14.95847883495162,0.4398911557473512,sell,2.621082141202999,-1.658321589825141,False,846
2025-12-10 20:47:35+00:00,3394.0941580505155,3383.482857142857,-10.61130090765846,3.000990772704545,sell,4.835499155933498,-1.1755192920937207,False,847
2025-12-10 20:49:47+00:00,3384.8736192275446,3371.035,-13.838619227544768,3.0222634369239945,sell,14.623581976605974,-1.4994369538450807,False,848
2025-12-10 20:50:11+00:00,3386.238604659477,3368.09,-18.14860465947686,1.2949106087699769,sell,11.846625228999027,-1.9452788717195513,False,849
2025-12-10 20:51:23+00:00,3381.8709484742167,3362.962857142857,-18.90809133135963,7.511019902004299e-05,sell,0.0007441987118071844,-1.977379512451536,False,850
2025-12-10 20:57:47+00:00,3343.002030666468,3354.82875,11.82671933353231,15.799999994157888,buy,44.66216545329649,1.3379442108199173,False,851
2025-12-10 21:00:35+00:00,3351.157031703142,3360.435555555556,9.27852385241431,1.6541637248143888,buy,0.46072405315930753,1.0398116631348513,False,852
2025-12-10 21:00:59+00:00,3350.16959948833,3361.06,10.890400511670123,1.5199999966502409,buy,2.8734087714062,1.205696576230753,False,853
2025-12-10 21:03:11+00:00,3364.559314865904,3353.91875,-10.640564865904253,0.5917899043130278,sell,0.970869725012793,-1.205739912287307,False,854
2025-12-10 21:04:23+00:00,3353.6478877308687,3342.9657142857145,-10.682173445154149,0.0025062499944462,sell,0.004215947187575131,-1.1844563143411568,False,855
2025-12-10 21:04:59+00:00,3351.290643355375,3337.52,-13.770643355374887,2.685532518,sell,12.811717862639888,-1.507088241804321,False,856
2025-12-10 21:10:35+00:00,3331.8449537678857,3342.24,10.395046232114055,6.351927327250526,buy,8.861232284543146,1.2823272320343224,False,857
2025-12-10 21:10:47+00:00,3329.544300820519,3342.69,13.145699179481198,1.1562825348355474,buy,4.7935995559161695,1.5929993437099816,False,858
2025-12-10 21:10:59+00:00,3326.468323243013,3344.04,17.571676756987017,9.256799999820856,buy,79.34629740254186,2.0822861242931294,False,859
2025-12-10 21:27:59+00:00,3369.871820050786,3358.16,-11.711820050786173,5.93494384,sell,16.094499705601883,-1.7305636191085605,False,860
2025-12-10 21:29:59+00:00,3358.538470456156,3348.91,-9.628470456156265,1.1051568248065582,sell,0.6945584138103869,-1.3751795776825027,False,861
2025-12-10 21:30:11+00:00,3359.148512823158,3348.3064705882352,-10.842042234922701,0.8486764303862387,sell,1.5632978285548873,-1.5575767437571608,False,862
2025-12-10 21:58:35+00:00,3338.352401507062,3347.3853846153847,9.032983108322696,5.731570142313965,buy,0.18904499886307366,1.5715698654360672,False,863
2025-12-10 22:12:59+00:00,3347.917094551396,3333.11,-14.807094551395949,0.1665929350244959,sell,0.9674209252818095,-3.2859784741901454,True,864
2025-12-10 22:18:11+00:00,3333.5161211339755,3322.563333333333,-10.952787800642454,0.0155198424486397,sell,0.030306959001596526,-2.2425102292247976,False,865
2025-12-11 00:33:47+00:00,3302.63029865666,3291.925714285714,-10.704584370946122,2.725100658,sell,4.6451639908817945,-3.123016161353573,True,866
2025-12-11 00:33:59+00:00,3301.259702600342,3290.79,-10.469702600341861,0.0331160883567829,sell,0.048670801171114664,-2.938999955909689,False,867
2025-12-11 00:34:11+00:00,3301.2763553106165,3292.1671428571426,-9.109212453473901,0.0218583445411707,sell,0.0023872034362191117,-2.448320710597223,False,868
2025-12-11 00:37:47+00:00,3298.2327270875944,3287.4133333333334,-10.819393754261,0.0048833515802938,sell,0.008884739365047125,-2.745303257155132,False,869
2025-12-11 00:37:59+00:00,3298.235555458192,3286.23,-12.005555458191793,0.0048071639315638,sell,0.014448197792934298,-2.9740215442411357,False,870
2025-12-11 00:38:11+00:00,3298.9872472039683,3285.648,-13.33924720396817,2.72810997,sell,11.837943559440191,-3.1367998784452458,True,871
2025-12-11 00:47:47+00:00,3271.736395832153,3262.3275,-9.40889583215312,0.0075854038948904,sell,0.003101640037818734,-2.1042149724314325,False,872
2025-12-11 00:47:47+00:00,3271.722266271237,3261.698125,-10.024141271237113,0.0411591033836354,sell,0.042152736462296114,-2.235217530084853,False,872
2025-12-11 00:47:47+00:00,3271.742957556108,3261.06875,-10.674207556108286,0.003078803601223,sell,0.005154556252940948,-2.368785137523882,False,872
2025-12-11 00:47:47+00:00,3271.7404206385054,3260.439375,-11.301045638505457,0.0058199687480964,sell,0.013392013704045285,-2.4896196303484808,False,872
2025-12-11 00:47:59+00:00,3269.1424143702084,3259.81,-9.332414370208426,0.0252834485388802,sell,0.008404581622749003,-1.9472428996709243,False,873
2025-12-11 00:47:59+00:00,3269.1318660469165,3259.81,-9.321866046916512,0.0111882131093806,sell,0.003601105925575826,-1.9652387749518485,False,873
2025-12-11 00:52:47+00:00,3261.314433320445,3270.455,9.140566679554922,3.56849999714716,buy,0.501612195590726,2.55712655202225,False,874
2025-12-11 00:52:59+00:00,3262.222110871707,3272.01,9.787889128293045,0.0969999997686988,buy,0.0764252452621857,2.6329920380641414,False,875
2025-12-11 01:21:23+00:00,3206.124487760697,3247.478181818182,41.35369405748497,150.06794265154926,buy,4855.252304384425,8.590570626856183,True,876
2025-12-11 01:21:23+00:00,3160.6277116625206,3247.747272727273,87.11956106475236,9.999999973857976,buy,781.1956086053202,12.567008124407225,True,876
2025-12-11 01:23:11+00:00,3244.2433821003674,3253.517272727273,9.27389062690554,0.8237460012231975,buy,0.22561630868595375,1.3283093824538317,False,877
2025-12-11 01:23:59+00:00,3245.267757047209,3254.65,9.382242952790875,7.499999993882148,buy,2.8668221435930588,1.3252756886172565,False,878
2025-12-11 01:26:11+00:00,3250.076671746244,3263.535,13.458328253756008,1.3925035090228652,buy,6.208237737731024,1.8448036113949677,False,879
2025-12-11 02:12:59+00:00,3237.564617904696,3228.0,-9.564617904696206,8.046480325344e-05,sell,4.5431868614749754e-05,-1.3521465595925446,False,880
2025-12-11 02:12:59+00:00,3237.049622973709,3228.0,-9.04962297370912,1.7709198723168782,sell,0.0878783102649383,-1.279736660434505,False,880
2025-12-11 02:17:47+00:00,3228.5807085270817,3217.1725,-11.40820852708157,0.00646287545016,sell,0.01556395176854145,-1.5111272877873798,False,881
2025-12-11 02:17:47+00:00,3228.5911739893304,3218.72375,-9.867423989330291,0.0303852205848606,sell,0.02635686925640066,-1.3258113631403696,False,881
2025-12-11 02:17:59+00:00,3227.6638888864054,3214.07,-13.593888886405239,0.0069175161257894,sell,0.031778300451792946,-1.755641876465393,False,882
2025-12-11 02:18:59+00:00,3216.8257072266106,3226.52,9.694292773389407,8.308858282857885,buy,5.768780260904944,1.180928627450751,False,883
2025-12-11 02:23:59+00:00,3234.857290130029,3225.77,-9.087290130029032,1.060110602549071,sell,0.09253719234166419,-2.005190037658898,False,884
2025-12-11 02:26:35+00:00,3232.346991053116,3222.117142857143,-10.229848195973318,10.390957333778424,sell,12.779300131383113,-2.267240755294869,False,885
2025-12-11 02:38:11+00:00,3224.952754603393,3215.858,-9.09475460339263,28.712143547165685,sell,2.720607774363948,-2.0868367612349847,False,886
2025-12-11 03:02:11+00:00,3204.656771357398,3195.36,-9.296771357398029,0.0500378007508363,sell,0.014849786050037807,-1.9900886700924203,False,887
2025-12-11 03:02:11+00:00,3204.629073878701,3195.01,-9.619073878700874,0.0485728754908911,sell,0.030070198429800576,-2.053625073080322,False,887
2025-12-11 03:02:11+00:00,3204.389429037149,3194.66,-9.729429037149202,0.8042588215547762,sell,0.5866497378254527,-2.06263858404804,False,887
2025-12-11 03:02:11+00:00,3205.220879158817,3193.96,-11.260879158816806,0.3331700052073343,sell,0.7532571211161488,-2.411771452530294,False,887
2025-12-11 03:02:35+00:00,3205.044986956925,3193.61,-11.434986956925059,2.808072909,sell,6.837620907509606,-2.394554268440844,False,888
2025-12-11 03:10:59+00:00,3181.8446084839484,3172.4,-9.444608483948286,2.828547936,sell,1.2575964096000147,-1.8864313872251868,False,889
2025-12-11 03:10:59+00:00,3182.7610863636937,3172.4,-10.36108636369363,0.0044676589332835,sell,0.006080869651726202,-2.110907504865482,False,889
2025-12-11 04:48:59+00:00,3191.772010091132,3201.15,9.37798990886813,0.8293752343935171,buy,0.31349546926588984,3.3716765714519066,True,890
2025-12-11 08:16:47+00:00,3209.4808887079544,3191.813333333333,-17.667555374621315,9.0980445164,sell,78.8578046466668,-5.765073268846734,True,891
2025-12-11 08:19:23+00:00,3202.5824702696505,3192.225185185185,-10.357285084465275,30.66611760968356,sell,41.6226640300814,-3.274129288299354,True,892
2025-12-11 08:19:23+00:00,3211.3842183221536,3192.276666666666,-19.10755165548744,6.22784402,sell,62.94825513446856,-5.0814740455723415,True,892
2025-12-11 10:17:35+00:00,3180.496169551945,3197.655294117647,17.15912456570186,5.2807819499327,buy,43.08655773381086,6.104761919999398,True,893
2025-12-11 10:17:35+00:00,3166.8409959854275,3197.201176470588,30.360180485160527,98.7499999369842,buy,2109.317821563573,7.364964923600801,True,893
2025-12-11 10:17:47+00:00,3185.503167538522,3196.747058823529,11.243891285007066,0.1979999999458084,buy,0.4442904743097991,1.4979324559933522,False,894
2025-12-11 14:14:23+00:00,3203.541004576832,3194.07,-9.471004576832001,9.333235806653745,sell,4.395996781586231,-4.5766574781345595,True,895
2025-12-11 14:29:59+00:00,3188.4338617887192,3171.95,-16.483861788719423,0.0001180626653453,sell,0.0008835646698520594,-4.463963980319666,True,896
2025-12-11 14:31:11+00:00,3165.954911457929,3175.55625,9.601338542071062,22.35105777340769,buy,13.440552495207056,2.7906322389593647,False,897
2025-12-11 14:41:23+00:00,3181.5496995159933,3194.36,12.810300484006802,30.96799994040285,buy,117.99738516163961,2.0412914369554414,False,898
2025-12-11 14:42:59+00:00,3194.971054217218,3181.33,-13.64105421721797,2.7561838923005486,sell,12.7915988767897,-2.4262715449189316,False,899
2025-12-11 14:52:11+00:00,3172.2905747741643,3163.2575,-9.033074774164106,2.837066715,sell,0.09383534088712767,-1.5775785262067534,False,900
2025-12-11 14:56:47+00:00,3148.67816805962,3158.58,9.901831940379907,5.277560568929302,buy,4.759472688349998,1.6380736333178947,False,901
2025-12-11 14:57:35+00:00,3151.533648152636,3163.806666666667,12.27301851403081,0.5196257640974064,buy,1.7007447462582168,1.9376179067490622,False,902
2025-12-11 15:23:11+00:00,3182.484805337684,3192.679,10.194194662316022,2.043835802166486,buy,2.440737805597603,1.6471282873192885,False,903
2025-12-11 15:25:35+00:00,3206.8260447880143,3197.5054545454545,-9.320590242559774,5.7008164835484525,sell,1.8276261392495574,-1.6061899097348262,False,904
2025-12-11 15:29:23+00:00,3197.569857140797,3187.695,-9.874857140796848,0.7818437474999999,sell,0.6840015854877429,-1.7047815198682983,False,905
2025-12-11 15:38:11+00:00,3179.9699442596743,3170.539285714286,-9.430658545388269,0.0006420070113195,sell,0.00027648580562392584,-1.7440167006554008,False,906
2025-12-11 15:38:23+00:00,3179.5890023192783,3170.0178571428573,-9.571145176420941,0.0918631907416158,sell,0.05246721828271075,-1.7448656660215005,False,907
2025-12-11 16:23:47+00:00,3164.718833387671,3175.458571428572,10.739738040901102,1.036138116096053,buy,1.8026088961999058,3.2989528513159776,True,908
2025-12-11 16:36:23+00:00,3163.9979556776407,3174.4566666666665,10.458710989025803,0.0019731561421514,buy,0.0028782645476200072,3.049928694473503,True,909
2025-12-11 16:36:35+00:00,3163.9332666739,3175.867777777778,11.934511103877867,0.206246565587648,buy,0.6052328368536278,3.3718443806178153,True,910
2025-12-11 16:40:47+00:00,3177.968047527046,3189.0,11.03195247295389,0.0249999999407872,buy,0.05079881170352965,2.924851591528075,False,911
2025-12-11 18:41:47+00:00,3200.8071565029154,3211.522,10.71484349708453,0.2198280794800388,buy,0.3769707525729258,3.7076556101947262,True,912
2025-12-11 18:43:35+00:00,3218.60841804244,3227.7515384615385,9.143120419098523,0.1022675238015424,buy,0.014636570866644893,1.9858470863845652,False,913
2025-12-11 18:43:35+00:00,3217.4676369489443,3228.9253846153847,11.457747666440355,0.0400037456544718,buy,0.09831911253115155,2.6479639654920155,False,913
2025-12-11 18:43:35+00:00,3217.4835896110494,3229.512307692308,12.028718081258376,0.0178571748385966,buy,0.05408434831384963,2.8670260286900824,False,913
2025-12-11 18:43:35+00:00,3218.320927821841,3230.686153846154,12.36522602431296,0.1832229520376293,buy,0.6165866464484755,3.1334037503676897,True,913
2025-12-11 18:43:35+00:00,3218.3804022003555,3231.273076923077,12.892674722721495,0.0319586090350536,buy,0.12440446956409192,3.3926568845514056,True,913
2025-12-11 18:43:35+00:00,3217.87938221916,3230.099230769231,12.219848550070765,1.41458498418322,buy,4.5547494102742165,3.000238157540601,True,913
2025-12-11 18:45:47+00:00,3221.474877276626,3231.656470588235,10.18159331160905,0.7899999984328498,buy,0.9334587143194146,2.2379965355176648,False,914
2025-12-11 18:46:11+00:00,3221.981003960388,3232.158,10.176996039611822,0.9999999978397178,buy,1.1769960370691785,2.18664049901599,False,915
2025-12-11 18:46:11+00:00,3222.6486925111617,3232.122,9.473307488838145,1.4084370417251988,buy,0.6666237994055798,1.9686805246824284,False,915
2025-12-11 18:48:35+00:00,3215.501991694796,3224.756842105263,9.254850410467043,4.437779781463879,buy,1.1309699988684132,1.9113592042133822,False,916
2025-12-11 18:50:47+00:00,3217.2899219470987,3208.101818181818,-9.18810376528063,4.9500357090485e-05,sell,9.311203551455953e-06,-2.572956979404116,False,917
2025-12-11 18:50:59+00:00,3218.728105104992,3207.24,-11.488105104992428,5.231538528617262,sell,13.016617720017187,-3.0520404769542715,True,918
2025-12-11 19:04:35+00:00,3212.166721320613,3202.626666666667,-9.540054653945845,0.0175215251519886,sell,0.009462581202560615,-2.4030598770214584,False,919
2025-12-11 19:21:11+00:00,3198.2877646623106,3207.866666666667,9.578902004356223,5.410435995845123,buy,3.1321122424358006,1.8887989152124867,False,920
2025-12-11 19:52:11+00:00,3216.60978033299,3206.785714285714,-9.824066047275664,0.116142152922673,sell,0.0957088048810729,-2.869145469617102,False,921
2025-12-11 19:56:47+00:00,3205.731242219029,3195.485,-10.246242219028773,0.0017983784554594,sell,0.0022412151569852594,-2.7677990781745843,False,922
2025-12-11 21:01:59+00:00,3227.777009477189,3218.4,-9.377009477188949,4.148764548381556,sell,1.5641235533653763,-2.867996715690188,False,923
2025-12-11 21:16:47+00:00,3245.5900083265287,3257.954375,12.364366673471068,1.400672232887476,buy,4.712374980782931,3.1386010778816718,True,924
2025-12-11 21:16:59+00:00,3246.707497693052,3259.58,12.872502306947808,0.2699827876773119,buy,1.0455089681165906,3.0919127718599584,True,925
2025-12-11 21:16:59+00:00,3246.6055051209096,3259.58,12.974494879090344,0.0959764635735734,buy,0.38145796298636836,3.0378350863875307,True,925
2025-12-11 21:17:11+00:00,3248.94286546832,3259.048333333333,10.105467865012997,0.1270812550717124,buy,0.140484243727298,2.2799823238991572,False,926
2025-12-11 21:17:11+00:00,3248.5759509975446,3257.985,9.409049002455504,0.7660271733021522,buy,0.3133426510930547,2.063101837340002,False,926
2025-12-11 21:17:11+00:00,3247.705900120949,3257.4533333333334,9.747433212384294,1.405666335683285,buy,1.0506417048202172,2.117500324959448,False,926
2025-12-11 21:29:23+00:00,3243.9189252533283,3259.7,15.781074746671493,2.1707683910287874,buy,14.72014271727802,3.7770996234665053,True,927
2025-12-11 22:01:11+00:00,3260.1511979882,3250.8425,-9.308697988199583,3.0673424,sell,0.9468824279992807,-2.1736373652449945,False,928
2025-12-11 22:31:35+00:00,3232.5487349229807,3241.7103225806454,9.161587657664768,2.2236044460351376,buy,0.3593070340077817,2.632678150143896,False,929
2025-12-11 23:10:35+00:00,3226.330740765796,3236.0644444444447,9.733703678648908,8.370551185521007,buy,6.141504197135741,2.667738420220444,False,930
2025-12-12 00:52:59+00:00,3225.476599809138,3216.01,-9.466599809137733,2.7902853180000005,sell,1.3019465968186195,-3.2716444069681843,True,931
2025-12-12 00:53:59+00:00,3219.481074832642,3210.34,-9.141074832642062,0.0490212519755855,sell,0.006915664918360059,-2.6503441703587653,False,932
2025-12-12 00:56:23+00:00,3215.618811079353,3206.27,-9.3488110793528,0.4103574604220826,sell,0.1431372286903003,-2.7238501390833854,False,933
2025-12-12 00:56:59+00:00,3215.7569311210946,3202.83,-12.92693112109464,0.0925401121334919,sell,0.36339864628659707,-3.714565356657485,True,934
2025-12-12 00:58:23+00:00,3204.7015689603577,3194.6775,-10.024068960357909,0.0141065110205146,sell,0.014446040075055766,-2.48958675888384,False,935
2025-12-12 00:58:23+00:00,3204.693517212665,3193.59,-11.103517212664883,0.0153307356026768,sell,0.03224846622304499,-2.733155409633381,False,935
2025-12-12 00:58:35+00:00,3204.709425615411,3192.5025,-12.20692561541091,0.014637806668226,sell,0.04694235715776659,-2.9511534226228493,False,936
2025-12-12 00:58:47+00:00,3205.484013853743,3190.3275,-15.156513853743036,2.807688312,sell,17.285571989820397,-3.529157146141063,True,937
2025-12-12 00:58:59+00:00,3204.95594901824,3189.24,-15.71594901824028,0.0096107155573964,sell,0.06454507571228295,-3.3332352438734554,True,938
2025-12-12 00:58:59+00:00,3204.96050967846,3189.24,-15.720509678460076,0.0064337806777122,sell,0.043238285313654264,-3.4985384165339535,True,938
2025-12-12 00:59:23+00:00,3202.240471883181,3192.0777777777776,-10.162694105403261,0.0154121348578722,sell,0.01791959835092814,-1.838066517179312,False,939
2025-12-12 00:59:59+00:00,3190.41086028108,3202.01,11.599139718920014,0.6905014173647572,buy,1.7947096598433065,3.20001889298759,True,940
2025-12-12 00:59:59+00:00,3191.205935086493,3202.01,10.804064913507318,2.1755565100538803,buy,3.9248451671406364,2.8579233604677694,False,940
2025-12-12 01:00:23+00:00,3191.2883139333376,3202.0345454545454,10.746231521207847,0.4234496056341678,buy,0.7394410490014155,2.6710932217836296,False,941
2025-12-12 01:04:47+00:00,3196.073871264484,3206.4,10.32612873551625,3.904055298028323,buy,5.177279915759814,2.2519060795580144,False,942
2025-12-12 01:16:11+00:00,3216.018902678528,3228.962,12.943097321472123,0.3203786374333363,buy,1.263284147120277,2.520852280797561,False,943
2025-12-12 01:18:11+00:00,3221.409051599554,3231.328,9.91894840044597,1.9705322519808608,buy,1.8108174609850072,1.9038983779346894,False,944
2025-12-12 05:08:11+00:00,3251.5166764567666,3242.0908333333336,-9.42584312343297,0.0022740283183961,sell,0.0009683793218808176,-2.9165660178397994,False,945
2025-12-12 09:28:59+00:00,3243.616353802462,3234.11,-9.506353802461945,0.1376251964806767,sell,0.0696870415525629,-3.38036378462507,True,946
2025-12-12 14:30:59+00:00,3220.310690165265,3231.8,11.489309834735195,1.0024127733570751,buy,2.495315975181949,4.485546926448699,True,947
2025-12-12 14:35:47+00:00,3232.781521881169,3241.904,9.122478118831168,0.0087869937413742,buy,0.0010762144636247597,2.9919091696907043,False,948
2025-12-12 14:53:47+00:00,3224.607386557192,3233.831428571428,9.224042014236147,0.1331719507280808,buy,0.029836112080876175,2.7072021739832612,False,949
2025-12-12 14:53:47+00:00,3687.067151451596,3232.672857142857,-454.39429430873906,2.1697462160000006e-09,sell,9.66392584704377e-07,-12.78722951304871,True,949
2025-12-12 14:59:59+00:00,3235.6024677072883,3223.53,-12.07246770728807,0.0007344545640935,sell,0.0022565879306476145,-0.26503213325970953,False,950
2025-12-12 15:23:23+00:00,3204.950289298043,3194.8266666666664,-10.123622631376747,0.7442224417535075,sell,0.8362251783327043,-0.2677320357756157,False,951
2025-12-12 15:25:47+00:00,3193.704691949489,3182.997142857143,-10.707549092346198,0.034934297551442,sell,0.05965202807571681,-0.2908061038117483,False,952
2025-12-12 15:25:47+00:00,3193.716503303277,3181.1985714285715,-12.517931874705482,0.0066172686204744,sell,0.023279100203455267,-0.3535846806423641,False,952
2025-12-12 15:25:59+00:00,3193.7266725612853,3179.4,-14.32667256128525,0.0292150974601629,sell,0.15561925801632412,-0.41546327712357606,False,953
2025-12-12 15:26:23+00:00,3190.8271326867143,3178.826666666667,-12.000466020047497,0.0128510456050537,sell,0.03855912566004436,-0.33073655017245546,False,954
2025-12-12 15:26:35+00:00,3189.814457998625,3177.9666666666667,-11.847791331958433,2.821480722,sell,8.034988343399421,-0.32380118759926746,False,955
2025-12-12 15:27:11+00:00,3184.222326121981,3172.018,-12.204326121981012,0.0157432138418087,sell,0.05044639135724067,-0.33581993539801175,False,956
2025-12-12 15:27:23+00:00,3181.904018018028,3169.1368,-12.767218018027961,0.1222995287715794,sell,0.46072898838462295,-0.3544755521638004,False,957
2025-12-12 15:27:23+00:00,3181.510111855628,3170.0972,-11.412911855627954,1.14300840234608,sell,2.7579785251032227,-0.3051373626218147,False,957
2025-12-12 15:27:35+00:00,3181.957314348096,3168.1764000000003,-13.780914348095848,0.0488410571377635,sell,0.23350491084610267,-0.3896157282698559,False,958
2025-12-12 15:27:35+00:00,3181.9742026914514,3167.216,-14.758202691451515,0.0048224570730399,sell,0.02776868529738775,-0.4239633540302145,False,958
2025-12-12 15:27:47+00:00,3181.344858438012,3165.2952,-16.049658438012102,0.5457135602244636,sell,3.8470942045740153,-0.46847989433271403,False,959
2025-12-12 15:27:47+00:00,3181.519454495147,3164.3348,-17.184654495146788,0.0150565233641173,sell,0.12323244163340528,-0.5083826610694011,False,959
2025-12-12 15:28:11+00:00,3177.458267120134,3163.3744,-14.083867120134073,2.693838241267569,sell,13.695115661739992,-0.39327399922347933,False,960
2025-12-12 15:28:11+00:00,3179.131377950719,3162.414,-16.717377950718856,2.689193480739671,sell,20.75352247347723,-0.48738291247485493,False,960
2025-12-12 15:28:23+00:00,3172.2069096446253,3159.5328,-12.674109644625332,0.0027429623123085,sell,0.010077944286496462,-0.33864390942484274,False,961
2025-12-12 15:28:35+00:00,3172.861132825203,3157.612,-15.249132825203105,2.1029608727497973,sell,13.141681820018528,-0.42994694738988126,False,962
2025-12-12 15:28:47+00:00,3170.6111436683555,3153.7704,-16.84074366835557,0.1545968542938015,sell,1.212154306451813,-0.4845365641464274,False,963
2025-12-12 15:28:47+00:00,3173.532787330191,3155.6912,-17.841587330190578,2.72589089942178,sell,24.101202439809406,-0.5228332322437862,False,963
2025-12-12 15:28:59+00:00,3172.6001560126124,3152.81,-19.790156012612442,6.2646444725576655,sell,67.5964912224474,-0.5902522353385686,False,964
2025-12-12 15:28:59+00:00,3167.768156674569,3152.81,-14.958156674569182,0.5999035453386645,sell,3.5743193127572797,-0.41203625640808134,False,964
2025-12-12 15:29:11+00:00,3163.146729111907,3153.24875,-9.897979111906807,2.6290763300553133,sell,2.360855627998277,-0.22444741423946615,False,965
2025-12-12 15:29:23+00:00,3164.8543681976694,3154.1262500000003,-10.728118197669119,0.0242391883085878,sell,0.041888182412799124,-0.2540776286691032,False,966
2025-12-12 15:29:23+00:00,3164.839664332928,3154.565,-10.274664332927841,0.0234383500800932,sell,0.029876028869771216,-0.2369003885723767,False,966
2025-12-12 15:29:23+00:00,3164.8666782821497,3154.345625,-10.52105328214975,0.0155732790699267,sell,0.023687787243146026,-0.24557172883235037,False,966
2025-12-12 15:29:23+00:00,3164.7498615414024,3153.6875,-11.062361541402424,0.1322528854764354,sell,0.2727532647460996,-0.2651480275866871,False,966
2025-12-12 15:29:23+00:00,3164.811559096974,3153.906875,-10.904684096974051,0.0674932769333502,sell,0.1285533712276177,-0.2585995168549417,False,966
2025-12-12 15:29:35+00:00,3165.435851299751,3155.4425,-9.993351299750884,0.5606257044417204,sell,0.556898272180938,-0.22344469049515853,False,967
2025-12-12 15:29:35+00:00,3167.4236106984004,3155.00375,-12.419860698400498,8.25712769036069,sell,28.238226469939,-0.3144337424194533,False,967
2025-12-12 15:33:23+00:00,3153.956673340229,3144.012,-9.944673340228746,0.0004558528061443,sell,0.0004306319930329831,-0.22181859933104786,False,968
2025-12-12 15:33:35+00:00,3153.9619355461955,3142.753,-11.208935546195335,2.853553779,sell,6.303316375413126,-0.2712200255857613,False,969
2025-12-12 15:33:35+00:00,3153.958264931864,3141.494,-12.464264931863909,0.0053370623787767,sell,0.018488998037966296,-0.32024694943777043,False,969
2025-12-12 15:33:47+00:00,3152.766682184689,3137.717,-15.049682184689118,0.0980691475671613,sell,0.5932871749047038,-0.42151449533952895,False,970
2025-12-12 15:33:47+00:00,3152.804842067588,3136.458,-16.346842067588113,0.0261358987085168,sell,0.19201632010595307,-0.472143955141162,False,970
2025-12-12 15:33:47+00:00,3152.6731799633494,3135.199,-17.474179963349343,0.2063640015510784,sell,1.7487656871007413,-0.515974510006581,False,970
2025-12-12 15:34:11+00:00,3141.4972587043603,3128.8920000000003,-12.60525870436004,4.1924594915712e-05,sell,0.00015114901074663934,-0.31965397889246655,False,971
2025-12-12 15:34:11+00:00,3141.4580002929724,3130.154,-11.304000292972432,0.1166280389442835,sell,0.2687110358964294,-0.2673403425421089,False,971
2025-12-12 15:34:11+00:00,3141.316676162396,3131.416,-9.90067616239594,0.3444039033726729,sell,0.3101963860038809,-0.2109776688314108,False,971
2025-12-12 15:34:23+00:00,3134.409811695692,3125.106,-9.30381169569182,2.0488363082062344,sell,0.6224604329911049,-0.18614735222777593,False,972
2025-12-12 15:34:35+00:00,3135.5675780393462,3123.844,-11.723578039346194,0.7735357276262678,sell,2.1067849204125815,-0.28289312740578343,False,973
2025-12-12 15:34:35+00:00,3135.183467801352,3122.5820000000003,-12.601467801351646,0.4832298487662198,sell,1.7403367409835662,-0.31769571690920034,False,973
2025-12-12 15:34:35+00:00,3134.651975468176,3121.32,-13.331975468175642,1.599481159069074,sell,6.928913142896371,-0.3465553821293592,False,973
2025-12-12 15:34:35+00:00,3135.6173768163776,3120.058,-15.559376816377608,1.5595099507851593,sell,10.229413416090358,-0.4356235709327243,False,973
2025-12-12 15:34:35+00:00,3136.1468557717644,3117.534,-18.612855771764316,0.1725051277507432,sell,1.6582669129576724,-0.5575999253217961,False,973
2025-12-12 15:34:47+00:00,3136.274573863868,3116.2720000000004,-20.002573863867838,0.2451960521596152,sell,2.697787675014957,-0.6108981927893229,False,974
2025-12-12 15:34:59+00:00,3136.9938155013915,3115.01,-21.98381550139129,7.8132764810958e-05,sell,0.0010144614029190765,-0.678936805627417,False,975
2025-12-12 15:34:59+00:00,3137.027254659051,3115.01,-22.01725465905065,0.1280168501576015,sell,1.666427939151027,-0.681678143506564,False,975
2025-12-12 15:34:59+00:00,3137.0940170167964,3115.01,-22.084017016796224,0.0902672717055785,sell,1.1810585190555574,-0.6857866654511724,False,975
2025-12-12 15:34:59+00:00,3137.241545923834,3115.01,-22.23154592383389,0.2568795332469964,sell,3.398913341050648,-0.6931931001265351,False,975
2025-12-12 15:34:59+00:00,3137.1423093081776,3115.01,-22.132309308177355,0.0675668130741395,sell,0.8873082882574016,-0.6906037204487828,False,975
2025-12-12 15:34:59+00:00,3136.621161800589,3115.01,-21.61116180058889,0.6901185085282597,sell,8.703196172630966,-0.6708920447277952,False,975
2025-12-12 15:34:59+00:00,3136.609926396813,3115.01,-21.59992639681286,0.3580750123080211,sell,4.511718799618925,-0.6726744015130851,False,975
2025-12-12 15:34:59+00:00,3136.879332624405,3115.01,-21.869332624404706,0.1540503005564162,sell,1.9825245587500373,-0.6849652849372034,False,975
2025-12-12 15:35:11+00:00,3133.836734063273,3115.7584615384617,-18.078272524811382,0.0406241683289393,sell,0.36879727118392236,-0.5171742737083027,False,976
2025-12-12 15:35:11+00:00,3133.820942083109,3116.506923076923,-17.314019006185845,0.0112019380330853,sell,0.09313312571318726,-0.4852197580718838,False,976
2025-12-12 15:35:11+00:00,3134.296322893703,3118.003846153846,-16.29247673985674,0.0602517740969843,sell,0.4393846611373607,-0.44245874871541374,False,976
2025-12-12 15:36:11+00:00,3113.9966829894174,3124.7866666666664,10.789983677248983,1.902823518524646,buy,3.406023038844595,0.6712021389146545,False,977
2025-12-12 15:39:23+00:00,3123.099213500868,3113.235,-9.864213500867663,0.0308381807352317,sell,0.026650772133584317,-0.19168989391727506,False,978
2025-12-12 15:39:47+00:00,3124.539735768548,3107.9075,-16.63223576854807,4.727501180063146,sell,36.08140360233116,-0.47426005156988965,False,979
2025-12-12 15:39:59+00:00,3126.528462061088,3102.58,-23.948462061087866,2.8785920579999997,sell,43.030524168361836,-0.777090558725547,False,980
2025-12-12 15:39:59+00:00,3123.298329467033,3102.58,-20.718329467033072,7.780163684570782,sell,91.1705213632464,-0.6427301625167278,False,980
2025-12-12 15:40:35+00:00,3107.908339739794,3098.2722580645163,-9.636081675277637,0.248371493499267,sell,0.15798455567622255,-0.17076095171315656,False,981
2025-12-12 15:40:35+00:00,3111.3169530751115,3099.6429032258065,-11.674049849304993,12.013194825123197,sell,32.1238818117922,-0.2572473726617503,False,981
2025-12-12 15:40:35+00:00,3109.2769306849887,3100.0345161290325,-9.242414555956202,2.506862150192208,sell,0.6076998749822541,-0.15322722037360528,False,981
2025-12-12 15:40:35+00:00,3110.819426855785,3100.426129032258,-10.393297823527064,0.8049235630275244,sell,1.1214982484718992,-0.20246985670210205,False,981
2025-12-12 15:40:35+00:00,3110.327922246082,3100.817741935484,-9.510180310598116,0.3302268698595238,sell,0.16847524703277555,-0.16473462600386574,False,981
2025-12-12 15:40:35+00:00,3110.5023374180864,3099.8387096774195,-10.663627740666925,0.250219767925346,sell,0.4162725471838457,-0.2149151822088895,False,981
2025-12-12 15:40:47+00:00,3108.4553242480724,3097.293225806452,-11.162098441620401,1.39929430964306,sell,3.0254120462475544,-0.23481065053456346,False,982
2025-12-12 15:40:47+00:00,3108.9600106256794,3097.4890322580645,-11.470978367614862,1.1339074008515593,sell,2.8018606583825965,-0.24880786760960472,False,982
2025-12-12 15:40:47+00:00,3108.58413063698,3097.684838709677,-10.899291927302784,0.1178599656959985,sell,0.22385048139859298,-0.2236668400676245,False,982
2025-12-12 15:40:47+00:00,3107.3321270732163,3097.097419354839,-10.234707718377194,2.201794588158227,sell,2.718572772280099,-0.19575903126157523,False,982
2025-12-12 15:40:47+00:00,3108.884688177716,3097.8806451612904,-11.004043016425385,0.0306135703141137,sell,0.061350911795847035,-0.2288452359335852,False,982
2025-12-12 15:40:47+00:00,3108.0140814421025,3096.901612903226,-11.112468538876328,0.0705287406221436,sell,0.14898974565084722,-0.23404148359878807,False,982
2025-12-12 15:40:59+00:00,3106.3558174090635,3096.51,-9.84581740906333,0.0352666608203865,sell,0.029829155681414535,-0.1772249981285381,False,983
2025-12-12 15:41:11+00:00,3106.3669239616547,3096.9775,-9.389423961654757,0.0015515700874941,sell,0.0006042185702569697,-0.15608054168184057,False,984
2025-12-12 15:41:11+00:00,3106.48706507558,3096.8606250000003,-9.626440075579922,0.0170439554039191,sell,0.010677016711411892,-0.16623255694373934,False,984
2025-12-12 15:41:11+00:00,3106.43607392878,3097.094375,-9.341698928779806,0.057088202937237,sell,0.019506977789618057,-0.15359105456050526,False,984
2025-12-12 15:41:11+00:00,3106.4961073972863,3096.6268750000004,-9.869232397285941,0.0130000056667816,sell,0.011300026090467392,-0.17647726011054224,False,984
2025-12-12 15:41:11+00:00,3106.467562018753,3096.74375,-9.723812018753051,0.0479028703918916,sell,0.03467267332242083,-0.16989514355152233,False,984
2025-12-12 15:42:23+00:00,3090.317196275854,3100.3,9.982803724146379,0.74690867325257,buy,0.7340646256698568,0.6906898032930651,False,985
2025-12-12 15:42:35+00:00,3089.735086515348,3100.94,11.204913484652025,1.4121293657317333,buy,3.1136230805750094,0.7411197953204709,False,986
2025-12-12 15:42:35+00:00,3090.638646541096,3101.26,10.621353458904196,3.350201449977993,buy,5.43186070894767,0.7163195420468316,False,986
2025-12-12 15:46:59+00:00,3095.6753542224205,3108.81,13.134645777579408,3.193501116813072,buy,13.203995908326291,0.816053142244612,False,987
2025-12-12 15:47:11+00:00,3095.908176552312,3109.32625,13.41807344768813,1.8548120982692755,buy,8.194696081814193,0.8252936434972509,False,988
2025-12-12 15:47:23+00:00,3094.6400147933696,3109.8425,15.202485206630627,2.279938465305181,buy,14.14128460308352,0.9032526072936437,False,989
2025-12-12 15:47:35+00:00,3099.3770239784294,3111.9075000000003,12.530476021570848,4.292266627802357,buy,15.153744407644988,0.7784412628796902,False,990
2025-12-12 15:49:59+00:00,3117.3337456942413,3101.74,-15.593745694241534,2.887082595,sell,19.036688429700924,-0.5053208582667976,False,991
2025-12-12 15:49:59+00:00,3115.8780139490755,3101.74,-14.138013949075685,1.9306911756713976,sell,9.919918191956974,-0.4385074784746362,False,991
2025-12-12 15:50:11+00:00,3114.5512935873007,3100.5792307692304,-13.972062818070299,0.01926441222,sell,0.0957838677110411,-0.42866573699293337,False,992
2025-12-12 15:50:35+00:00,3108.2891575507538,3095.936153846154,-12.353003704599814,2.89548351,sell,9.708566935637673,-0.3532368073836157,False,993
2025-12-12 15:50:47+00:00,3104.4927878131025,3093.614615384616,-10.878172428486323,0.0055629840944696,sell,0.010448243346340758,-0.2856145193989749,False,994
2025-12-12 15:51:35+00:00,3100.318240536659,3091.293076923077,-9.025163613581753,0.012372723708957,sell,0.0003113424383659933,-0.197987935132094,False,995
2025-12-12 15:51:47+00:00,3099.3054599032407,3087.810769230769,-11.494690672471734,0.0149278629030145,sell,0.03724040034408709,-0.31047978762416495,False,996
2025-12-12 15:52:23+00:00,3096.648048493484,3084.525294117648,-12.122754375835939,0.0064392206307399,sell,0.02010810440161608,-0.3375736392494405,False,997
2025-12-12 15:52:23+00:00,3096.5557069705924,3083.8170588235294,-12.738648147063032,0.2400132784070266,sell,0.8973251985869535,-0.36545827670951464,False,997
2025-12-12 15:52:23+00:00,3095.569473002018,3085.587647058824,-9.981825943194053,2.9073810420000004,sell,2.85454213378616,-0.23818395942632722,False,997
2025-12-12 15:52:23+00:00,3096.6384880615515,3083.462941176471,-13.175546885080621,0.0240737975347796,sell,0.10052127030841049,-0.38497357259384285,False,997
2025-12-12 15:52:35+00:00,3092.238974622709,3081.6923529411765,-10.546621681532542,0.0112553121817651,sell,0.017407709852735247,-0.2632490958143691,False,998
2025-12-12 15:52:35+00:00,3092.005814690087,3082.0464705882355,-9.959344101851457,0.0159047682790108,sell,0.015258145639783156,-0.23584048864816384,False,998
2025-12-12 15:52:35+00:00,3092.255220447308,3082.4005882352944,-9.854632212013712,0.0408866280389725,sell,0.034943029362728924,-0.23074584850135327,False,998
2025-12-12 15:52:35+00:00,3092.228542579316,3082.754705882353,-9.47383669696319,0.0219360587569701,sell,0.010394109625793166,-0.21287802545989679,False,998
2025-12-12 15:52:35+00:00,3092.11620416354,3083.108823529412,-9.007380634127912,0.3371260842643502,sell,0.002488204282930916,-0.191046167971483,False,998
2025-12-12 15:52:47+00:00,3090.599283055759,3080.984117647059,-9.615165408699795,0.0058907073782788,sell,0.0036237594118897765,-0.21830746797561573,False,999
2025-12-12 15:52:59+00:00,3090.62449047192,3080.63,-9.994490471920017,0.0751535094981835,sell,0.07473944912729397,-0.23573589182752092,False,1000
2025-12-12 15:58:35+00:00,3065.918269885151,3075.2095833333333,9.291313448182336,5.794006593550009,buy,1.6878720395582452,1.9060126512509856,False,1001
2025-12-12 15:58:59+00:00,3061.258691552463,3071.41,10.151308447536849,11.972584437943402,buy,13.784137602252452,1.968825185826728,False,1002
2025-12-12 16:02:23+00:00,3078.9934205205127,3069.052105263158,-9.941315257354745,6.350431545155598,sell,5.977758104241833,-0.9356255062958442,False,1003
2025-12-12 16:06:11+00:00,3064.102786014316,3073.73,9.627213985684193,0.8524516507481796,buy,0.5346695974688356,1.828962735314564,False,1004
2025-12-12 16:08:23+00:00,3044.4828290133323,3079.5616,35.07877098666768,95.14999999684063,buy,2481.3950592990373,3.696555591027583,True,1005
2025-12-12 16:20:35+00:00,3066.218229797584,3056.665555555556,-9.552674242028388,0.0826865790360711,sell,0.045698742394681004,-0.728170503302523,False,1006
2025-12-12 16:20:47+00:00,3067.1604938195874,3055.4644444444443,-11.696049375143048,2.934310095,sell,7.911044898100687,-0.9329437679058996,False,1007
2025-12-12 16:20:47+00:00,3064.446789992447,3051.861111111111,-12.585678881336207,0.0652646346,sell,0.23401802198334432,-1.0160268406300224,False,1007
2025-12-12 16:20:59+00:00,3064.509606569554,3050.66,-13.849606569553998,0.0128997471292811,sell,0.06255869842374695,-1.1343159966506113,False,1008
2025-12-12 16:20:59+00:00,3064.4863822606544,3050.66,-13.826382260654555,0.0614458612346947,sell,0.29656121465377183,-1.1341476289681816,False,1008
2025-12-12 16:24:47+00:00,3058.811047303531,3076.3183333333336,17.5072860298028,1.9251144061974703,buy,16.37749889361585,1.8876823346605138,False,1009
2025-12-12 16:24:59+00:00,3061.880632069163,3078.57,16.689367930837307,0.56039782120456,buy,4.309105034881443,1.7934904630907826,False,1010
2025-12-12 16:25:11+00:00,3063.4615012817203,3078.856,15.39449871827992,0.2349999984327518,buy,1.5027071887740144,1.6540640709008914,False,1011
2025-12-12 16:25:47+00:00,3066.2047384257226,3079.714,13.509261574277389,0.0922881686450224,buy,0.41615149263143086,1.4589651118929503,False,1012
2025-12-12 16:26:11+00:00,3071.114390064874,3080.700909090909,9.586519026035148,8.264754451058996,buy,4.847435731054779,1.0762912519655135,False,1013
2025-12-12 16:32:11+00:00,3075.3136470103022,3066.216315789474,-9.097331220828437,0.2558923997118281,sell,0.02490631966467059,-0.7961909209588286,False,1014
2025-12-12 16:36:35+00:00,3068.147711884816,3058.362,-9.78571188481601,0.0053228307544448,sell,0.004182211384631447,-0.9959144466847296,False,1015
2025-12-12 16:36:59+00:00,3068.6826819436,3052.67,-16.0126819436,2.606981832,sell,18.28193442055965,-1.6003877986887656,False,1016
2025-12-12 16:37:11+00:00,3067.8761649822563,3053.072,-14.804164982256225,0.0051621995635836,sell,0.029962257938370297,-1.4715073622905295,False,1017
2025-12-12 16:56:23+00:00,3063.347846229667,3072.768125,9.42027877033297,3.8046444207584114,buy,1.5990112787105417,0.7740242688310953,False,1018
2025-12-12 17:20:35+00:00,3094.7494527206386,3085.3425,-9.406952720638401,0.0900111618907023,sell,0.03663028721924485,-1.9083660109323455,False,1019
2025-12-12 18:11:59+00:00,3074.770642864744,3085.16,10.389357135255977,0.0387011965514055,buy,0.05376978357163926,3.2944030368086548,True,1020
2025-12-13 07:54:59+00:00,3074.887993053754,3095.0,20.112006946245856,57.12243608931007,buy,634.7449066108985,6.3180273742064825,True,1021
2025-12-13 07:54:59+00:00,3056.981913595782,3095.0,38.01808640421814,15.060359984219282,buy,437.0228273007044,6.669079874498569,True,1021
2025-12-13 08:14:35+00:00,3092.8598605310103,3103.0857142857144,10.225853754704076,0.3321918393753549,buy,0.4072186135803321,1.4816861996897932,False,1022
2025-12-13 08:16:11+00:00,3101.47999430804,3110.701428571429,9.221434263388801,0.0185487319297814,buy,0.004107324791667475,1.1986261505803624,False,1023
2025-12-13 08:16:11+00:00,3100.594734377785,3110.862857142857,10.268122765072349,0.0166673739805504,buy,0.02113627637871049,1.3550075998629987,False,1023
2025-12-13 08:16:11+00:00,3101.0376906291986,3110.9435714285714,9.90588079937288,1.4652619907622146,buy,1.3273527034823733,1.2726690526376598,False,1023
2025-12-13 08:16:23+00:00,3102.0974664506143,3111.105,9.007533549385698,0.1198690789124242,buy,0.0009030396258049119,1.0917515570821819,False,1024
2025-12-13 10:19:23+00:00,3118.254037427237,3129.4714285714285,11.217391144191424,24.288473361358488,buy,53.85704573740563,4.107437000722408,True,1025
2025-12-13 23:56:23+00:00,3116.800282855859,3107.2342857142858,-9.565997141573462,0.1833093907693354,sell,0.10375259119901653,-3.689264614641099,True,1026
2025-12-14 00:01:47+00:00,3116.665831036613,3105.8514285714286,-10.81440246518423,0.0162707158062991,sell,0.029521626869261103,-3.3984177293520568,True,1027
2025-12-14 00:33:47+00:00,3106.16773213811,3115.886,9.718267861890126,20.348819977114367,buy,14.615903416949026,2.9002811642762505,False,1028
2025-12-14 00:34:11+00:00,3104.897689212186,3117.5550000000003,12.657310787814367,28.61999992680829,buy,104.67223447956236,3.0516737665524825,True,1029
2025-12-14 11:43:47+00:00,3080.1674220073965,3065.8858333333333,-14.281588674063187,2.921919093,sell,15.43237478811778,-4.421894465992757,True,1030
2025-12-14 11:43:47+00:00,3079.23316501629,3068.5441666666666,-10.688998349623489,8.961971543280001e-05,sell,0.00015136755145972594,-3.0622692450516773,True,1030
2025-12-14 11:44:23+00:00,3075.661563576161,3061.898333333333,-13.76323024282783,0.0220436194290403,sell,0.10499883472579191,-3.5979812936329423,True,1031
2025-12-14 11:44:59+00:00,3069.058317521852,3059.24,-9.81831752185235,0.0383638324263161,sell,0.03139379627986183,-2.308379836470286,False,1032
2025-12-14 11:44:59+00:00,3069.0411559830777,3059.24,-9.801155983077933,0.0177650201574229,sell,0.014232552188619445,-2.2545794094814,False,1032
2025-12-14 11:45:23+00:00,3052.8244097978386,3062.224,9.399590202161562,7.834606389164668,buy,3.130631950902575,2.810551696501016,False,1033
2025-12-14 11:45:47+00:00,3058.5403272885283,3070.181333333333,11.641006044804726,0.4087960145055334,buy,1.0796327454011942,2.8994952459669734,False,1034
2025-12-14 11:45:47+00:00,3059.378885143489,3072.1706666666664,12.791781523177633,2.5778051235488326,buy,9.774473837825099,3.3416699115456154,True,1034
2025-12-14 11:45:59+00:00,3059.126088498628,3074.16,15.033911501371676,2.687315130915267,buy,16.21502167623976,3.4333784589421135,True,1035
2025-12-14 11:46:11+00:00,3060.6248727832144,3074.47,13.845127216785386,0.3299999996672376,buy,1.598891979926901,2.8518048335016846,False,1036
2025-12-14 12:19:11+00:00,3103.146748442776,3093.2960000000003,-9.850748442775512,0.9204057498838164,sell,0.7830337584352839,-2.072806397274247,False,1037
2025-12-14 14:33:59+00:00,3090.8699762305296,3080.82,-10.04997623052941,2.7647879288736e-05,sell,2.9029616077719167e-05,-3.923706617686035,True,1038
2025-12-14 16:31:47+00:00,3101.307128073766,3092.10375,-9.203378073765634,0.0358963928442472,sell,0.007300539231797495,-3.532952428723694,True,1039
2025-12-14 16:52:59+00:00,3158.05997318845,3095.87,-62.18997318845004,1.5515854802e-08,sell,8.252879009142638e-07,-9.856289102383306,True,1040
2025-12-14 20:09:23+00:00,3084.9301793151144,3074.74,-10.19017931511462,0.48432473772606,sell,0.5764332846398698,-4.632070717231343,True,1041
2025-12-14 20:09:47+00:00,3084.9027140915464,3072.14,-12.762714091546513,0.0622657674495143,sell,0.23428828060324566,-4.984148259169712,True,1042
2025-12-14 20:10:11+00:00,3084.431303999409,3070.225,-14.206303999409101,1.3916620326198137,sell,7.245415606254335,-4.454721042506983,True,1043
2025-12-14 20:10:23+00:00,3081.0448133531395,3070.91,-10.134813353139634,0.0916331657288493,sell,0.1039865400595553,-2.985991807323363,False,1044
2025-12-14 20:11:35+00:00,3065.705998261334,3078.414545454545,12.708547193210961,6.072087607734509,buy,22.518623454594874,3.5058676732011245,True,1045
2025-12-14 20:14:23+00:00,3086.049731913625,3095.363333333333,9.313601419707993,5.026833854158444,buy,1.5764222333002906,1.9188880862582545,False,1046
2025-12-14 23:32:11+00:00,3060.194678079087,3037.88,-22.314678079087116,0.6001882514719323,sell,7.9913133551989635,-4.607440367658904,True,1047
2025-12-15 00:00:47+00:00,3062.218304624271,3073.905,11.686695375729414,0.3582006711747438,buy,0.9623760868283566,2.571674177070831,False,1048
2025-12-15 01:33:47+00:00,3082.858376097383,3092.872,10.013623902616928,1.472352179779996,buy,1.49241136249514,3.9062451308493293,True,1049
2025-12-15 01:38:47+00:00,3115.398487894613,3103.86,-11.5384878946129,3.9765303100510057,sell,10.094374054625757,-3.9219659875842376,True,1050
2025-12-15 02:20:59+00:00,3136.9090497420075,3147.55,10.6409502579927,0.0029803694821081,buy,0.0048906380705788545,2.4893124996572644,False,1051
2025-12-15 02:21:59+00:00,3146.9209101833058,3137.31,-9.610910183305805,1.5517588078549942,sell,0.9479852577530917,-2.948035306211939,False,1052
2025-12-15 02:21:59+00:00,3146.407319638376,3137.31,-9.09731963837612,3.15041201122659,sell,0.3065969576683584,-2.7694843961689566,False,1052
2025-12-15 02:39:47+00:00,3134.9592364698938,3124.9266666666667,-10.032569803227034,0.8986593787970153,sell,0.9279285379325626,-3.139462375862819,True,1053
2025-12-15 05:00:11+00:00,3107.2381334979623,3123.3725,16.134366502037665,51.94085981022408,buy,370.5651303170971,2.762001072481879,False,1054
2025-12-15 05:00:11+00:00,3088.558751608506,3123.16375,34.604998391494064,9.96999997424792,buy,255.28183330381384,6.811686973750398,True,1054
2025-12-15 09:04:35+00:00,3207.3097925775023,3144.39,-62.91979257750245,1.5901176780000002e-08,sell,8.573881537157984e-07,-8.846092696556829,True,1055
2025-12-15 10:27:59+00:00,3162.2562104822528,3173.75,11.493789517747246,1.4425679680471928,buy,3.597460877354033,3.636144696687518,True,1056
2025-12-15 10:27:59+00:00,3163.0760518587203,3173.75,10.673948141279652,7.747797183567247,buy,12.969410694444118,3.0481156358522443,True,1056
2025-12-15 10:28:11+00:00,3161.8851190698747,3173.3625,11.477380930125491,0.0405647195169855,buy,0.10049426256726922,3.139760706875685,True,1057
2025-12-15 10:28:11+00:00,3162.339201534397,3172.975,10.635798465602875,1.443301332692395,buy,2.360950105420804,2.7963008389987385,False,1057
2025-12-15 14:34:47+00:00,3116.572738618327,3129.115,12.542261381672688,2.167059453261523,buy,7.676291013077022,3.919256109222081,True,1058
2025-12-15 14:34:47+00:00,3116.925089315411,3130.9975,14.072410684589158,4.786321475976397,buy,24.278188194621226,4.1720557678515515,True,1058
2025-12-15 14:35:35+00:00,3113.7785938949955,3134.7625,20.98390610500428,9.193149988288898,buy,110.16984626887535,4.932595502001912,True,1059
2025-12-15 14:35:59+00:00,3120.64093271314,3140.41,19.76906728685981,0.4951783564078652,buy,5.332609039152948,3.3462361292786755,True,1060
2025-12-15 14:35:59+00:00,3122.616750588709,3140.41,17.79324941129107,0.0398799999956838,buy,0.35067478648433453,3.088056344250204,True,1060
2025-12-15 14:37:59+00:00,3145.9928069202506,3132.57,-13.422806920250423,2.428716004751402,sell,10.74174195313746,-2.5542837934744953,False,1061
2025-12-15 14:37:59+00:00,3143.4940398975787,3132.57,-10.924039897578496,5.801241650706031,sell,11.161820391452535,-2.2197018411061755,False,1061
2025-12-15 14:37:59+00:00,3145.063292433096,3132.57,-12.49329243309603,5.675469060971119,sell,19.826073124961045,-2.4466068845736726,False,1061
2025-12-15 14:45:23+00:00,3126.971633789395,3117.326666666667,-9.644967122728303,1.1330797905916126,sell,0.7307992123594609,-1.7314201874572195,False,1062
2025-12-15 14:47:47+00:00,3112.491877524478,3101.71,-10.78187752447775,0.008225929900374,sell,0.014657599607405924,-1.7611169365027926,False,1063
2025-12-15 14:47:47+00:00,3112.4849509018263,3100.32,-12.16495090182616,0.0149633690554891,sell,0.04735832838652788,-1.9603248398760384,False,1063
2025-12-15 14:47:47+00:00,3112.3311781311377,3098.9300000000003,-13.401178131137385,0.321302568,sell,1.4141098357598827,-2.129683056766618,False,1063
2025-12-15 14:47:47+00:00,3111.9602737856594,3097.54,-14.420273785659447,0.9248170705273682,sell,5.012761723909858,-2.2588907550117763,False,1063
2025-12-15 14:48:35+00:00,3112.474808056869,3094.76,-17.714808056868605,0.0794797787148804,sell,0.6926510159025736,-2.6802887870145273,False,1064
2025-12-15 14:48:35+00:00,3112.4762708699704,3093.3700000000003,-19.106270869970103,0.1721321948746134,sell,1.7396145868453226,-2.8337000025679924,False,1064
2025-12-15 14:49:11+00:00,3101.581364520561,3089.0354545454547,-12.545909975106042,0.0769854145151242,sell,0.27298334926685236,-1.7351606556189656,False,1065
2025-12-15 14:49:11+00:00,3101.61626557294,3090.417272727273,-11.198992845666908,0.0401832729546178,sell,0.08836272974268508,-1.4771135835424163,False,1065
2025-12-15 14:49:11+00:00,3101.172288091897,3089.726363636364,-11.445924455532804,0.048035770399476,sell,0.11749186556043713,-1.5280051651705653,False,1065
2025-12-15 14:49:11+00:00,3101.6081655343414,3090.244545454545,-11.36362007979642,1.6006728951671736,sell,3.7833825962030003,-1.5272731333644807,False,1065
2025-12-15 14:49:11+00:00,3102.216584626068,3090.0718181818183,-12.144766444249854,0.4418576626123042,sell,1.3895391505178474,-1.7173969989966609,False,1065
2025-12-15 14:49:11+00:00,3101.5030131722074,3089.208181818182,-12.294831354025519,0.1860548787311334,sell,0.613019448012754,-1.6849045627521528,False,1065
2025-12-15 14:49:11+00:00,3101.4052935697364,3088.69,-12.715293569736332,0.1420697571883126,sell,0.5278308553357398,-1.783807818210935,False,1065
2025-12-15 14:49:11+00:00,3101.274782720968,3089.5536363636365,-11.721146357331236,0.2961919182775772,sell,0.8059815594919802,-1.5399071649309268,False,1065
2025-12-15 14:49:11+00:00,3101.655044372339,3089.380909090909,-12.274135281430063,0.0900451797522563,sell,0.29482009994957425,-1.6682023078128758,False,1065
2025-12-15 14:49:35+00:00,3101.1611705681407,3088.1718181818183,-12.98935238632248,0.0070686290696668,sell,0.0281992522471037,-1.6131973284563768,False,1066
2025-12-15 14:49:35+00:00,3099.399675417229,3087.999090909091,-11.400584508137854,0.0025056139295602,sell,0.006014937982676628,-1.4066621262946999,False,1066
2025-12-15 14:49:35+00:00,3101.1559676713423,3088.3445454545454,-12.811422216796927,0.0105393963866134,sell,0.04017008953956757,-1.5775785589851636,False,1066
2025-12-15 14:49:35+00:00,3101.169191334191,3087.826363636364,-13.342827697827033,0.0200379322010694,sell,0.08702128696998439,-1.682863143514424,False,1066
2025-12-15 14:49:35+00:00,3101.2024962298374,3086.962727272727,-14.2397689571103,0.013466832962624,sell,0.07056309330814696,-1.848116126252007,False,1066
2025-12-15 14:49:35+00:00,3101.1926479852227,3087.480909090909,-13.71173889431384,0.0196090591274643,sell,0.09239276657177335,-1.7594789734629108,False,1066
2025-12-15 14:49:35+00:00,3100.277053778689,3087.6536363636365,-12.6234174150527,2.902966362,sell,10.518658871382979,-1.5967111567651198,False,1066
2025-12-15 14:49:35+00:00,3101.180972510629,3087.135454545454,-14.045517965174895,0.0195698459838244,sell,0.09874000948709177,-1.8441417327976148,False,1066
2025-12-15 14:50:23+00:00,3095.129897603168,3085.062727272727,-10.067170330441058,0.0032824299257576,sell,0.003502911828520357,-1.1861084771626693,False,1067
2025-12-15 14:50:23+00:00,3094.690150136943,3085.2354545454546,-9.454695591488417,0.0111636271561698,sell,0.005076052052930776,-1.0936228114673532,False,1067
2025-12-15 14:50:23+00:00,3095.124120977012,3085.7536363636364,-9.370484613375538,0.0149537259867271,sell,0.005540125390716328,-1.0775252125807602,False,1067
2025-12-15 14:50:23+00:00,3095.1095022814457,3085.9263636363635,-9.183138645082181,0.0122823176278508,sell,0.002249367008833583,-1.0475815534466575,False,1067
2025-12-15 14:50:23+00:00,3095.1164571613285,3085.580909090909,-9.535548070419736,0.0100359054109675,sell,0.0053747097777586345,-1.0911913235897381,False,1067
2025-12-15 14:50:47+00:00,3092.390471889756,3083.3354545454545,-9.055017344301632,0.7855741424256351,sell,0.04322020306829043,-0.9861763579731453,False,1068
2025-12-15 14:50:47+00:00,3094.7347800997672,3083.5081818181816,-11.226598281585666,0.0807726017775072,sell,0.17984813631700083,-1.2872198719735806,False,1068
2025-12-15 14:50:47+00:00,3094.662261852316,3083.6809090909087,-10.98135276140738,0.1534614303002296,sell,0.30406122869488594,-1.260025035198645,False,1068
2025-12-15 14:50:47+00:00,3093.6239343412967,3083.162727272727,-10.46120706856982,3.201277844751577,sell,4.677729815206963,-1.1947756536018823,False,1068
2025-12-15 14:50:59+00:00,3092.785230099804,3082.99,-9.79523009980403,0.0207825539822323,sell,0.016526912477473236,-1.0810296387582048,False,1069
2025-12-15 14:50:59+00:00,3092.7273036039373,3082.99,-9.737303603937562,0.166512071853183,sell,0.12276995067646211,-1.0688573644511001,False,1069
2025-12-15 14:51:35+00:00,3089.092781300179,3079.03,-10.062781300178813,0.0054334499441404,sell,0.0057745689960900315,-1.0992521173201175,False,1070
2025-12-15 14:51:59+00:00,3088.549431842955,3077.71,-10.839431842955037,0.0591220215280934,sell,0.10875092901864819,-1.1924168141065135,False,1071
2025-12-15 14:53:35+00:00,3079.853420043404,3069.5458333333336,-10.30758671007061,2.9222169929999997,sell,3.821052103989298,-1.1009411361231618,False,1072
2025-12-15 14:53:47+00:00,3077.062027576359,3067.5825,-9.479527576359033,0.006262569563857,sell,0.0030030748047361906,-0.9762996111624548,False,1073
2025-12-15 14:54:11+00:00,3076.2805413055235,3066.44,-9.840541305523402,0.030045828642395,sell,0.02525476003261112,-1.0179045953162422,False,1074
2025-12-15 14:55:35+00:00,3066.052703103502,3056.3450000000003,-9.707703103501899,0.2501439202997645,sell,0.17702762871827502,-0.9990698308691037,False,1075
2025-12-15 14:55:47+00:00,3069.716553669991,3054.835625,-14.88092866999068,0.6109571838995339,sell,3.5929956189315377,-1.7268809662480178,False,1076
2025-12-15 14:55:47+00:00,3067.732273740242,3054.0809375,-13.651336240242017,5.891732399113009,sell,27.40442842580238,-1.5421533549991449,False,1076
2025-12-15 14:57:23+00:00,3036.69621444964,3048.127857142857,11.431642693216872,12.272608289121983,buy,29.84259827295629,2.0365389694249334,False,1077
2025-12-15 14:57:47+00:00,3040.034872848033,3053.388571428572,13.353698580539003,0.1539439590577994,buy,0.6702255960324957,2.210844064037745,False,1078
2025-12-15 14:58:35+00:00,3053.7323755362813,3041.9622222222224,-11.770153314058916,3.562709479768798,sell,9.869251472410653,-1.3103809923050427,False,1079
2025-12-15 14:59:47+00:00,3055.7327923015823,3039.536666666667,-16.19612563491546,2.945283705,sell,21.194631571649285,-1.8811163542857188,False,1080
2025-12-15 15:00:35+00:00,3041.6788446616047,3031.9885714285715,-9.690273233033167,2.958892263,sell,2.0424441285778347,-0.9706191960946408,False,1081
2025-12-15 15:01:47+00:00,3036.976168835855,3027.283076923077,-9.693091912778073,12.676983785407131,sell,8.78631494008444,-0.9855120377526373,False,1082
2025-12-15 15:01:47+00:00,3040.85044121113,3027.666153846154,-13.184287364976171,0.0016452558574394,sell,0.006884223296436719,-1.445310089897269,False,1082
2025-12-15 15:02:23+00:00,3034.391155164888,3024.2309090909093,-10.16024607397867,5.019677896857143,sell,5.824061572466004,-1.0329013793260233,False,1083
2025-12-15 15:02:23+00:00,3035.928338720977,3024.5645454545456,-11.363793266431458,0.0195432313876671,sell,0.046196158758479405,-1.1964066080927889,False,1083
2025-12-15 15:04:11+00:00,3018.7902333985217,3034.5872727272726,15.797039328750998,1.4805054337838075,buy,10.063053659858095,2.4435711251574066,False,1084
2025-12-15 15:04:59+00:00,3022.222194283457,3047.11,24.88780571654297,8.294935957858543,buy,131.78833092962282,3.4835796044054845,True,1085
2025-12-15 15:05:11+00:00,3025.658497810298,3047.118888888889,21.46039107859133,6.846777130000759,buy,85.31352066776459,3.006082716283644,True,1086
2025-12-15 15:05:11+00:00,3028.400818333258,3047.1122222222225,18.71140388896447,2.1790676125335167,buy,21.161805686674516,2.5807070521563134,False,1086
2025-12-15 15:05:23+00:00,3029.8162581867377,3047.121111111111,17.304852924373336,9.261201666332395,buy,76.9129177418518,2.3862779897359174,False,1087
2025-12-15 15:06:59+00:00,3046.3552175449786,3057.82,11.464782455021577,4.638879230698693,buy,11.433828138790131,1.6360596815330197,False,1088
2025-12-15 15:07:59+00:00,3056.59220559451,3047.26,-9.33220559450956,0.8419871160076554,sell,0.27971283044271295,-0.9466874627776047,False,1089
2025-12-15 15:09:35+00:00,3050.803151691992,3039.701428571429,-11.101723120562838,2.950042842,sell,6.200173247682303,-1.1617387502386398,False,1090
2025-12-15 15:14:35+00:00,3041.122117131415,3028.3233333333333,-12.798783798081786,2.9594339370000005,sell,11.242249691368993,-1.3877382389965052,False,1091
2025-12-15 15:15:35+00:00,3031.9463452221407,3022.29,-9.656345222140772,2.96839026,sell,1.9482887646002025,-0.973657495500718,False,1092
2025-12-15 15:16:23+00:00,3028.886539388331,3019.447,-9.439539388331013,0.1086415052927181,sell,0.04775222078372188,-0.9400909281484987,False,1093
2025-12-15 15:17:47+00:00,3022.291055774124,3012.391,-9.900055774123757,0.3167708587069819,sell,0.2851114404533599,-0.9813294184456919,False,1094
2025-12-15 15:17:59+00:00,3022.4359500863443,3011.95,-10.485950086344474,2.209045337688384,sell,3.2825311102769112,-1.0547374362456314,False,1095
2025-12-15 15:17:59+00:00,3022.396797473189,3011.95,-10.446797473189235,0.0320015105497933,sell,0.046299704601679606,-1.0474604161088668,False,1095
2025-12-15 15:19:11+00:00,3019.5524354157897,3009.894545454545,-9.657889961244564,3.5761215978066248,sell,2.3526944993868484,-0.9392432040258054,False,1096
2025-12-15 15:19:11+00:00,3021.55377341561,3009.6009090909088,-11.952864324701295,2.978599977,sell,8.795401609639399,-1.235127192720401,False,1096
2025-12-15 15:19:59+00:00,3014.82966372186,3005.49,-9.339663721860234,0.0031153444962476,sell,0.0010581695064722544,-0.8881585618987112,False,1097
2025-12-15 15:20:11+00:00,3017.642156007066,3005.512,-12.130156007066034,11.318337258117236,sell,35.428161358494975,-1.2519061869174328,False,1098
2025-12-15 15:22:23+00:00,2994.0996386238503,3003.28,9.180361376149904,3.747583031724768,buy,0.6759192328379072,1.5761861415314462,False,1099
2025-12-15 15:23:35+00:00,3006.7721951098565,2997.124090909091,-9.648104200765374,0.3198908705369539,sell,0.2073226169814923,-0.9460449951090422,False,1100
2025-12-15 15:23:35+00:00,3008.2697153980107,2998.045,-10.22471539801063,4.6089093255275495,sell,5.644602219008379,-1.0258930166860825,False,1100
2025-12-15 15:23:47+00:00,3005.4857327788973,2993.900909090909,-11.584823687988319,0.33272492,sell,0.8600352548000183,-1.1994704533822313,False,1101
2025-12-15 15:23:47+00:00,3005.022612825212,2995.282272727273,-9.740340097939225,0.0041838853213086,sell,0.003097498068544093,-0.9492260145216473,False,1101
2025-12-15 15:23:59+00:00,3004.6937974391385,2992.98,-11.713797439138489,2.55293214853963,sell,6.928140727001168,-1.210984170245435,False,1102
2025-12-15 15:30:11+00:00,2996.102906031964,3006.391111111111,10.288205079147247,0.6525310072173945,buy,0.8405937577985163,1.748937573007664,False,1103
2025-12-15 15:30:11+00:00,2996.3110706511907,3007.273333333333,10.96226268214241,1.5134502386677948,buy,2.9697869246173365,1.8300855674362448,False,1103
2025-12-15 15:30:23+00:00,2993.8241808071493,3008.596666666667,14.772485859517474,6.526749802899895,buy,37.6755709458481,2.3256933116191147,False,1104
2025-12-15 15:31:11+00:00,3000.385936642644,3009.81,9.424063357355863,5.599999983269217,buy,2.374754794097918,1.576665418410861,False,1105
2025-12-15 15:34:23+00:00,3014.070243527924,3004.168888888889,-9.901354639035162,14.359064007527016,sell,12.942608955387302,-1.0051876375453692,False,1106
2025-12-15 15:35:35+00:00,2991.4199285924733,3001.892727272727,10.472798680253618,29.02409259533555,buy,42.746645269969,1.8116075239131249,False,1107
2025-12-15 15:35:35+00:00,2974.8516866867644,3001.7772727272727,26.92558604050828,90.59999982761464,buy,1624.0580921799415,4.0964662514507815,True,1107
2025-12-15 15:39:11+00:00,3001.9779942945065,2990.9888888888886,-10.98910540561792,1.4990116545,sell,2.9816921850502123,-1.1788648952527974,False,1108
2025-12-15 15:39:11+00:00,3000.4678599529348,2990.903333333333,-9.564526619601565,3.324482122650188,sell,1.8767586546255475,-0.9756286535088355,False,1108
2025-12-15 15:39:23+00:00,3000.9109895500087,2990.817777777778,-10.093211772230916,1.4995446435,sell,1.6393198572600118,-1.0471420948611045,False,1109
2025-12-15 15:39:47+00:00,2999.682705562136,2990.561111111111,-9.121594451024976,1.7227569377313778,sell,0.2094776840929149,-0.9068535831851279,False,1110
2025-12-15 15:41:23+00:00,2980.657008459659,2997.7775,17.120491540340936,0.0009999999971618,buy,0.008120491517293358,2.767996193150368,False,1111
2025-12-15 15:41:23+00:00,2987.2488535872417,2996.7925,9.543646412758335,20.99999997176932,buy,11.416574652577525,1.6908627111324686,False,1111
2025-12-15 15:41:35+00:00,2988.7714248585207,2998.27,9.49857514147925,1.199999999387633,buy,0.5982901694697894,1.6792963475215996,False,1112
2025-12-15 15:44:11+00:00,3000.5577016577763,3010.9554545454544,10.397752887678053,0.1796692040623476,buy,0.2511331488049636,1.7861800531006846,False,1113
2025-12-15 15:45:11+00:00,3006.0946494812924,3023.702,17.60735051870779,1.4530880698496065,buy,12.50723835174811,2.675073453713801,False,1114
2025-12-15 15:45:11+00:00,3007.852799822782,3024.1006666666667,16.24786684388482,0.5557418701136198,buy,4.02794307415505,2.4647396960800108,False,1114
2025-12-15 15:45:11+00:00,3007.1098210128844,3023.5026666666668,16.392845653782388,1.88999999809972,buy,13.972478271600236,2.5277448320087728,False,1114
2025-12-15 15:45:11+00:00,3008.9009096084974,3023.9013333333337,15.00042372483631,2.892595920725239,buy,17.356801189084454,2.310749935818561,False,1114
2025-12-15 15:50:59+00:00,3018.771123360385,3008.32,-10.451123360384827,5.7970608850000005,sell,8.41225047179664,-1.3081933263694634,False,1115
2025-12-15 15:51:23+00:00,3013.0966233377144,3003.9750000000004,-9.121623337714027,0.0960363151844291,sell,0.011680257194486558,-1.1225784558827334,False,1116
2025-12-15 15:52:11+00:00,3009.2322855319926,2999.3088888888888,-9.923396643103843,4.205817663478423,sell,3.8836379119628224,-1.245373303893446,False,1117
2025-12-15 15:52:23+00:00,3012.1712925906563,2998.345555555556,-13.825737035100246,6.63972864,sell,32.041584401063794,-1.7758799080303886,False,1118
2025-12-15 15:52:23+00:00,3010.118018058348,2998.6666666666665,-11.451351391681328,0.1056183163227181,sell,0.2589076067047338,-1.4510484687913405,False,1118
2025-12-15 15:54:47+00:00,2995.9537038749445,3005.936,9.982296125055655,1.786926405463395,buy,1.7552908838463224,1.4971976581519455,False,1119
2025-12-15 15:59:59+00:00,3014.263912803807,3003.61,-10.653912803807088,4.523344201575705,sell,7.481216891012611,-1.446666351508097,False,1120
2025-12-15 16:35:59+00:00,2998.9138174066456,2988.43,-10.483817406645812,3.4815271914112e-05,sell,5.1659506483266454e-05,-2.0846818857464573,False,1121
2025-12-15 16:36:11+00:00,2998.299085916653,2987.3277777777776,-10.971308138875429,4.289589308288748,sell,8.45610231586263,-2.138405457624256,False,1122
2025-12-15 16:36:11+00:00,2997.448074622501,2987.878888888889,-9.569185733611903,0.1034224597999222,sell,0.05886658865316625,-1.881520385267772,False,1122
2025-12-15 16:38:35+00:00,3003.982274161476,2984.787777777778,-19.19449638369815,4.993371675,sell,50.904909483248275,-3.678982059481645,True,1123
2025-12-15 16:38:35+00:00,2996.1492800338674,2984.488888888889,-11.660391144978348,24.872966404116426,sell,66.17181957085529,-2.1845094502594677,False,1123
2025-12-15 16:40:47+00:00,2990.645932418729,2980.668,-9.97793241872887,1.5046916625,sell,1.4714867569497885,-1.9102669031387005,False,1124
2025-12-15 16:40:59+00:00,2988.023618868552,2978.73,-9.29361886855213,1.101671270673049,sell,0.32347147201140813,-1.7648144128035432,False,1125
2025-12-15 16:41:23+00:00,2987.624684931076,2977.965,-9.659684931075844,1.1831539392577846,sell,0.7805088248713854,-1.812762795437064,False,1126
2025-12-15 16:41:23+00:00,2988.0224760484903,2976.435,-11.587476048490316,0.0744300241322518,sell,0.1925859047307578,-2.1753523190792463,False,1126
2025-12-15 16:41:47+00:00,2982.3784054425755,2973.375,-9.003405442575513,0.906077207730785,sell,0.0030855938999083585,-1.6345676209889795,False,1127
2025-12-15 16:41:59+00:00,2982.6355521585724,2971.08,-11.555552158572482,0.1466876681206874,sell,0.3748679869017865,-2.096057529849239,False,1128
2025-12-15 16:42:11+00:00,2981.5310994042616,2971.3816666666667,-10.149432737594907,0.0375201338742876,sell,0.043126870194049795,-1.8064631299583132,False,1129
2025-12-15 16:51:59+00:00,2976.4997221095214,2985.66,9.160277890478483,2.199999995753083,buy,0.35261135837197516,2.306444762871526,False,1130
2025-12-15 16:55:47+00:00,2991.409342444193,2982.304,-9.105342444192956,0.0608812603530864,sell,0.006413380771141857,-1.904457574930755,False,1131
2025-12-15 16:55:59+00:00,2991.639632690196,2980.97,-10.669632690196067,1.6713242949999998,sell,2.7904976788508953,-2.242969586519683,False,1132
2025-12-15 16:55:59+00:00,2992.175317919226,2980.97,-11.205317919226218,0.0187675476980576,sell,0.04138840923845918,-2.345267593829771,False,1132
2025-12-15 17:01:23+00:00,2992.280628142182,2982.862857142857,-9.417770999325057,3.270200306070703,sell,1.366194849860266,-1.8821867700369659,False,1133
2025-12-15 17:32:23+00:00,2973.4487263764627,2961.13,-12.318726376462564,0.000976643711472,sell,0.0032412132456684202,-2.4744128811436146,False,1134
2025-12-15 17:32:35+00:00,2971.064081966096,2960.17,-10.89408196609611,5.926832782532e-05,sell,0.00011225907089461087,-2.1072141167882017,False,1135
2025-12-15 17:36:23+00:00,2961.08091747896,2951.7512,-9.329717478959992,1.9485540124693328,sell,0.6424723166087655,-1.7574591603533098,False,1136
2025-12-15 17:36:35+00:00,2961.7024887100124,2951.272,-10.430488710012469,0.0180976989432,sell,0.025888554015452186,-2.0125644778168867,False,1137
2025-12-15 17:38:11+00:00,2958.861971503461,2948.3968,-10.465171503461079,1.520854992,sell,2.228313395174927,-1.9810257450778457,False,1138
2025-12-15 17:38:23+00:00,2958.675145744412,2947.9176,-10.7575457444118,1.5209510265,sell,2.673141004083834,-2.0336413323412095,False,1139
2025-12-15 17:49:47+00:00,2955.5606278230257,2945.49,-10.070627823025916,0.0028683258669081,sell,0.0030709094786167423,-2.141232685481087,False,1140
2025-12-15 17:49:59+00:00,2955.561859506285,2943.65,-11.911859506285055,0.0012965379112857,sell,0.0037753362422362343,-2.6195956284792117,False,1141
2025-12-15 17:50:23+00:00,2952.0603960147105,2941.93,-10.13039601471064,0.0123267027494171,sell,0.01393405566246379,-2.10019296709503,False,1142
2025-12-15 17:50:35+00:00,2952.0419646226583,2941.3566666666666,-10.6852979559917,0.0011934769363789,sell,0.0020113642414025966,-2.2289784781619657,False,1143
2025-12-15 17:50:35+00:00,2952.0427315034126,2940.7833333333333,-11.259398170079294,0.0018363887291154,sell,0.004149133334117575,-2.3617721990022,False,1143
2025-12-15 17:50:47+00:00,2950.455827722648,2939.6366666666663,-10.819161055981567,0.0025453690678693,sell,0.004630436281367933,-2.2151713797663124,False,1144
2025-12-15 17:51:11+00:00,2947.457033400884,2938.078,-9.379033400884055,1.88483771537456,sell,0.7144164493729511,-1.7971450530792215,False,1145
2025-12-15 17:51:11+00:00,2947.967025927547,2938.3526666666667,-9.61435926088052,0.0027361140504826,sell,0.0016809570057392939,-1.848350437035198,False,1145
2025-12-15 17:51:11+00:00,2947.484129971729,2938.421333333333,-9.062796638395866,1.5267257775000005,sell,0.09587324657931562,-1.6934946127306043,False,1145
2025-12-15 17:51:23+00:00,2947.0222445865847,2937.666,-9.35624458658458,0.0923747872959096,sell,0.03290801791106985,-1.7138678544533588,False,1146
2025-12-15 17:51:23+00:00,2947.0561770382933,2937.7346666666667,-9.321510371626573,0.0150424360232424,sell,0.004836299196001614,-1.7139032608762528,False,1146
2025-12-15 17:51:23+00:00,2947.064410574121,2937.8033333333333,-9.261077240787927,0.010995642607515,sell,0.00287071203266018,-1.707211517472299,False,1146
2025-12-15 17:51:23+00:00,2947.094461633242,2937.9406666666664,-9.153794966575788,0.0037633374648783,sell,0.0005787823596243683,-1.6971067828303075,False,1146
2025-12-15 17:51:23+00:00,2947.099464412416,2938.0093333333334,-9.090131079082767,0.012146879476678,sell,0.0010948113547212983,-1.689289869502229,False,1146
2025-12-15 17:51:23+00:00,2947.080504316558,2937.872,-9.208504316557992,0.0400702749134386,sell,0.00835482528511736,-1.7024773128905106,False,1146
2025-12-15 18:29:59+00:00,2931.147463332225,2921.27,-9.877463332225034,1.5352349399999998,sell,1.3471123662006996,-2.0892019173071192,False,1147
2025-12-15 18:29:59+00:00,2930.2954905284173,2921.27,-9.025490528417322,1.186057860456,sell,0.030233241596541692,-1.8468214603082163,False,1147
2025-12-15 18:30:23+00:00,2931.357320215986,2921.067777777778,-10.289542438208173,1.535125032,sell,1.9796088767196793,-2.170751560499186,False,1148
2025-12-15 18:39:59+00:00,2905.9053943094805,2914.98,9.074605690519547,0.0192107799205436,buy,0.0014332335013912104,2.893137107617243,False,1149
2025-12-15 18:40:23+00:00,2906.19513821046,2915.85,9.654861789540064,1.0569999982491003,buy,0.6921889103972503,2.907102906186686,False,1150
2025-12-15 18:40:35+00:00,2908.4308158633858,2917.88,9.449184136614349,0.029082572821967,buy,0.013063430363559177,2.7351484479874584,False,1151
2025-12-15 19:00:11+00:00,2936.818741200722,2947.2954545454545,10.476713344732616,0.7553901648329124,buy,1.1154947368885322,2.586588208553995,False,1152
2025-12-15 19:00:23+00:00,2935.532555260057,2948.369090909091,12.836535649033976,3.341757057138463,buy,12.820770080122585,3.118251428993257,True,1153
2025-12-15 19:00:47+00:00,2934.229234112004,2950.516363636364,16.287129524359898,1.5412338008310416,buy,11.231170333977305,3.8213071940791097,True,1154
2025-12-15 19:01:35+00:00,2944.5681280840963,2955.0640000000003,10.49587191590399,0.1120528422667817,buy,0.16761669984409833,2.3538973835497554,False,1155
2025-12-15 19:01:35+00:00,2944.4780358677885,2954.485,10.006964132211579,0.1737563017172299,buy,0.1749663635749836,2.226664687374208,False,1155
2025-12-15 19:01:35+00:00,2944.3084353877257,2953.327,9.018564612274531,0.0165587872568044,buy,0.00030740746515902013,1.9812073662302014,False,1155
2025-12-15 19:01:35+00:00,2944.3684604361943,2953.906,9.537539563805694,0.1738961532430446,buy,0.09347606236175438,2.08341801422268,False,1155
2025-12-15 19:01:47+00:00,2946.920825346356,2956.222,9.301174653644011,1.5462451504663173,buy,0.4656898476404254,2.015373540010504,False,1156
2025-12-15 19:11:35+00:00,2946.919218743896,2937.2244444444445,-9.694774299451637,0.0001467325596336,sell,0.00010194601132618005,-2.1102299515840017,False,1157
2025-12-15 19:11:47+00:00,2947.6524717382104,2936.4133333333334,-11.23913840487694,0.3970480045464271,sell,0.8890454355596586,-2.425490171610196,False,1158
2025-12-15 19:11:47+00:00,2947.047700365927,2934.791111111111,-12.256589254815935,0.4241532975,sell,1.381293071033247,-2.6077308853567183,False,1158
2025-12-15 19:59:35+00:00,2944.3905586620986,2935.285,-9.105558662098701,0.0006405396846731,sell,6.761451213521654e-05,-1.9977177665745043,False,1159
2025-12-15 20:30:23+00:00,2915.999006169219,2926.067142857143,10.06813668792438,2.542439962193105,buy,2.7156734004635283,3.1181500656555596,True,1160
2025-12-15 20:30:23+00:00,2914.822064031266,2924.0614285714287,9.239364540162569,1.2622474031610509,buy,0.3021372692290418,2.8023951284842417,False,1160
2025-12-15 20:30:23+00:00,2912.680916478429,2924.562857142857,11.88194066442793,33.92779922439261,buy,97.77790423932343,3.497234782183522,True,1160
2025-12-15 20:32:23+00:00,2923.7305360826003,2932.798333333333,9.067797250732838,2.7077599995269668,buy,0.18357868361227828,2.4953993809036956,False,1161
2025-12-15 20:32:35+00:00,2923.723646249437,2932.96,9.236353750563012,0.5640943274907911,buy,0.13332580997376844,2.476727708447229,False,1162
2025-12-15 20:32:35+00:00,2914.568016179373,2933.2833333333333,18.715317153960314,29.7794323917601,buy,289.3166303508683,4.8297902657937355,True,1162
2025-12-15 20:34:35+00:00,2923.0406796209886,2933.95,10.909320379011206,23.02061379581111,buy,43.95372705768865,2.520471327607827,False,1163
2025-12-15 20:59:23+00:00,2919.479278406087,2929.252727272727,9.773448866640138,0.6799614683628785,buy,0.5259154270642321,2.1771768349643255,False,1164
2025-12-15 20:59:23+00:00,2918.0730903540248,2929.270909090909,11.197818736884074,3.841217083990214,buy,8.442298879632897,2.506289114545561,False,1164
2025-12-15 20:59:23+00:00,2909.517150179392,2929.3254545454547,19.808304366062657,63.86819600480532,buy,690.3069017312829,4.454495322297674,True,1164
2025-12-15 21:09:47+00:00,2913.906938186962,2925.564,11.657061813037672,24.92029517771128,buy,66.21476468632348,2.4010648733298043,False,1165
2025-12-15 21:11:23+00:00,2914.648862545748,2925.415,10.766137454251748,28.60988966580572,buy,50.5289977007895,2.0880846628004237,False,1166
2025-12-15 21:12:47+00:00,2912.627495535597,2924.065,11.437504464402991,28.6431395349644,buy,69.81778049099354,2.1781781386860906,False,1167
2025-12-15 21:14:59+00:00,2912.8716173156886,2924.85,11.978382684311327,28.08111382690407,buy,83.63630317822647,2.2558320285399747,False,1168
2025-12-15 21:16:23+00:00,2913.933795004571,2926.3026315789475,12.368836574376473,27.94442604824941,buy,94.14020452130124,2.3122276689101335,False,1169
2025-12-16 00:31:59+00:00,3059.073187212501,2968.32,-90.75318721250096,1.1114477464e-08,sell,9.086439568835149e-07,-11.52561607494344,True,1170
2025-12-16 01:34:23+00:00,2954.840618275697,2945.415,-9.425618275697161,0.6784631267759803,sell,0.2887663061424972,-3.4493492713475264,True,1171
2025-12-16 01:34:23+00:00,2954.50808874736,2944.0525,-10.455588747360252,0.3783761954342691,sell,0.5507601323431058,-3.6560560878920274,True,1171
2025-12-16 01:34:23+00:00,2954.9156638406857,2939.965,-14.950663840685593,0.6586336195024921,sell,3.919307263833353,-4.555328599379333,True,1171
2025-12-16 01:49:23+00:00,2938.7801546762284,2947.878181818182,9.09802714195348,1.9999999974981264,buy,0.19605428366170882,2.3960108725261753,False,1172
2025-12-16 01:50:11+00:00,2938.0536824598234,2947.751111111111,9.697428651287737,0.4718349992296156,buy,0.32907124714306124,2.4045025180723094,False,1173
2025-12-16 02:25:47+00:00,2946.1594139872086,2957.025,10.865586012791482,0.0064880104278304,buy,0.012103941505005674,2.61307609418532,False,1174
2025-12-16 02:26:59+00:00,2954.654841239777,2965.65,10.995158760223148,3.435122433367281,buy,6.853614615371789,2.472911264941707,False,1175
2025-12-16 03:33:35+00:00,2925.5039607696003,2935.67,10.166039230399747,0.3410655546463577,buy,0.3976958168557017,4.075989507935126,True,1176
2025-12-16 03:33:47+00:00,2924.037175085814,2937.01,12.972824914186276,4.360878428512379,buy,17.325006468531473,4.6972609922406985,True,1177
2025-12-16 03:34:23+00:00,2926.888262938061,2938.25375,11.365487061938893,0.5127254641055485,buy,1.2128454516682894,3.232364966243177,True,1178
2025-12-16 04:48:35+00:00,2907.592367703784,2896.53,-11.06236770378382,0.0045061615739303,sell,0.00929336209810552,-3.40891933326972,True,1179
2025-12-16 04:48:47+00:00,2907.6508458437725,2891.41,-16.240845843772604,0.1853555975506413,sell,1.3421313081445485,-4.978824246921419,True,1180
2025-12-16 04:49:11+00:00,2903.340799351621,2889.822,-13.518799351621055,0.2342918038254103,sell,1.0587176512163916,-3.7291392805861125,True,1181
2025-12-16 04:49:23+00:00,2903.1663636520643,2890.794,-12.37236365206445,0.0401715597356573,sell,0.13547310789926648,-3.263228392632538,True,1182
2025-12-16 04:49:23+00:00,2903.105351928133,2891.766,-11.339351928133055,0.153418210160437,sell,0.3588991857495406,-2.8713326746822814,False,1182
2025-12-16 04:49:23+00:00,2903.182040514097,2892.738,-10.444040514097196,0.0095410761755383,sell,0.013777700545564837,-2.5468151138282633,False,1182
2025-12-16 04:49:59+00:00,2889.260971769181,2903.43,14.16902823081864,4.9446332140263705,buy,25.558948674345814,3.6441254586170926,True,1183
2025-12-16 10:42:59+00:00,2951.4357219224908,2961.84,10.404278077509389,0.0149998855374572,buy,0.02106401042540128,3.2794563633615,True,1184
2025-12-16 10:42:59+00:00,2951.9272594350123,2961.84,9.912740564987871,1.538115130204467,buy,1.4039000729592181,2.9678932407649077,False,1184
2025-12-16 11:55:11+00:00,3016.5170719542366,2957.7414285714285,-58.775643382808084,1.65754076e-08,sell,8.250515776222868e-07,-11.864963804010392,True,1185
2025-12-16 12:34:59+00:00,2998.130347926251,2951.84,-46.29034792625089,2.1346636928000005e-08,sell,7.960235181004756e-07,-6.865330503836527,True,1186
2025-12-16 13:17:35+00:00,2943.983671583172,2953.2955555555554,9.311883972383384,4.9849999949584936,buy,1.5547416007588062,2.0787404317626175,False,1187
2025-12-16 13:29:47+00:00,2970.899075046818,2961.00875,-9.890325046817907,0.975670369063049,sell,0.8686637670149034,-1.939270980591351,False,1188
2025-12-16 13:30:11+00:00,2970.129608496168,2953.990588235294,-16.139020260874076,10.173254669616542,sell,72.6270712054243,-2.7943303062463163,False,1189
2025-12-16 13:30:11+00:00,2973.6448503457773,2954.165882352941,-19.47896799283626,0.8269536016427982,sell,8.665620323175549,-3.293602786495338,True,1189
2025-12-16 13:30:23+00:00,2976.1463388773614,2954.516470588236,-21.62986828912517,6.97062260044158,sell,88.03804533677634,-3.45864407061316,True,1190
2025-12-16 13:32:59+00:00,2958.985411482888,2948.5,-10.48541148288814,0.0437455539651107,sell,0.0649801481850782,-1.3806291890326996,False,1191
2025-12-16 13:33:59+00:00,2949.668836107784,2926.11,-23.558836107783918,0.0169510554499999,sell,0.24678763815050594,-3.0601837434617662,True,1192
2025-12-16 13:33:59+00:00,2949.7643276941094,2926.11,-23.65432769410927,0.0792553306055993,sell,1.1614335861994198,-3.1582841296710527,True,1192
2025-12-16 13:33:59+00:00,2950.0066996127152,2926.11,-23.89669961271511,0.4200954374655137,sell,6.258035540595903,-3.390288406816611,True,1192
2025-12-16 13:33:59+00:00,2949.831484386825,2926.11,-23.721484386825068,0.1325250822188105,sell,1.9509659287469274,-3.2608547017031992,True,1192
2025-12-16 13:34:11+00:00,2943.637524714045,2927.1800000000003,-16.457524714044666,0.0016781957556,sell,0.012515186322391863,-1.9902162725287484,False,1193
2025-12-16 13:39:59+00:00,2932.977005565864,2947.49,14.512994434135635,7.690999332825639,buy,42.400436514808625,2.5849720919893575,False,1194
2025-12-16 13:43:47+00:00,2943.522839217577,2934.389090909091,-9.133748308485792,0.000570332928161,sell,7.628106441528261e-05,-1.1059612029813881,False,1195
2025-12-16 13:43:47+00:00,2943.532370007812,2933.474545454545,-10.057824553266983,0.0328559478351322,sell,0.03475582834086201,-1.2452154342180803,False,1195
2025-12-16 13:43:59+00:00,2944.026028016353,2932.56,-11.466028016352993,1.5285190949999998,sell,3.769370911800522,-1.4577870053244497,False,1196
2025-12-16 13:44:11+00:00,2942.159082494516,2932.365,-9.79408249451626,1.529489016,sell,1.2145404531605004,-1.1814104078401024,False,1197
2025-12-16 13:57:59+00:00,2933.107130547102,2919.09,-14.017130547101715,0.0017731312797394,sell,0.0088960311076021,-1.9023029335435355,False,1198
2025-12-16 13:58:59+00:00,2922.757109148526,2910.67,-12.087109148525997,1.6228393293966894,sell,5.009882140368314,-1.5398545783502082,False,1199
2025-12-16 13:58:59+00:00,2922.018249342252,2910.67,-11.348249342252075,0.7350904449291185,sell,1.7261756538005875,-1.4330096919918374,False,1199
2025-12-16 13:59:11+00:00,2923.445216456488,2910.458,-12.987216456488113,0.0600714605532659,sell,0.23951791608325831,-1.6645920796686955,False,1200
2025-12-16 13:59:11+00:00,2923.346062956064,2910.352,-12.994062956064226,0.2561518187972582,sell,1.023086490586605,-1.654166101937338,False,1200
2025-12-16 13:59:23+00:00,2922.7098185832224,2909.716,-12.993818583222492,0.052252735810095,sell,0.20868794730257276,-1.6356903720530012,False,1201
2025-12-16 13:59:23+00:00,2922.432316336044,2909.928,-12.504316336044212,0.0036467852276427,sell,0.012779489047273024,-1.5449505929599825,False,1201
2025-12-16 13:59:23+00:00,2922.5875587212868,2910.14,-12.447558721286896,0.0148001940509611,sell,0.051024538077129374,-1.526784432664835,False,1201
2025-12-16 13:59:23+00:00,2922.6053508116747,2910.246,-12.35935081167463,0.0422123257133356,sell,0.14180601064776782,-1.5041482486812088,False,1201
2025-12-16 13:59:23+00:00,2922.5080393520147,2910.034,-12.474039352014643,0.2387123133986937,sell,0.8292959705575141,-1.512711133541756,False,1201
2025-12-16 13:59:35+00:00,2920.8176328919303,2909.504,-11.31363289193041,0.0034257534216858,sell,0.007925935796055416,-1.3240885916622618,False,1202
2025-12-16 13:59:47+00:00,2918.7936755333462,2909.186,-9.607675533346082,0.0001230994855894,sell,7.480454556016703e-05,-1.0526325946965205,False,1203
2025-12-16 13:59:47+00:00,2918.7928235979425,2909.292,-9.500823597942599,0.0062237976786605,sell,0.0031170247462935473,-1.040193618834066,False,1203
2025-12-16 14:00:11+00:00,2916.027653226785,2906.75125,-9.276403226785078,3.115931827651071,sell,0.8612536116050816,-0.9947455183071925,False,1204
2025-12-16 14:00:23+00:00,2919.9468765888887,2902.09375,-17.8531265888887,1.5411239280000002,sell,13.643765223749394,-2.281714671903864,False,1205
2025-12-16 14:00:23+00:00,2918.232766679163,2904.4225,-13.81026667916285,3.938826583761583,sell,18.946806270869185,-1.653494534587423,False,1205
2025-12-16 14:00:35+00:00,2919.853433635516,2897.43625,-22.417183635515812,0.0111424825730007,sell,0.1495007348374851,-2.884377274629997,False,1206
2025-12-16 14:00:47+00:00,2919.495728582143,2895.1075,-24.3882285821428,0.00450077726484,sell,0.06925898934866939,-3.1182058977412455,True,1207
2025-12-16 14:01:11+00:00,2909.688269150634,2891.1075,-18.58076915063384,0.0714831647792687,sell,0.6848636999068932,-2.1640623977753775,False,1208
2025-12-16 14:01:11+00:00,2909.633950474841,2891.765,-17.868950474841313,0.1029849462510906,sell,0.9133683879551171,-2.0443263902515243,False,1208
2025-12-16 14:01:11+00:00,2909.366797467628,2892.4225,-16.944297467628076,0.7549817307023283,sell,5.997799451323969,-1.8983806290937564,False,1208
2025-12-16 14:04:47+00:00,2898.7852741766046,2911.730909090909,12.945634914304264,0.1567940913212702,buy,0.618652241073815,2.187018042552369,False,1209
2025-12-16 14:04:47+00:00,2898.882760148261,2910.243636363636,11.360876215375356,2.3054349954663897,buy,5.442846646890591,1.9852193509866123,False,1209
2025-12-16 14:04:47+00:00,2899.243769952777,2916.192727272727,16.948957319950296,0.9898345419387564,buy,7.868152527683725,2.8376150244222735,False,1209
2025-12-16 14:04:47+00:00,2898.6926345466595,2913.2181818181816,14.5255472715221,0.1361376974905505,buy,0.7522352829202124,2.4438265489361997,False,1209
2025-12-16 14:04:59+00:00,2898.455907323565,2917.68,19.224092676434793,0.6124235964793793,buy,6.261475607640679,3.0069481772523576,True,1210
2025-12-16 14:05:47+00:00,2908.608642739777,2922.3525,13.74385726022274,2.275757299808108,buy,10.795867789199592,2.1395301923667187,False,1211
2025-12-16 14:05:47+00:00,2909.889213388418,2923.13125,13.24203661158208,2.4676209956593738,buy,10.467738607095688,2.056933983131377,False,1211
2025-12-16 14:06:11+00:00,2912.646744494976,2923.831,11.184255505024339,7.400126824421079,buy,16.163767754120023,1.7526541155100153,False,1212
2025-12-16 14:40:23+00:00,2944.6535348036227,2935.105,-9.548534803622715,1.2234040094772132,sell,0.6710796780898254,-1.394489299724117,False,1213
2025-12-16 14:46:23+00:00,2925.580810219068,2934.830625,9.249814780931956,1.4936855908187274,buy,0.37314473865159997,1.474374961499858,False,1214
2025-12-16 14:46:35+00:00,2922.28136883996,2934.6075,12.32613116003995,2.8110435776623803,buy,9.349899635893022,1.9263968556720932,False,1215
2025-12-16 14:46:35+00:00,2923.488300158894,2934.45875,10.97044984110562,5.175502706194393,buy,10.198068485062443,1.697524281353447,False,1215
2025-12-16 14:51:59+00:00,2952.220902645084,2942.21,-10.010902645084116,0.560569138141813,sell,0.5666808245000817,-1.5151551668331582,False,1216
2025-12-16 14:52:11+00:00,2952.427320111423,2941.6083333333336,-10.818986778089311,0.1016113074,sell,0.18482962466496858,-1.625969772524695,False,1217
2025-12-16 15:01:47+00:00,2944.124413704488,2934.97,-9.154413704487979,1.781270509014021,sell,0.2750525779920429,-2.107359701641185,False,1218
2025-12-16 15:05:23+00:00,2928.260653523239,2937.736,9.475346476760933,0.7414962853076387,buy,0.35246764675230563,1.87233647955432,False,1219
2025-12-16 15:44:59+00:00,2937.074716170278,2946.44,9.365283829722102,0.0137999999716895,buy,0.005040916839823645,1.902663814230415,False,1220
2025-12-16 15:50:59+00:00,2942.8659006579,2953.57,10.704099342100108,0.3508286200771805,buy,0.5978468206634119,2.39575280158145,False,1221
2025-12-16 15:50:59+00:00,2943.4097221152783,2953.57,10.160277884721836,1.3699999992192962,buy,1.589580701163082,2.24360565223597,False,1221
2025-12-16 15:51:23+00:00,2943.840083070457,2954.851,11.010916929543328,1.5376503954925127,buy,3.092087212014887,2.3904059954569696,False,1222
2025-12-16 15:53:59+00:00,2956.811411002292,2966.4,9.58858899770803,0.0041315891688401,buy,0.0024318079278289454,2.0148499621715605,False,1223
2025-12-16 15:57:11+00:00,2974.140514434468,2964.87,-9.270514434468168,1.5768178565335005,sell,0.4265519907194695,-2.7453459010173034,False,1224
2025-12-16 17:10:47+00:00,2938.4243941552177,2949.5592307692305,11.134836614012784,4.204214824983321,buy,8.97531174154974,3.0717568967369187,True,1225
2025-12-16 18:03:35+00:00,2915.9697474670475,2925.538333333333,9.568585866285503,5.507613346109136,buy,3.1315511055630587,2.554379613937935,False,1226
2025-12-16 18:03:35+00:00,2913.988554558143,2924.4166666666665,10.428112108523692,0.8405662912328804,buy,1.2004228985265284,2.840078252581825,False,1226
2025-12-16 18:03:35+00:00,2913.7217389678744,2923.295,9.573261032125629,0.0147727727134463,buy,0.008468654933067553,2.6744298879851955,False,1226
2025-12-16 18:51:59+00:00,2956.6103592838613,2966.41,9.799640716138583,0.0044711911255029,buy,0.003575346473589617,2.5706797790024543,False,1227
2025-12-16 18:53:59+00:00,2968.3870196057064,2958.16,-10.227019605706573,0.4626470554309386,sell,0.5676770075361773,-3.224421869496034,True,1228
2025-12-16 19:08:35+00:00,2945.088544307966,2935.7515384615385,-9.337005846427473,14.901301632787485,sell,5.021825769628639,-2.7909814755312863,False,1229
2025-12-17 03:44:11+00:00,2926.599628726889,2948.797,22.197371273111003,6.150482567999999e-09,buy,8.117020195869318e-08,7.446001888473307,True,1230
2025-12-17 05:00:35+00:00,2933.7438047728683,2924.4325,-9.311304772868425,1.7186572296453003e-05,sell,5.350261985134068e-06,-2.990537521491963,False,1231
2025-12-17 05:31:47+00:00,2852.250774406051,2924.552,72.30122559394931,201.91813991703768,buy,12781.665726399024,10.942670578866036,True,1232
2025-12-17 05:31:47+00:00,2773.46680882718,2924.48,151.01319117281992,6.069781016459599,buy,861.9889718676302,10.80890534490001,True,1232
2025-12-17 12:07:23+00:00,2901.640037706696,2931.9976470588235,30.357609352127383,6.203388348e-09,buy,1.3248954499612282e-07,8.940279156461049,True,1233
2025-12-17 13:49:11+00:00,2952.6914897570173,2940.91,-11.781489757017425,0.9501788709496628,sell,2.642912796880869,-3.911620354372643,True,1234
2025-12-17 14:35:47+00:00,2939.313334960635,2930.0,-9.313334960635075,5.1755285219375e-05,sell,1.6216740256869937e-05,-2.84673362446973,False,1235
2025-12-17 14:44:59+00:00,2926.8558641322134,2911.58,-15.275864132213428,0.7216521916518222,sell,4.528991105520881,-4.456362873565462,True,1236
2025-12-17 14:45:11+00:00,2928.1198806948096,2910.076,-18.04388069480956,3.3070464105117967,sell,29.908533188866887,-4.914026148645884,True,1237
2025-12-17 14:45:47+00:00,2918.3741149461416,2899.548,-18.826114946141843,0.0501012427608851,sell,0.4923005703130139,-4.385230321842918,True,1238
2025-12-17 14:45:47+00:00,2919.95347579728,2901.052,-18.90147579728,5.0065917718118245,sell,49.57264725545597,-4.189773021566334,True,1238
2025-12-17 14:45:47+00:00,2918.493637603612,2905.564,-12.929637603612264,0.5202935656377943,sell,2.044565160447782,-2.5894061022924517,False,1238
2025-12-17 14:45:47+00:00,2921.530526854821,2902.556,-18.97452685482085,0.0398019051764569,sell,0.39700517205560243,-3.7321750252092665,True,1238
2025-12-17 14:45:59+00:00,2914.9457227924336,2896.54,-18.405722792433608,0.1429614554197563,sell,1.344655819681083,-3.3894532266915047,True,1239
2025-12-17 14:46:23+00:00,2906.303166184505,2895.8971428571426,-10.406023327362163,0.977293991572414,sell,1.3740981498416958,-1.6553703363527121,False,1240
2025-12-17 14:46:23+00:00,2905.035791813027,2895.3614285714284,-9.674363241598712,3.048717604085901,sell,2.0559430862104278,-1.533374814745683,False,1240
2025-12-17 14:46:23+00:00,2906.9816285912248,2896.2185714285715,-10.76305716265324,0.0141789293040613,sell,0.024998262868279195,-1.7498183326074703,False,1240
2025-12-17 14:46:23+00:00,2906.614650976009,2896.0042857142857,-10.610365261723473,0.0262736451749311,sell,0.04231016548855758,-1.7381737155798973,False,1240
2025-12-17 14:46:23+00:00,2906.95348010776,2895.79,-11.163480107759824,0.0305660405672216,sell,0.06612902074016373,-1.8782759446761088,False,1240
2025-12-17 14:46:23+00:00,2906.835914746061,2896.1114285714284,-10.724486174632602,0.2135298799809357,sell,0.3682293258980825,-1.7767134176438302,False,1240
2025-12-17 14:46:23+00:00,2906.925281468127,2895.575714285714,-11.349567182413011,0.0601642780827415,sell,0.14136001333677983,-1.944099292976444,False,1240
2025-12-17 14:46:23+00:00,2906.970085196433,2895.4685714285715,-11.501513767861525,0.0230203414685218,sell,0.05758570112438088,-1.996477538816105,False,1240
2025-12-17 14:48:59+00:00,2894.758456809593,2905.5,10.741543190406901,0.618909009415097,buy,1.0778567708283426,2.17781990954834,False,1241
2025-12-17 14:49:11+00:00,2896.232831725501,2908.5825,12.349668274498981,4.557518416133691,buy,15.26617484896787,2.431613511466867,False,1242
2025-12-17 14:50:11+00:00,2906.999383288802,2918.41375,11.414366711198,0.0062915386584321,buy,0.015190081499133782,2.1134469976750623,False,1243
2025-12-17 14:50:23+00:00,2909.157140549184,2920.456875,11.299734450815777,0.4039031266555037,buy,0.9288699351618699,1.9464130814789253,False,1244
2025-12-17 14:50:23+00:00,2907.214408963979,2919.873125,12.658716036020905,4.540178245299671,buy,16.611222952471163,2.21299285227575,False,1244
2025-12-17 14:50:23+00:00,2908.217496291885,2918.9975,10.780003708115146,4.984441382903061,buy,8.872324144450033,1.9514818154315958,False,1244
2025-12-17 14:50:23+00:00,2908.827984889256,2919.58125,10.753265110743996,0.6553099419773945,buy,1.148932057992638,1.9153902291038911,False,1244
2025-12-17 14:50:35+00:00,2911.128038156201,2920.74875,9.6207118437992,3.724709078020359,buy,2.311971039433633,1.6456852821295158,False,1245
2025-12-17 14:50:47+00:00,2911.592286610879,2922.208125,10.615838389121109,6.410906242208567,buy,10.358988415216752,1.7718088393500138,False,1246
2025-12-17 14:51:47+00:00,2920.1168967179533,2931.733846153846,11.61694943589282,0.0969954525855946,buy,0.2538321949280406,1.8816362597778609,False,1247
2025-12-17 14:52:23+00:00,2927.009923345152,2936.3507692307694,9.340845885617455,0.2205502963455025,buy,0.0751736610810749,1.494731419733904,False,1248
2025-12-17 14:52:35+00:00,2929.815507759587,2945.5846153846155,15.769107625028482,0.3252711720161321,buy,2.201795570696351,2.4508518977025258,False,1249
2025-12-17 14:52:35+00:00,2929.706729061451,2940.967692307692,11.260963246240863,0.0224712959652075,buy,0.050806774272734744,1.7241225667878657,False,1249
2025-12-17 14:53:11+00:00,2948.984931666062,2958.068,9.083068333938172,0.239801096779588,buy,0.019919877586026754,1.3345824518600886,False,1250
2025-12-17 14:53:23+00:00,2941.7219610131647,2959.656,17.934038986835276,2.331706231896096,buy,20.831554381606498,2.590999647460048,False,1251
2025-12-17 14:53:23+00:00,2945.6814485115165,2961.244,15.562551488483678,10.214259982254278,buy,67.03160705030207,2.3125949285376723,False,1251
2025-12-17 14:53:23+00:00,2940.349894992313,2960.4500000000003,20.10010500768749,2.0220555713882287,buy,22.445029173788864,2.960779092281418,False,1251
2025-12-17 14:53:47+00:00,2947.444436575423,2962.832,15.38756342457691,0.3590069759650659,buy,2.2931798288424172,2.1583844353162136,False,1252
2025-12-17 14:53:59+00:00,2948.339061445084,2964.42,16.080938554915974,6.993958785016111,buy,49.52379241231386,2.201135431635197,False,1253
2025-12-17 14:54:23+00:00,2954.6341164002106,2966.943333333333,12.30921693312257,2.4206886701470736,buy,8.010583937068652,1.603373551926497,False,1254
2025-12-17 14:54:35+00:00,2953.155869199872,2969.4666666666667,16.31079746679461,3.197160658694977,buy,23.37379404452263,2.1502256706081075,False,1255
2025-12-17 14:54:35+00:00,2950.719931992752,2968.625555555556,17.905623562803612,4.522939749143492,buy,40.279598803113345,2.350383861360454,False,1255
2025-12-17 14:54:59+00:00,2954.6571197676794,2971.99,17.33288023232035,0.0190073780894128,buy,0.15838620514950683,2.1901869569987205,False,1256
2025-12-17 14:54:59+00:00,2954.670756088576,2971.99,17.319243911423655,0.0241219935768245,buy,0.20067674819539771,2.1659660606908333,False,1256
2025-12-17 14:54:59+00:00,2954.687491745341,2971.99,17.302508254658733,0.0288341431159863,buy,0.23939571123648754,2.1420608245731305,False,1256
2025-12-17 14:54:59+00:00,2954.732417925319,2971.99,17.257582074680613,0.1133034619206122,buy,0.9356126361549048,2.115097252372352,False,1256
2025-12-17 14:54:59+00:00,2956.39635553314,2971.99,15.593644466859587,1.3950859455231006,buy,9.198700725491967,1.873294532324714,False,1256
2025-12-17 14:54:59+00:00,2946.456998161691,2971.99,25.53300183830879,47.90064477542221,buy,791.9414481282317,3.0802121426234166,True,1256
2025-12-17 14:54:59+00:00,2954.767890143763,2971.99,17.222109856236784,0.0007647257192476,buy,0.006287658873543456,1.972375312105508,False,1256
2025-12-17 14:55:11+00:00,2957.9331357025803,2972.368,14.434864297419608,9.442973371798532,buy,51.321278839871894,1.6001841182130376,False,1257
2025-12-17 14:55:35+00:00,2962.876341627073,2974.258,11.381658372926722,1.433874795013207,buy,3.4149999112717917,1.1806327185789993,False,1258
2025-12-17 14:55:35+00:00,2961.976401027648,2973.88,11.903598972352029,0.02502074694933,buy,0.07265021512955475,1.25294726378011,False,1258
2025-12-17 14:55:35+00:00,2963.701051854253,2974.636,10.934948145747057,1.1622501678584936,buy,2.2488938071919984,1.1186275040103204,False,1258
2025-12-17 14:55:35+00:00,2962.214325827746,2973.124,10.909674172253744,0.6508294444431459,buy,1.2428721805953291,1.134914713615613,False,1258
2025-12-17 14:55:35+00:00,2961.9960182657646,2973.502,11.50598173423532,0.0367839579554168,buy,0.09217992674915448,1.207028536996994,False,1258
2025-12-17 14:55:47+00:00,2965.2794744324424,2975.392,10.11252556755744,0.4561333603332219,buy,0.5074600255866003,1.0057833266862712,False,1259
2025-12-17 14:55:59+00:00,2964.889702026361,2975.77,10.88029797363879,3.722571334595255,buy,6.999543337165303,1.0923747642872939,False,1260
2025-12-17 14:55:59+00:00,2964.9720983376164,2975.77,10.797901662383538,0.5074735846059448,buy,0.9123876013787611,1.086263064037745,False,1260
2025-12-17 14:56:11+00:00,2964.2055755058777,2975.902222222222,11.696646716344276,7.234078144644351,buy,19.50775307453308,1.1929118130418013,False,1261
2025-12-17 14:56:23+00:00,2966.1278081514706,2976.1666666666665,10.038858515195898,0.1424749512946204,buy,0.1480113163545372,0.9712478741173387,False,1262
2025-12-17 14:56:23+00:00,2965.9328855775184,2976.298888888889,10.366003311370605,5.837072039689457,buy,7.973459734924569,1.0087673218412163,False,1262
2025-12-17 14:56:35+00:00,2966.253509278124,2976.431111111111,10.177601832986966,1.618099896380086,buy,1.9054774039332085,0.9822305554208459,False,1263
2025-12-17 14:56:47+00:00,2962.2883599376105,2976.827777777778,14.539417840167516,2.7531737032419654,buy,15.250979528818611,1.539962709716879,False,1264
2025-12-17 14:56:47+00:00,2964.8456970813418,2976.893888888889,12.048191807547028,5.249999990327643,buy,16.003006960138695,1.2124952247186123,False,1264
2025-12-17 14:56:47+00:00,2961.4075878251324,2976.7616666666668,15.354078841534374,0.021197988840875,buy,0.1346936923768856,1.6272237680044805,False,1264
2025-12-17 14:56:47+00:00,2963.168997590716,2976.563333333333,13.394335742616931,0.0200016813243489,buy,0.08789410315601992,1.3644523100957715,False,1264
2025-12-17 14:57:11+00:00,2967.9526145470704,2978.2335,10.280885452929397,10.607792118272949,buy,13.58736661199493,0.9559689790828524,False,1265
2025-12-17 14:58:23+00:00,2972.7958618301086,2982.7172727272728,9.92141089716415,0.0131216490512691,buy,0.01209043042460299,0.9080815050290264,False,1266
2025-12-17 14:58:23+00:00,2973.1099537910627,2984.180909090909,11.070955299846446,5.07223362216081,buy,10.504369101873264,1.0567572444652347,False,1266
2025-12-17 14:58:35+00:00,2974.680728335465,2990.0354545454543,15.354726209989167,0.3405970141094556,buy,2.1644007726054073,1.605102012113772,False,1267
2025-12-17 14:58:35+00:00,2974.8272085002664,2991.4990909090907,16.67188240882433,0.1164059761220813,buy,0.8930529604930206,1.7680711755114162,False,1267
2025-12-17 14:58:35+00:00,2974.5683006794297,2992.962727272727,18.39442659329734,0.0099999999977158,buy,0.09394426591151464,1.9802042346737634,False,1267
2025-12-17 14:58:47+00:00,2974.5540819204807,2994.4263636363635,19.872281715882764,0.0345414835872352,buy,0.3755447404449619,2.155813569285454,False,1268
2025-12-17 14:59:11+00:00,2985.824345076449,2995.310833333333,9.486488256884059,0.3488222047346636,buy,0.16969790634382065,0.7771799845671572,False,1269
2025-12-17 14:59:23+00:00,2983.4849815378816,2992.9941666666664,9.509185128784793,6.996027959303129,buy,3.562273397439777,0.7775493626773082,False,1270
2025-12-17 15:00:11+00:00,2995.753486479626,2986.7333333333336,-9.020153146292614,10.770146370726566,sell,0.2170523354021194,-1.6218840490857578,False,1271
2025-12-17 15:04:59+00:00,2997.316607347523,3009.13,11.813392652476978,1.0364305937466871,buy,2.9158862172492808,1.1006718025279363,False,1272
2025-12-17 15:05:11+00:00,2994.594263246786,3011.1225,16.52823675321406,6.2395736011133085,buy,46.97298730828541,1.7104457351543458,False,1273
2025-12-17 15:05:11+00:00,2992.514339096296,3015.1075,22.593160903703847,0.2594010414113576,buy,3.526080094492929,2.4722270650289793,False,1273
2025-12-17 15:05:11+00:00,2995.19412715754,3017.1000000000004,21.905872842460212,5.591222766883837,buy,72.15961006327136,2.362160680858011,False,1273
2025-12-17 15:05:23+00:00,2992.388694773465,3019.0925,26.703805226535223,0.13346500529746,buy,2.3628384583447235,2.9427040106540643,False,1274
2025-12-17 15:05:59+00:00,3005.477621216638,3025.07,19.592378783362165,0.9754202378034232,buy,10.332020631771057,1.948701488078665,False,1275
2025-12-17 15:06:11+00:00,3013.100844962966,3024.77,11.669155037033761,0.2704462488742276,buy,0.7218629674295306,0.928464384705178,False,1276
2025-12-17 15:06:11+00:00,3012.914278575573,3024.83,11.91572142442692,0.3369476298143993,buy,0.9824454231597148,0.9610823367054305,False,1276
2025-12-17 15:06:11+00:00,3012.788068183057,3024.71,11.921931816943015,0.0739688378195141,buy,0.21613190068713609,0.9572750103611928,False,1276
2025-12-17 15:06:11+00:00,3009.012425512198,3024.9500000000003,15.937574487802067,0.5199999985821451,buy,3.6075387238206007,1.463926503190775,False,1276
2025-12-17 15:06:11+00:00,3010.178183042481,3024.8900000000003,14.711816957519204,3.281431221794421,buy,18.742934497578336,1.3081056583253399,False,1276
2025-12-17 15:06:23+00:00,3009.824032534127,3024.4700000000003,14.645967465873127,0.5014945231629202,buy,2.831421762091405,1.2887580859410175,False,1277
2025-12-17 15:06:23+00:00,3012.64054868186,3024.59,11.94945131814029,2.186460183536353,buy,6.448857870392559,0.9538241113394912,False,1277
2025-12-17 15:06:23+00:00,3010.973320641599,3024.53,13.556679358401198,3.2447492692888327,buy,14.785282018555792,1.148651441996175,False,1277
2025-12-17 15:06:47+00:00,3013.8671977936515,3024.05,10.182802206348697,0.4608291291058709,buy,0.5450697106561726,0.7190764461786326,False,1278
2025-12-17 15:06:47+00:00,3014.3813057428056,3023.93,9.548694257194256,1.0859675833855191,buy,0.595864176502759,0.6345637607305108,False,1278
2025-12-17 15:06:47+00:00,3014.037194044821,3024.29,10.252805955179156,0.0336217115038339,buy,0.042121480395318635,0.7232803799536768,False,1278
2025-12-17 15:06:47+00:00,3014.4687021822365,3024.17,9.701297817763589,1.062735186031575,buy,0.745293866824525,0.656848320559035,False,1278
2025-12-17 15:06:47+00:00,3014.0754308545474,3024.11,10.034569145452679,0.2167666934648555,buy,0.2242601328205383,0.699394018634908,False,1278
2025-12-17 15:06:47+00:00,3013.925832252218,3023.87,9.944167747782103,0.3287380052280883,buy,0.3103838220065854,0.6920476021630084,False,1278
2025-12-17 15:06:47+00:00,3013.796167315029,3023.75,9.953832684971076,0.0334411540810301,buy,0.03189726578564039,0.6919722766482184,False,1278
2025-12-17 15:06:47+00:00,3013.8156322397504,3023.81,9.994367760249588,0.029872463344114,buy,0.02970421446862456,0.699534528691931,False,1278
2025-12-17 15:06:47+00:00,3013.7765300675974,3023.69,9.913469932402677,0.0304070657149701,buy,0.027775940263217492,0.6908325510432312,False,1278
2025-12-17 15:06:47+00:00,3013.7610620551845,3023.63,9.86893794481557,0.0200128951028618,buy,0.01738996394049033,0.686607552561276,False,1278
2025-12-17 15:06:47+00:00,3013.74566686285,3023.57,9.824333137150006,0.0299999999980471,buy,0.024729994112890345,0.682367538152976,False,1278
2025-12-17 15:06:47+00:00,3013.7282191683457,3023.51,9.781780831654487,0.0268456274475627,buy,0.02098739695224209,0.6783748534235651,False,1278
2025-12-17 15:06:47+00:00,3013.7138052180894,3023.45,9.736194781910399,0.019999999965371,buy,0.014723895612714288,0.6740027175882213,False,1278
2025-12-17 15:08:23+00:00,3024.3388599426225,3012.2327272727275,-12.106132669895032,4.212483996995529,sell,13.08453416447782,-2.035947696070556,False,1279
2025-12-17 15:08:47+00:00,3022.574316933946,3011.536363636364,-11.037953297582135,0.343415873742,sell,0.699865512334559,-1.8629773524951014,False,1280
2025-12-17 15:08:47+00:00,3021.550623642308,3011.188181818182,-10.362441824126108,3.000434680810177,sell,4.087917699694255,-1.770866807625245,False,1280
2025-12-17 15:10:23+00:00,3010.8230326528846,3020.02,9.196967347115333,0.5343799999372103,buy,0.10525541093912402,0.645120661416324,False,1281
2025-12-17 15:13:47+00:00,3011.0799038440537,3020.515,9.435096155946212,1.5277086347417768,buy,0.6647001543819828,0.7153012790490397,False,1282
2025-12-17 15:18:23+00:00,3026.930140392622,3015.1666666666665,-11.763473725955464,1.1184018807784215,sell,3.090674212590343,-1.9020465309047188,False,1283
2025-12-17 15:19:35+00:00,3008.189365376157,3017.2000000000003,9.010634623843089,1.5049315319396157,buy,0.016004380751781153,0.6753195689499524,False,1284
2025-12-17 15:19:59+00:00,3009.695463061661,3019.05,9.354536938339152,1.5122089981722364,buy,0.5361339483409006,0.7167488817666342,False,1285
2025-12-17 15:22:35+00:00,3007.2865530703466,3017.144,9.857446929653179,9.796999989548656,buy,8.40040756085072,0.7972646208287577,False,1286
2025-12-17 15:23:35+00:00,3021.567367729921,3012.4,-9.167367729920898,3.3095406400000007,sell,0.5539103039977545,-1.6148693061964758,False,1287
2025-12-17 15:35:23+00:00,3007.578876207205,2987.826666666667,-19.752209540538388,0.2400706823391906,sell,2.5812902810510057,-2.7771135730417433,False,1288
2025-12-17 15:35:59+00:00,2999.428998701517,2989.48,-9.948998701516757,8.67823110540991,sell,8.235630050496336,-1.5685568752457573,False,1289
2025-12-17 15:37:35+00:00,2996.326404948761,2986.229230769231,-10.097174179530157,0.0002086248010121,sell,0.00022889774488009303,-1.5838914975167835,False,1290
2025-12-17 15:37:35+00:00,2994.371426131615,2985.0915384615387,-9.279887670076278,6.098175945924681,sell,1.706804257220059,-1.4806739785561713,False,1290
2025-12-17 15:38:47+00:00,2986.3880046517534,2977.127692307692,-9.260312344061276,0.022213257921164,sell,0.005782385238695913,-1.4596532280075896,False,1291
2025-12-17 15:40:23+00:00,2980.669926311401,2970.368,-10.301926311401076,5.67779286616385,sell,7.392067923144042,-1.5509156904521728,False,1292
2025-12-17 15:40:23+00:00,2982.5301191326025,2969.7433333333333,-12.786785799269182,0.1089911139252932,sell,0.41272600245882995,-1.840213097244651,False,1292
2025-12-17 15:40:35+00:00,2983.0449363771254,2969.1186666666667,-13.926269710458655,1.5085257165,sell,7.4314045446418895,-1.9674048810142872,False,1293
2025-12-17 15:40:47+00:00,2983.6425585951074,2967.2446666666665,-16.397891928440913,1.5082235595,sell,11.157674897109473,-2.243021391586795,False,1294
2025-12-17 15:40:47+00:00,2982.214193836526,2967.869333333333,-14.344860503193104,2.96657934506664,sell,15.85595277103515,-1.991762366938042,False,1294
2025-12-17 15:41:35+00:00,2982.39671949722,2965.3706666666667,-17.026052830553454,1.5088535909999998,sell,12.110138634936291,-2.2814773171479064,False,1295
2025-12-17 15:41:47+00:00,2980.166239692786,2964.746,-15.420239692785799,1.5099828795,sell,9.694452018392896,-2.0837861435739957,False,1296
2025-12-17 15:42:23+00:00,2970.976024211601,2960.373333333333,-10.602690878267822,3.000535900778809,sell,4.80893151809332,-1.4769350637879615,False,1297
2025-12-17 15:42:23+00:00,2971.959308337337,2959.748666666667,-12.210641670670157,0.0724330206662323,sell,0.23255647448351807,-1.6680874486484372,False,1297
2025-12-17 15:45:59+00:00,2948.547840188707,2939.12,-9.42784018870725,0.0134548306998,sell,0.005756517305626539,-1.4283841637674493,False,1298
2025-12-17 15:46:11+00:00,2948.558359886821,2938.746,-9.812359886821014,0.0200131680630072,sell,0.01625789494259446,-1.4759752810778468,False,1299
2025-12-17 15:46:23+00:00,2949.358659452548,2938.372,-10.986659452548338,2.509746183047797,sell,4.986010978049017,-1.654950229372103,False,1300
2025-12-17 15:49:23+00:00,2946.0749440574245,2933.315,-12.759944057424491,2.52104937248169,sell,9.479004606536272,-1.8308224472661891,False,1301
2025-12-17 15:49:47+00:00,2942.0935644183464,2927.4975,-14.596064418346486,1.5295230765,sell,8.559309665441502,-2.03320476102224,False,1302
2025-12-17 15:49:47+00:00,2942.58364004888,2924.58875,-17.99489004888028,0.0246232589666665,sell,0.2214835070502706,-2.422493029107227,False,1302
2025-12-17 15:49:59+00:00,2942.5952775200594,2921.68,-20.91527752005959,0.0122578776889762,sell,0.14605601447109812,-2.7462425429928015,False,1303
2025-12-17 15:50:11+00:00,2941.785247088192,2921.065714285714,-20.71953280247817,1.5296833799999996,sell,17.927174549315676,-2.699523349615853,False,1304
2025-12-17 15:50:47+00:00,2929.797378846228,2917.994285714286,-11.803093131942205,1.3276834995776547,sell,3.721620499059116,-1.5922689210550882,False,1305
2025-12-17 15:50:59+00:00,2933.1195448981102,2917.38,-15.739544898110125,9.263549729591352,sell,62.43210931845683,-2.0318830937379855,False,1306
2025-12-17 15:51:11+00:00,2926.5889310992434,2916.452173913044,-10.136757186199247,10.626166155258185,sell,12.07937073873697,-1.369871060913031,False,1307
2025-12-17 15:51:23+00:00,2921.7657200272342,2911.813043478261,-9.952676548973159,0.3408311875158552,sell,0.32470187950502855,-1.333547349428397,False,1308
2025-12-17 15:51:23+00:00,2921.892538431689,2912.276956521739,-9.615581909949924,0.0646763084248925,sell,0.03981356546870569,-1.2983170615464164,False,1308
2025-12-17 15:51:35+00:00,2924.5314910056136,2909.957391304348,-14.574099701265368,0.0801305944971786,sell,0.44665592284893957,-1.8385073585085019,False,1309
2025-12-17 15:51:35+00:00,2923.7502483652743,2910.885217391304,-12.865030973970079,2.414508485787067,sell,9.332150084480608,-1.654504771154192,False,1309
2025-12-17 15:51:47+00:00,2922.1704163616528,2907.6378260869565,-14.532590274696304,0.0182128672927517,sell,0.10076433245821245,-1.825227228456919,False,1310
2025-12-17 15:51:47+00:00,2922.185376906304,2908.101739130435,-14.083637775869192,0.0296752953064895,sell,0.15085845223014377,-1.7678523771455958,False,1310
2025-12-17 15:51:47+00:00,2922.1617065260725,2907.1739130434785,-14.987793482594043,0.00994975908933,sell,0.05957710262847102,-1.8627919055793978,False,1310
2025-12-17 15:51:47+00:00,2921.9370363300472,2909.029565217392,-12.907471112655458,0.0526551356470165,sell,0.20574842147367162,-1.6226751324856286,False,1310
2025-12-17 15:51:47+00:00,2922.055971555515,2908.565652173913,-13.490319381602148,0.327674280821629,sell,1.471362174025906,-1.6827054825801375,False,1310
2025-12-17 15:51:47+00:00,2921.88585361893,2909.49347826087,-12.392375358060235,0.110969672411538,sell,0.3764507821809182,-1.5544321258740403,False,1310
2025-12-17 15:51:59+00:00,2922.346024554148,2906.71,-15.636024554147752,0.4839690197931912,sell,3.2116302987944363,-1.9112940604230457,False,1311
2025-12-17 15:51:59+00:00,2922.551180848767,2906.71,-15.84118084876718,0.1718548654652252,sell,1.175690214388159,-1.9217648584872107,False,1311
2025-12-17 15:52:11+00:00,2920.409055271472,2907.098,-13.311055271472014,0.1605917733180031,sell,0.692320010917616,-1.6310142489933968,False,1312
2025-12-17 15:57:47+00:00,2913.952577240112,2904.02125,-9.931327240112296,1.545767359490162,sell,1.4396152487696436,-1.1448001700510044,False,1313
2025-12-17 16:02:23+00:00,2909.0185030914545,2919.665,10.646496908545487,4.652498432930905,buy,7.660324286833457,1.5253798786159225,False,1314
2025-12-17 16:04:59+00:00,2923.965544995862,2908.74,-15.225544995862037,1.539005823,sell,9.581149999980187,-1.8155134480922233,False,1315
2025-12-17 16:10:35+00:00,2917.3179068363047,2908.023333333333,-9.294573502971616,0.784526890139993,sell,0.23110083420396596,-1.0534420359452388,False,1316
2025-12-17 16:11:23+00:00,2915.205436946762,2904.205,-11.000436946761965,1.543630491,sell,3.0879354663447134,-1.3113648397450843,False,1317
2025-12-17 16:12:35+00:00,2903.493227543977,2894.2066666666665,-9.286560877310421,0.866211352635885,sell,0.24822228514758596,-1.0414687871729502,False,1318
2025-12-17 16:12:35+00:00,2904.1245224472154,2892.8594444444443,-11.265078002771133,1.1280572439915215,sell,2.555137649231825,-1.3382876329838327,False,1318
2025-12-17 16:12:47+00:00,2905.9353549456773,2888.817777777778,-17.117577167899526,0.0058225596695409,sell,0.04726507743219782,-2.2130460862221164,False,1319
2025-12-17 16:12:47+00:00,2905.950082159055,2891.512222222222,-14.437859936832865,1.548546903,sell,8.42078116413031,-1.7975900798208495,False,1319
2025-12-17 16:13:11+00:00,2901.0953636753675,2887.470555555556,-13.624808119811405,0.0049050438597,sell,0.022684886670371635,-1.6594182288224544,False,1320
2025-12-17 16:13:11+00:00,2901.098334651481,2886.123333333333,-14.97500131814786,0.0041651500935598,sell,0.02488677729930349,-1.8545498455108709,False,1320
2025-12-17 16:13:35+00:00,2901.1176419363032,2883.4288888888887,-17.688753047414593,0.0572322027207352,sell,0.4972764758000377,-2.237066524065706,False,1321
2025-12-17 16:13:47+00:00,2901.2866211023274,2882.0816666666665,-19.204954435660966,0.004415016395427,sell,0.045055041148028656,-2.4477155052588744,False,1322
2025-12-17 16:13:47+00:00,2901.2579009992683,2880.7344444444443,-20.52345655482395,0.08616951975,sell,0.9929707171891695,-2.6228503956821334,False,1322
2025-12-17 16:13:47+00:00,2901.183199408237,2879.387222222222,-21.79597718601508,0.1501439040763953,sell,1.9212379711807908,-2.785837945481308,False,1322
2025-12-17 16:13:59+00:00,2901.290829840462,2878.04,-23.250829840461847,0.0090695685276911,sell,0.12924887781453392,-2.965372177333083,False,1323
2025-12-17 16:14:11+00:00,2898.9073154453704,2878.091111111111,-20.81620433425951,0.0678759886360044,sell,0.8020365511129044,-2.5632358805652626,False,1324
2025-12-17 16:14:23+00:00,2895.6940175728955,2878.1422222222222,-17.551795350673274,0.0167245453787939,sell,0.14302488941249386,-2.0621058397442193,False,1325
2025-12-17 16:14:35+00:00,2894.485290005776,2878.193333333333,-16.291956672442666,0.5555477789271444,sell,4.051030333408494,-1.8673716268294913,False,1326
2025-12-17 16:14:47+00:00,2889.3721106910943,2878.2444444444445,-11.127666246649824,0.0054098279491807,sell,0.011510308327654614,-1.1100157440123093,False,1327
2025-12-17 16:16:11+00:00,2885.0352709842805,2872.637142857143,-12.398128127137625,3.118852684574,sell,10.5982610318496,-1.3169858549151907,False,1328
2025-12-17 16:16:11+00:00,2881.9680143396586,2872.688571428572,-9.27944291108679,4.907337223255241,sell,1.371320599351007,-0.8555519379770901,False,1328
2025-12-17 16:16:23+00:00,2884.8266010784027,2872.431428571429,-12.395172506973722,1.3756635995094058,sell,4.670615231898844,-1.3075206979036509,False,1329
2025-12-17 16:17:47+00:00,2877.4255006482986,2866.38,-11.045500648298457,0.5685578843418899,sell,1.1629855210165352,-1.108789395857463,False,1330
2025-12-17 16:17:47+00:00,2875.858699054127,2864.97,-10.8886990541273,3.5296440587775035,sell,6.666435395219118,-1.0831842304253105,False,1330
2025-12-17 16:17:59+00:00,2876.9405399078937,2863.56,-13.380539907893763,0.0401518691115174,sell,0.17588686501952883,-1.4484674194147882,False,1331
2025-12-17 16:17:59+00:00,2880.9357399130163,2863.56,-17.375739913016332,10.392793404306897,sell,87.04733452418616,-2.0295066033250344,False,1331
2025-12-17 16:18:11+00:00,2875.8192655492344,2863.673,-12.146265549234613,1.5147410531614376,sell,4.765777591573187,-1.2479587038968702,False,1332
2025-12-17 16:19:23+00:00,2869.248519969165,2859.6429411764707,-9.60557879269436,0.0155141664063586,sell,0.00939505016202203,-0.872262754936267,False,1333
2025-12-17 16:19:35+00:00,2868.484599378692,2858.8017647058823,-9.682834672809804,0.01391117805152,sell,0.009499034713208586,-0.8676497189281349,False,1334
2025-12-17 16:20:47+00:00,2862.489455841184,2852.072352941176,-10.417102900007649,1.5720581925,sell,2.2277682235725322,-0.9528329977457468,False,1335
2025-12-17 16:20:59+00:00,2861.671525918462,2850.39,-11.281525918462194,0.0046434270599017,sell,0.01059409918765443,-1.0707492006404349,False,1336
2025-12-17 16:20:59+00:00,2861.635223815316,2850.39,-11.245223815315967,0.0897816967941338,sell,0.20158000382166638,-1.0676889795037887,False,1336
2025-12-17 16:20:59+00:00,2860.96259369513,2850.39,-10.572593695130308,1.5728971815,sell,2.473528190715132,-0.9700991251512018,False,1336
2025-12-17 16:20:59+00:00,2861.589759453077,2850.39,-11.19975945307715,0.0285020610416178,sell,0.0626976782084807,-1.0671973544319056,False,1336
2025-12-17 16:20:59+00:00,2861.573079176654,2850.39,-11.183079176654246,0.0148726483030254,sell,0.03246816881203686,-1.0605338703538145,False,1336
2025-12-17 16:23:59+00:00,2859.8365371772243,2848.8,-11.03653717722409,1.5735165075000002,sell,3.20452486649956,-1.0179540942333052,False,1337
2025-12-17 16:23:59+00:00,2860.0983520324944,2848.8,-11.298352032494222,0.000697178822044,sell,0.001602362362656755,-1.0555868533533088,False,1337
2025-12-17 16:24:11+00:00,2860.7031984358155,2849.041818181818,-11.661380253997322,1.5730398045,sell,4.186457074448108,-1.10559815268424,False,1338
2025-12-17 16:29:59+00:00,2849.140281464688,2838.54,-10.600281464688123,0.5458152756172998,sell,0.8734580687140043,-0.9586828207647315,False,1339
2025-12-17 16:29:59+00:00,2849.95151747977,2838.54,-11.411517479769827,1.5789742290000002,sell,3.8077239533395866,-1.0858215581279822,False,1339
2025-12-17 16:29:59+00:00,2850.557531710899,2838.54,-12.01753171089922,0.0078377646307634,sell,0.02365070331589288,-1.1797809856083479,False,1339
2025-12-17 16:35:59+00:00,2838.560601344295,2851.47,12.90939865570499,0.004999999997632,buy,0.019546993269267496,2.7307886419531657,False,1340
2025-12-17 16:36:11+00:00,2837.9328249835075,2851.4484615384613,13.515636554953744,2.153236386430504,buy,9.723232938022091,2.7565683836792116,False,1341
2025-12-17 16:36:47+00:00,2840.591154516177,2851.362307692308,10.771153176131065,1.709828999248311,buy,3.028369062659647,2.2840872275266957,False,1342
2025-12-17 16:41:47+00:00,2835.7521949813754,2845.2339130434784,9.481718062103027,2.519999996701733,buy,1.2139295149107945,1.993509123076091,False,1343
2025-12-17 16:41:59+00:00,2834.0184407596125,2845.19,11.171559240387523,0.0114999999757462,buy,0.024972931211787956,2.233709037795472,False,1344
2025-12-17 16:41:59+00:00,2834.309056035495,2845.19,10.88094396450515,0.7496249999539191,buy,1.4100026193054973,2.176683632483661,False,1344
2025-12-17 16:41:59+00:00,2833.8350014759744,2845.19,11.354998524025632,2.500870776636176,buy,5.889546987757031,2.229209508051124,False,1344
2025-12-17 17:01:35+00:00,2870.4150329651666,2859.7615384615383,-10.65349450362828,0.6967633520000001,sell,1.152094372861617,-1.4222528474506697,False,1345
2025-12-17 17:02:23+00:00,2868.6954296853787,2857.072307692308,-11.623121993070527,2.370308869542749,sell,6.2176093260677225,-1.5586484458156298,False,1346
2025-12-17 17:38:59+00:00,2865.164827488712,2855.06,-10.10482748871209,3.9205423339800005e-05,sell,4.3315229412405584e-05,-2.7789745814391518,False,1347
2025-12-17 18:42:35+00:00,2834.8254507964234,2824.5821052631577,-10.24334553326571,0.0043214897046159,sell,0.005373104921287933,-2.757840515739082,False,1348
2025-12-17 18:42:47+00:00,2835.426503777236,2822.7205263157894,-12.705977461446764,1.587062826,sell,5.881619063056007,-3.3506913498512447,True,1349
2025-12-17 18:42:59+00:00,2831.747398572068,2822.1,-9.647398572068141,1.5891247935,sell,1.0287971221499796,-2.424795426114637,False,1350
2025-12-17 18:46:59+00:00,2825.8193201023896,2816.4,-9.41932010238952,0.0038293527555073,sell,0.001605724589524911,-2.336201186713607,False,1351
2025-12-17 18:54:11+00:00,2822.352476172317,2812.115,-10.237476172317201,0.0233257757689017,sell,0.028865091714829802,-2.5551831343227014,False,1352
2025-12-18 01:18:35+00:00,2810.2833652838663,2825.717142857143,15.43377757327653,8.623045988656807,buy,55.47875989515231,6.141750829588959,True,1353
2025-12-18 03:34:11+00:00,2870.2451160626665,2826.775,-43.47011606266642,2.19493449e-08,sell,7.565964662024953e-07,-10.041130984637466,True,1354
2025-12-18 13:08:11+00:00,2879.391827297211,2890.6075,11.215672702789107,1.0499999973389966,buy,2.3264563320326492,4.014676616110236,True,1355
2025-12-18 13:29:47+00:00,2888.4029696479683,2899.76,11.35703035203187,2.1829388448414675,buy,5.145253113920728,3.531797129274612,True,1356
2025-12-18 13:29:47+00:00,2889.1595742494005,2904.18,15.020425750599316,0.206548383937926,buy,1.2435092094045637,4.551679118419462,True,1356
2025-12-18 13:30:23+00:00,2899.394978031023,2911.228,11.833021968976936,3.82550807083633,buy,10.837748407177902,3.285010486672999,True,1357
2025-12-18 13:30:23+00:00,2900.3612898848696,2910.352,9.990710115130241,0.7227455166743072,buy,0.7160312940342687,2.649094004462203,False,1357
2025-12-18 13:34:47+00:00,2912.428429219268,2901.6925,-10.735929219267746,2.323822156829544,sell,4.033990782422199,-3.090417244093939,True,1358
2025-12-18 13:41:11+00:00,2917.6493869017886,2928.355714285714,10.706327383925327,1.5554528077889171,buy,2.6541117203337676,2.4849091368741143,False,1359
2025-12-18 13:41:11+00:00,2918.194700287032,2928.433571428571,10.23887114153922,0.2026615101938982,buy,0.2510714964799771,2.347847002754668,False,1359
2025-12-18 13:42:35+00:00,2925.7931664355583,2935.17,9.376833564441768,1.6423840725057754,buy,0.6189054442247377,2.0613173339442543,False,1360
2025-12-18 13:42:47+00:00,2928.469153877993,2937.62,9.150846122006897,0.02295875300956,buy,0.003463238857606293,1.9501295678719128,False,1361
2025-12-18 13:42:59+00:00,2927.621625515358,2938.11,10.488374484642009,1.5549269117721645,buy,2.314313540964885,2.2317810989706994,False,1362
2025-12-18 13:42:59+00:00,2926.9604218197205,2938.11,11.149578180279605,0.5708983546696285,buy,1.2271906463553601,2.3719318402022993,False,1362
2025-12-18 13:42:59+00:00,2928.4283501640552,2938.11,9.681649835944881,0.0149999995723095,buy,0.010224747247638064,2.066312429294171,False,1362
2025-12-18 13:42:59+00:00,2928.252078837893,2938.11,9.857921162107232,0.4714974137567864,buy,0.4045076091407765,2.0954657631839773,False,1362
2025-12-18 13:45:23+00:00,2933.9266429323934,2943.5517647058823,9.6251217734889,0.4420120823824848,buy,0.2763113768424605,2.036382606368154,False,1363
2025-12-18 13:45:47+00:00,2933.786607275873,2944.345294117647,10.558686841774033,0.0067200282907781,buy,0.010474419673185072,2.238748551240838,False,1364
2025-12-18 13:46:47+00:00,2937.927623812188,2947.519411764706,9.591787952518189,1.0261380421918525,buy,0.6072561309897392,1.973387281390569,False,1365
2025-12-18 13:46:47+00:00,2940.062843960892,2949.1064705882354,9.043626627343201,5.79722137266897,buy,0.2529132164514699,1.8302742501079357,False,1365
2025-12-18 13:46:59+00:00,2937.559936871367,2949.9,12.340063128633119,0.149719541882239,buy,0.5000727214767084,2.59907398429816,False,1366
2025-12-18 13:47:47+00:00,2943.5184204175907,2956.848,13.329579582409224,1.1074270574931713,buy,4.79469357712996,2.775451119015838,False,1367
2025-12-18 13:47:59+00:00,2946.384881802176,2961.48,15.095118197823922,2.8221387495424595,buy,17.20126924912029,3.1298772207682037,True,1368
2025-12-18 13:47:59+00:00,2943.991419937198,2961.48,17.488580062802157,1.5429475209193717,buy,13.097433564026193,3.5998835445912,True,1368
2025-12-18 13:47:59+00:00,2945.0333989316946,2961.48,16.446601068305426,0.1775700215113685,buy,1.3222931118855743,3.319581703464292,True,1368
2025-12-18 13:47:59+00:00,2945.442224616166,2961.48,16.037775383833832,0.1805598828438419,buy,1.2707398987863112,3.1890050606891576,True,1368
2025-12-18 13:48:23+00:00,2951.739687777137,2962.8566666666666,11.116978889529491,4.7954856078991535,buy,10.151941796965009,2.032742386747712,False,1369
2025-12-18 13:48:23+00:00,2949.705439760051,2962.66,12.954560239948933,0.0169996008157611,buy,0.0672259454810123,2.447336518847372,False,1369
2025-12-18 13:48:35+00:00,2951.535370104856,2964.2333333333336,12.69796322847742,0.0398305269151572,buy,0.14729182390313147,2.3558611301330195,False,1370
2025-12-18 13:48:35+00:00,2951.7203194227754,2964.036666666667,12.316347243891414,0.0177351646954943,buy,0.05881596455786283,2.258341822502089,False,1370
2025-12-18 13:48:35+00:00,2951.5186701368298,2963.643333333333,12.124663196503207,0.0133334592791769,buy,0.04166256949171823,2.196722408854273,False,1370
2025-12-18 13:48:35+00:00,2951.433047656258,2963.4466666666667,12.013619010408547,0.2001999996134817,buy,0.6033265247189723,2.1600065533738353,False,1370
2025-12-18 13:48:35+00:00,2951.5051500090244,2963.25,11.744849990975581,0.0298074570527959,buy,0.08181699822237185,2.0906267570647743,False,1370
2025-12-18 13:48:47+00:00,2956.359576894923,2965.4133333333334,9.053756438410346,0.0141508777643143,buy,0.0007607007889896987,1.4874592238644548,False,1371
2025-12-18 13:48:59+00:00,2954.9093247659875,2965.61,10.700675234012579,4.323076884605133,buy,7.352149792380203,1.8164522565743746,False,1372
2025-12-18 13:53:35+00:00,2957.4216048603307,2966.50625,9.084645139669192,0.9999999973421676,buy,0.08464513944421925,1.4951638610473492,False,1373
2025-12-18 13:54:59+00:00,2961.889828592208,2972.71,10.820171407792259,4.211749996430242,buy,7.666106920271474,1.8402732635747014,False,1374
2025-12-18 13:55:11+00:00,2962.297705504323,2972.2166666666667,9.918961162343749,4.199999988820112,buy,3.8596368715698612,1.6385756148942214,False,1375
2025-12-18 13:55:11+00:00,2963.0623989473497,2972.463333333333,9.400934385983419,0.0582123235276034,buy,0.0233393221902078,1.540235040586539,False,1375
2025-12-18 13:58:11+00:00,2972.862701460612,2963.2444444444445,-9.618257016167263,3.00135042315146,sell,1.8556059570899737,-2.290429636638639,False,1376
2025-12-18 13:59:59+00:00,2961.5628062681667,2971.6,10.037193731833213,0.0043007387765142,buy,0.00446069930125257,1.6732221971146484,False,1377
2025-12-18 13:59:59+00:00,2962.0550470146413,2971.6,9.544952985358577,1.555541306581675,buy,0.8476968788702657,1.569271928766085,False,1377
2025-12-18 14:00:47+00:00,2966.290261735812,2975.7833333333333,9.49307159752152,1.5538857894179063,buy,0.7661769485542764,1.548535239774937,False,1378
2025-12-18 14:10:59+00:00,2973.232596446871,2958.07,-15.162596446870793,1.5135041925,sell,9.327115559024548,-3.1960116259703897,True,1379
2025-12-18 14:11:11+00:00,2970.2592574159385,2955.8715384615384,-14.387718954400043,1.515019266,sell,8.16249801570944,-3.0001006776396104,True,1380
2025-12-18 14:11:47+00:00,2964.078563092016,2944.879230769231,-19.199332322784812,0.0991550516439115,sell,1.0113153231991439,-3.65466610586806,True,1381
2025-12-18 14:11:47+00:00,2963.0034617332417,2948.1769230769232,-14.826538656318462,0.7025216014369285,sell,4.093269267671015,-2.957927937288495,False,1381
2025-12-18 14:11:47+00:00,2963.55921351489,2945.978461538462,-17.58075197642802,0.5563531592285885,sell,4.773928470642683,-3.4052605583917086,True,1381
2025-12-18 14:11:47+00:00,2963.304397090636,2950.375384615385,-12.929012475251056,0.2504912285517378,sell,0.9841831619207414,-2.6526723930108487,False,1381
2025-12-18 14:11:47+00:00,2964.0670450031485,2949.276153846154,-14.790891156994348,0.005990799037402,sell,0.03469206516902149,-2.9763260593450775,False,1381
2025-12-18 14:11:59+00:00,2961.907479553605,2943.78,-18.127479553604644,0.5900431516055972,sell,5.385606802024533,-3.3941694092527355,True,1382
2025-12-18 14:11:59+00:00,2961.452990474193,2943.78,-17.67299047419283,0.8510246683323006,sell,7.380928841749156,-3.2802780541126415,True,1382
2025-12-18 14:12:11+00:00,2953.39799632856,2944.1800000000003,-9.21799632855982,1.523668671,sell,0.3321541762196211,-1.7826842255848498,False,1383
2025-12-18 14:14:59+00:00,2934.888394514765,2946.65,11.761605485235123,0.1919732535836859,buy,0.5301543901151401,1.8549896380443722,False,1384
2025-12-18 14:14:59+00:00,2936.143437136887,2946.65,10.506562863113231,3.9625093603550634,buy,5.969769447049503,1.6300929183363455,False,1384
2025-12-18 14:17:11+00:00,2952.123526365989,2961.61,9.486473634010963,0.0033191537930195,buy,0.0016146808075314678,1.4005624161740946,False,1385
2025-12-18 14:17:35+00:00,2953.7349872579416,2963.4700000000003,9.735012742058643,0.0175741883493039,buy,0.01291725236807692,1.4316714031742284,False,1386
2025-12-18 14:31:23+00:00,2983.210254033479,2968.96,-14.250254033478996,2.3946411897523032,sell,12.572474565231971,-2.5823137195342376,False,1387
2025-12-18 14:32:23+00:00,2977.7591969574232,2960.687142857143,-17.072054100280184,0.3153125611900931,sell,2.5452200524243374,-2.885455294834198,False,1388
2025-12-18 14:32:23+00:00,2976.4666674933305,2957.982857142857,-18.483810350473505,3.760065633936778,sell,35.659749377589335,-3.1509206202592726,True,1388
2025-12-18 14:33:11+00:00,2965.0934023398336,2951.208571428572,-13.88483091126136,0.0029862259964602,sell,0.014587209055521043,-2.258239475027958,False,1389
2025-12-18 14:33:59+00:00,2950.004523979438,2959.24,9.235476020561691,2.7838700416370075,buy,0.6555346391655923,1.2874995028341205,False,1390
2025-12-18 14:34:59+00:00,2957.816449979005,2947.32,-10.496449979004865,2.1925913273103994,sell,3.281103245719896,-1.7383275220452419,False,1391
2025-12-18 14:43:47+00:00,2940.534880471844,2931.0,-9.53488047184419,0.1650584001649788,sell,0.08828651496209095,-1.4959872610496139,False,1392
2025-12-18 14:43:59+00:00,2941.0767853856623,2929.68,-11.396785385662497,0.0001045559237106,sell,0.00025059810993400904,-1.7688398139789485,False,1393
2025-12-18 14:44:11+00:00,2940.3887231528984,2930.538461538461,-9.850261614437386,0.0085995432511679,sell,0.007311861528162146,-1.5137280475983559,False,1394
2025-12-18 14:44:59+00:00,2930.9228095462618,2940.84,9.917190453738385,2.468124676104958,buy,2.2637403915596113,1.530983960797951,False,1395
2025-12-18 14:45:35+00:00,2934.9168970943297,2945.1,10.18310290567024,1.0153384196159825,buy,1.2012498344862974,1.5680590350778445,False,1396
2025-12-18 14:45:59+00:00,2935.514605426885,2947.94,12.425394573115227,0.5399999996830137,buy,1.8497130683964196,1.8989001153798086,False,1397
2025-12-18 14:47:59+00:00,2946.925949117251,2935.81,-11.115949117251148,3.20125204531383,sell,6.7736864393802305,-1.6954354285897926,False,1398
2025-12-18 14:48:23+00:00,2945.578316834516,2935.948,-9.63031683451618,0.1340005372609398,sell,0.08446279446978291,-1.4442661509184616,False,1399
2025-12-18 14:49:35+00:00,2928.56565343996,2938.268888888889,9.703235448928808,0.6743966346392483,buy,0.47425962011660916,1.7547647200022647,False,1400
2025-12-18 15:09:23+00:00,2961.34242864253,2951.8896551724138,-9.452773470116426,0.4432146304004601,sell,0.20067582621278565,-1.344763697673098,False,1401
2025-12-18 15:29:59+00:00,2973.146982426769,2963.22,-9.926982426768973,1.9922321052440244,sell,1.8467641516061652,-1.7333986775425323,False,1402
2025-12-18 15:33:59+00:00,2955.429821916527,2972.76,17.33017808347313,1.1899999999727056,buy,9.912911919105657,3.717419455450186,True,1403
2025-12-18 15:33:59+00:00,2957.1223877727107,2972.76,15.637612227289537,4.193999990085379,buy,27.838145615442908,3.2911146206611503,True,1403
2025-12-18 15:38:11+00:00,2980.141007875106,2990.717222222222,10.576214347116093,0.2484299994676719,buy,0.3915789294149877,2.00528283940021,False,1404
2025-12-18 15:38:47+00:00,2983.8187063979235,2993.1594444444445,9.340738046520983,0.0282632000460263,buy,0.009630347572114747,1.722483472267766,False,1405
2025-12-18 15:38:59+00:00,2984.1171172147865,2993.77,9.652882785213478,0.0148042460348315,buy,0.009665437384206381,1.7542396742279656,False,1406
2025-12-18 15:38:59+00:00,2984.60406617026,2993.77,9.16593382973997,1.5227677823383134,buy,0.2526786899280373,1.6651279464699815,False,1406
2025-12-18 15:43:59+00:00,2987.724113854099,2976.41,-11.314113854099105,1.9918638609918904,sell,4.609399756200667,-2.6177689986945345,False,1407
2025-12-18 16:13:59+00:00,2960.554957210951,2949.0,-11.554957210951216,1.809694492227e-05,sell,4.6236919925340726e-05,-3.0261247616183513,True,1408
2025-12-18 17:04:35+00:00,2926.7116801556954,2916.48761904762,-10.224061108075603,0.0055439926351531,sell,0.0067861857681484825,-2.877332599745357,False,1409
2025-12-18 17:04:35+00:00,2926.690677354052,2917.542380952381,-9.148296401670905,0.0723709487438863,sell,0.010732351284227823,-2.497284141357173,False,1409
2025-12-18 17:04:35+00:00,2926.7234151312723,2915.4328571428573,-11.290557988415003,0.0385779839722011,sell,0.08836510936447117,-3.1188730957060185,True,1409
2025-12-18 17:04:47+00:00,2927.4148312273337,2914.378095238096,-13.036735989237513,2.2465530627385424,sell,9.068741600088435,-3.519781830690086,True,1410
2025-12-18 17:04:47+00:00,2928.0325754164933,2913.3233333333333,-14.709242083160007,0.0238719123505849,sell,0.13629052659746643,-3.9125486009650294,True,1410
2025-12-18 17:04:47+00:00,2928.0190381203306,2912.268571428572,-15.750466691758447,0.0065320606700283,sell,0.044094457981571404,-4.088918416586104,True,1410
2025-12-18 17:06:11+00:00,2915.538519688205,2904.02,-11.518519688204833,0.0002296937582809,sell,0.0005784882524882086,-2.6706401002893108,False,1411
2025-12-18 17:06:11+00:00,2914.93243368802,2903.38,-11.552433688019846,2.2717888622281364,sell,5.798590424019372,-2.7181671541063643,False,1411
2025-12-18 17:06:23+00:00,2914.27433279547,2902.74,-11.534332795470164,0.0200375947256775,sell,0.05078193345562446,-2.605808816537724,False,1412
2025-12-18 17:06:23+00:00,2914.342227378316,2902.1,-12.242227378315874,0.0100190906633044,sell,0.03248417005439448,-2.7560082350012807,False,1412
2025-12-18 17:06:23+00:00,2914.3233636798523,2901.46,-12.863363679852228,0.7427288412727362,sell,2.869431629351819,-2.8757233259557857,False,1412
2025-12-18 17:06:23+00:00,2914.5253648810885,2900.82,-13.705364881088371,0.01565332062288,sell,0.0736545851313159,-3.043747107783858,True,1412
2025-12-18 17:06:23+00:00,2914.2829871829604,2900.18,-14.102987182960533,0.0123085020081298,sell,0.06281012798893035,-3.0906898867384514,True,1412
2025-12-18 17:06:23+00:00,2914.3128660227603,2899.54,-14.772866022760354,0.1000840419024942,sell,0.5777717649194324,-3.200225945238079,True,1412
2025-12-18 17:06:47+00:00,2912.25585132193,2897.62,-14.635851321930204,0.1412487267604867,sell,0.7960568234340472,-2.9510288039408064,False,1413
2025-12-18 17:06:47+00:00,2910.7709002082947,2895.7,-15.070900208294916,6.5460380834632135,sell,39.74034396440327,-3.1446594818927407,True,1413
2025-12-18 17:06:47+00:00,2912.300565074844,2896.98,-15.320565074844126,0.0267619836134588,sell,0.1691508589607785,-3.0606951403304934,True,1413
2025-12-18 17:07:11+00:00,2909.2904758383133,2891.746111111111,-17.544364727202264,2.407669341433368,sell,20.572004995709577,-3.2800540639781492,True,1414
2025-12-18 17:07:11+00:00,2906.2275626517417,2892.4088888888887,-13.818673762852995,0.0493471181827014,sell,0.23778766365938922,-2.512734002465254,False,1414
2025-12-18 17:07:11+00:00,2908.5870191297067,2890.4205555555554,-18.166463574151294,0.2406666864,sell,2.2060624143972927,-3.319526783483876,True,1414
2025-12-18 17:07:11+00:00,2906.2453926020307,2894.3972222222224,-11.84817037980838,0.0177800539939044,sell,0.0506406231368322,-2.14530468989713,False,1414
2025-12-18 17:07:11+00:00,2906.2132464833594,2889.757777777778,-16.455468705581552,0.0046967778488095,sell,0.035016680268867874,-3.2248390065522434,True,1414
2025-12-18 17:07:11+00:00,2906.2543794528883,2893.0716666666667,-13.1827127862216,0.0159022786603767,sell,0.06651466428281652,-2.400013191640889,False,1414
2025-12-18 17:07:47+00:00,2899.5159356728936,2887.1066666666666,-12.409269006227078,0.0135268237423561,sell,0.04611658093751122,-2.0320835234452908,False,1415
2025-12-18 17:07:47+00:00,2899.580832245519,2886.443888888889,-13.136943356630127,0.1528243024205778,sell,0.6322254826304426,-2.1666083290156126,False,1415
2025-12-18 17:07:47+00:00,2899.529479723537,2885.7811111111114,-13.748368612425566,0.0362764530367972,sell,0.1722539709700579,-2.272944180942903,False,1415
2025-12-18 17:07:47+00:00,2899.378871283287,2885.1183333333333,-14.260537949953687,0.3659729897701681,sell,1.9252148013439818,-2.355340142795153,False,1415
2025-12-18 17:07:47+00:00,2899.495287754756,2884.455555555556,-15.039732199199989,0.0624005483865105,sell,0.37688260133774437,-2.4885824921277235,False,1415
2025-12-18 17:07:47+00:00,2897.9535362125885,2883.7927777777777,-14.16075843481076,4.882109342060245,sell,25.195386966705815,-2.2840897429093885,False,1415
2025-12-18 17:07:59+00:00,2899.0621528137526,2883.13,-15.93215281375251,0.059373864003894,sell,0.41158869841795265,-2.5318660849532804,False,1416
2025-12-18 17:07:59+00:00,2899.081508647808,2883.13,-15.951508647807714,5.713257785472e-05,sell,0.00039715760902863355,-2.5851438772935516,False,1416
2025-12-18 17:07:59+00:00,2898.9946237361974,2883.13,-15.864623736197245,0.0289270384682269,sell,0.1985732348868812,-2.599554373289309,False,1416
2025-12-18 17:08:23+00:00,2890.7320652630287,2875.7457142857143,-14.986350977314487,0.4324473872974644,sell,2.5887818395852724,-2.293216380426225,False,1417
2025-12-18 17:08:23+00:00,2891.250150399219,2873.284285714286,-17.965864684932967,1.466544299674149,sell,13.148837745338202,-2.8368763387432088,False,1417
2025-12-18 17:08:23+00:00,2891.7550081676027,2870.822857142857,-20.932151024745508,0.3835929609759351,sell,4.5770891423941675,-3.3469482885901884,True,1417
2025-12-18 17:08:47+00:00,2891.86357093404,2868.361428571429,-23.502142362611266,0.0141943068865942,sell,0.20584785920798257,-3.7408082003260152,True,1418
2025-12-18 17:09:11+00:00,2886.1736741847485,2866.4411764705883,-19.732497714160218,8.283855703088772,sell,88.90646239783332,-2.939616098396929,False,1419
2025-12-18 17:09:11+00:00,2887.584023677912,2867.5235294117647,-20.06049426614709,0.0109083108029806,sell,0.12065130908971726,-2.9195378086138906,False,1419
2025-12-18 17:09:23+00:00,2879.1003074113287,2869.1470588235293,-9.953248587799408,0.0100767065757723,sell,0.00960560631302395,-1.1095932322883264,False,1420
2025-12-18 17:09:23+00:00,2879.1156508366894,2868.064705882353,-11.0509449543365,0.0100679064391096,sell,0.020648721912023802,-1.297176607746581,False,1420
2025-12-18 17:09:23+00:00,2879.107950091148,2868.605882352941,-10.502067738206733,0.0141585080193708,sell,0.021267038117038194,-1.1951348094332312,False,1420
2025-12-18 17:09:35+00:00,2881.1719464229022,2871.8529411764707,-9.319005246431516,6.506348130410558,sell,2.0755591887108524,-0.982525068508882,False,1421
2025-12-18 17:09:59+00:00,2865.072362387738,2875.1,10.02763761226197,4.229692601516215,buy,4.34659120562424,2.4066531523100343,False,1422
2025-12-18 17:10:59+00:00,2875.5641813790403,2866.09,-9.474181379040147,0.0127001501953908,sell,0.006022174733667396,-1.042608872351856,False,1423
2025-12-18 17:10:59+00:00,2875.5858790559632,2866.09,-9.495879055963087,0.0131732167263375,sell,0.0065323222742533875,-1.0422405368945171,False,1423
2025-12-18 17:10:59+00:00,2875.5772131762124,2866.09,-9.487213176212208,0.0141467055078889,sell,0.006892461323437289,-1.037685342347208,False,1423
2025-12-18 17:10:59+00:00,2875.5520096548616,2866.09,-9.462009654861504,0.0081289167858958,sell,0.0037556380386496034,-1.0302434179077247,False,1423
2025-12-18 17:11:35+00:00,2870.6735390131885,2861.2536363636364,-9.419902649552114,0.0361572504115812,sell,0.015182525248342207,-1.0116518002216204,False,1424
2025-12-18 17:11:47+00:00,2870.7389557088786,2859.871818181818,-10.86713752706055,0.0217369084973423,sell,0.04058579757766914,-1.2625937474910531,False,1425
2025-12-18 17:11:47+00:00,2870.7085214935646,2859.1809090909087,-11.527612402655905,0.0741183928660578,sell,0.18734256907317062,-1.3752159597805758,False,1425
2025-12-18 17:16:23+00:00,2839.9231857576715,2830.854,-9.069185757671676,4.115661187111186,sell,0.2847451375501956,-1.0003705497384017,False,1426
2025-12-18 17:16:35+00:00,2841.3652591861564,2826.586,-14.77925918615665,0.0333973249983285,sell,0.19301179728964915,-1.9894218819232732,False,1427
2025-12-18 17:16:35+00:00,2841.2814198524247,2824.452,-16.829419852424508,0.2354011142038649,sell,1.8430541568305885,-2.367373710151498,False,1427
2025-12-18 17:16:47+00:00,2841.3824878334703,2822.318,-19.06448783347014,0.0218083729541278,sell,0.21949010426459847,-2.720749896523374,False,1428
2025-12-18 17:16:47+00:00,2841.3950905517527,2820.184,-21.211090551752477,0.018619022808872,sell,0.22735857350428074,-3.057952095252965,True,1428
2025-12-18 17:16:59+00:00,2841.40224371385,2818.05,-23.35224371384993,0.0004908967053453,sell,0.007045469153441722,-3.3752743062552133,True,1429
2025-12-18 17:16:59+00:00,2841.403454749373,2818.05,-23.35345474937276,0.0072126318301417,sell,0.10352618459782452,-3.323889376767012,True,1429
2025-12-18 17:17:11+00:00,2828.5065077202894,2817.617857142857,-10.8886505774326,0.0291324325311217,sell,0.055020985521919245,-1.2043753185795798,False,1430
2025-12-18 17:17:23+00:00,2831.2429459758955,2816.7535714285714,-14.489374547324132,0.3203354026149763,sell,1.7584410057214792,-1.7922533727106271,False,1431
2025-12-18 17:17:23+00:00,2830.756542360306,2816.321428571429,-14.43511378887706,7.157968484320804,sell,38.90437320947944,-1.7738575145587152,False,1431
2025-12-18 17:17:23+00:00,2831.09700734078,2815.457142857143,-15.639864483636757,0.1452445235658799,sell,0.9644039534678279,-1.9567889804408882,False,1431
2025-12-18 17:17:35+00:00,2831.437289666681,2814.592857142857,-16.844432523823798,0.0201267975130427,sell,0.1578833050117281,-2.0767571872474795,False,1432
2025-12-18 17:17:35+00:00,2831.446813938823,2815.025,-16.421813938823107,0.0101107952510594,sell,0.07504044112689913,-2.0214001310142486,False,1432
2025-12-18 17:17:35+00:00,2831.4247510761425,2814.160714285714,-17.264036790428236,0.0201399270732257,sell,0.16643709828967887,-2.189046037572691,False,1432
2025-12-18 17:17:35+00:00,2831.4090459266245,2813.728571428572,-17.680474498052263,0.0301365396577924,sell,0.2615994639590076,-2.2408292297115566,False,1432
2025-12-18 17:17:35+00:00,2831.3714793385666,2813.296428571429,-18.075050767137782,0.0901512199521163,sell,0.8181268977848599,-2.339406135922237,False,1432
2025-12-18 17:17:47+00:00,2831.603492601685,2812.864285714286,-18.739206887399178,0.058964468519776,sell,0.5742671579196343,-2.365846403498893,False,1433
2025-12-18 17:17:47+00:00,2831.5174863604457,2812.432142857143,-19.085343503302738,0.2165580272605607,sell,2.184062093320353,-2.4016806703799154,False,1433
2025-12-18 17:18:11+00:00,2822.3558695533084,2812.994285714285,-9.361583839023297,2.060069761833477,sell,0.7448879331395569,-0.8313872598450681,False,1434
2025-12-18 17:18:47+00:00,2814.604358298888,2824.9257142857145,10.321355986826347,4.135136867347967,buy,5.463987856016583,2.315520516742105,False,1435
2025-12-18 17:18:47+00:00,2813.076543553947,2822.937142857143,9.860599303196068,2.749817789965748,buy,2.3664912739606745,2.211958829835733,False,1435
2025-12-18 17:20:35+00:00,2768.892524727816,2819.7754545454545,50.88292981763834,6.482790855439401,buy,271.51827442079605,7.856819278974927,True,1436
2025-12-18 17:20:35+00:00,2792.493512709452,2818.6918181818182,26.198305472366428,67.29761823785236,buy,1157.404996017283,4.20851908540306,True,1436
2025-12-18 17:20:59+00:00,2823.010163881104,2812.19,-10.820163881103781,5.258622039670853,sell,9.571553900985181,-1.0046187485728295,False,1437
2025-12-18 17:20:59+00:00,2824.6539776280174,2812.19,-12.463977628017346,0.0007832244294424,sell,0.0027130719013051243,-1.2356710164106766,False,1437
2025-12-18 17:21:23+00:00,2823.271934678657,2811.450909090909,-11.821025587747954,2.1251937960000005,sell,5.995226077439207,-1.1396879051699325,False,1438
2025-12-18 17:21:23+00:00,2820.02733328413,2808.125,-11.902333284129782,0.11127019809222,sell,0.32294319945476424,-1.1494736875004206,False,1438
2025-12-18 17:21:47+00:00,2818.1547410948697,2807.016363636364,-11.138377458505602,7.096842380000001,sell,15.175727771959247,-1.0387385571803454,False,1439
2025-12-18 17:22:11+00:00,2818.8604688338314,2806.2772727272727,-12.583196106558717,2.128519686,sell,7.626903451608783,-1.2350831294950844,False,1440
2025-12-18 17:22:11+00:00,2817.843131625293,2805.538181818182,-12.30494980711137,1.2297754815049815,sell,4.064346240390181,-1.1912263907106861,False,1440
2025-12-18 17:22:35+00:00,2819.886588052872,2804.799090909091,-15.087497143781093,2.163341177211068,sell,13.169333237296403,-1.572316012032265,False,1441
2025-12-18 17:22:59+00:00,2819.689247123515,2804.06,-15.629247123515142,0.886622525,sell,5.877639823499983,-1.6315019106828899,False,1442
2025-12-18 17:23:11+00:00,2817.61186729881,2804.366666666667,-13.245200632143224,1.3114297405136998e-05,sell,5.567282363440182e-05,-1.2910730715557877,False,1443
2025-12-18 17:25:23+00:00,2810.5664470985644,2800.7228571428573,-9.843589955707102,3.915257402065646,sell,3.3028718183904635,-0.8473326489027414,False,1444
2025-12-18 17:33:23+00:00,2824.8305805740674,2834.2914285714287,9.46084799736127,1.369890835794333,buy,0.631311448279375,1.7095704269693255,False,1445
2025-12-18 17:39:23+00:00,2826.8115967695617,2836.328636363636,9.517039594074504,0.1405040436560716,buy,0.07264615369776163,1.7145974846736505,False,1446
2025-12-18 17:39:47+00:00,2828.75061448596,2838.905,10.154385514040314,0.0180946908991839,buy,0.020888249055054996,1.7765419154409154,False,1447
2025-12-18 17:40:11+00:00,2827.9755615967083,2840.8372727272726,12.861711130564345,2.494461931282416,buy,9.632891404802336,2.1158543867771864,False,1448
2025-12-18 17:40:23+00:00,2827.6918246964424,2842.7695454545456,15.077720758103169,0.8281575483394107,buy,5.033310322522265,2.3748896136102267,False,1449
2025-12-18 17:40:35+00:00,2827.4281144709494,2843.413636363636,15.985521892686847,0.0353678311,buy,0.24706275844590073,2.4744991282029956,False,1450
2025-12-18 17:40:47+00:00,2830.3971166314354,2845.345909090909,14.94879245947368,0.2659999999915341,buy,1.582378794169637,2.2972456527211356,False,1451
2025-12-18 17:49:35+00:00,2843.8820949462006,2831.5625,-12.319594946200596,0.0042533651523372,sell,0.014119449464044297,-1.252229012841504,False,1452
2025-12-18 18:12:11+00:00,2848.0077421153824,2860.212,12.204257884617618,0.0097338183425755,buy,0.03118966417163314,1.890603088249876,False,1453
2025-12-18 18:12:11+00:00,2848.079454581392,2860.025,11.945545418608162,0.2199999996461102,buy,0.6480199910513973,1.8614442433099339,False,1453
2025-12-18 18:12:11+00:00,2848.00289165708,2859.277,11.274108342920044,0.0058128975390076,buy,0.013219158789996577,1.7891335985977563,False,1453
2025-12-18 18:12:11+00:00,2848.446923054083,2859.6510000000003,11.204076945917222,0.0074846144498776,buy,0.016496666158054132,1.7666989801829565,False,1453
2025-12-18 18:12:23+00:00,2848.422054934332,2860.96,12.537945065667827,0.0197931324476069,buy,0.0700270152771206,1.9277121286370804,False,1454
2025-12-18 18:12:23+00:00,2848.453892696378,2860.773,12.319107303622332,0.0047990943560823,buy,0.015928709128045473,1.8866907851294035,False,1454
2025-12-18 18:12:23+00:00,2848.4403266720115,2860.399,11.958673327988436,0.0385862649011203,buy,0.11416415278964095,1.825791623677331,False,1454
2025-12-18 18:12:35+00:00,2847.5579607751283,2861.895,14.33703922487166,0.1303924608786291,buy,0.6959096783367869,2.1051379408417223,False,1455
2025-12-18 18:12:35+00:00,2848.0072473354344,2861.147,13.139752664565549,1.309059506954582,buy,5.4191825819900945,1.97797680878134,False,1455
2025-12-18 18:12:35+00:00,2846.5040563650614,2861.521,15.016943634938798,0.0200063098004932,buy,0.12037683841269124,2.2274116505183557,False,1455
2025-12-18 18:12:35+00:00,2847.0207628811354,2861.708,14.687237118864687,1.5913327749725137,buy,9.050286826289625,2.1671690054677564,False,1455
2025-12-18 18:12:47+00:00,2846.267942307413,2862.269,16.001057692586983,0.739925999480107,buy,5.180264610605315,2.3122108106953947,False,1456
2025-12-18 18:17:11+00:00,2861.362483871859,2850.490909090909,-10.871574780949686,10.77489393663998,sell,20.166019759223072,-1.616866606030426,False,1457
2025-12-18 18:17:11+00:00,2865.288495755516,2850.376363636364,-14.91213211915192,1.669944221703347,sell,9.872930870324513,-2.192230508081703,False,1457
2025-12-18 19:03:47+00:00,2819.2600093160754,2808.634,-10.626009316075397,0.7983207581290068,sell,1.2980769899341387,-2.150514648240333,False,1458
2025-12-18 19:03:59+00:00,2818.995008546488,2807.79,-11.205008546487988,0.0022717315854,sell,0.005009187561133708,-2.2488243452088374,False,1459
2025-12-18 19:39:47+00:00,2813.884979238017,2804.37125,-9.513729238016822,0.074325227769841,sell,0.03818304262762715,-2.114112193105168,False,1460
2025-12-18 19:39:47+00:00,2813.718411294338,2802.6175000000003,-11.100911294337493,0.4618334563202546,sell,0.970271124486144,-2.487134946821255,False,1460
2025-12-18 19:39:47+00:00,2812.620338840141,2800.86375,-11.756588840140921,3.0743506354525665,sell,8.474720652368694,-2.6175049125355754,False,1460
2025-12-18 19:39:59+00:00,2813.9092242057613,2799.11,-14.79922420576122,0.0027955237263278,sell,0.016211868861499983,-3.3029858425196226,True,1461
2025-12-18 19:40:11+00:00,2813.8883918780352,2799.338695652174,-14.549696225861226,0.0024549498906705,sell,0.013624226142932504,-3.143725498323939,True,1462
2025-12-18 19:40:47+00:00,2813.8859848178586,2799.567391304348,-14.318593513510677,0.0047350713823831,sell,0.025183919940352795,-2.9998557171247735,False,1463
2025-12-18 19:40:47+00:00,2813.932147248927,2799.681739130435,-14.250408118492032,0.1439307246253126,sell,0.7556950450731823,-2.9363803452222585,False,1463
2025-12-18 19:43:35+00:00,2803.827752001099,2794.444,-9.383752001098856,0.071331058,sell,0.02737343624799853,-1.7625564104555569,False,1464
2025-12-18 19:43:47+00:00,2803.77872885566,2793.424666666667,-10.354062188993339,0.0238393462765445,sell,0.03227995740338805,-1.9705542282566162,False,1465
2025-12-18 19:44:47+00:00,2797.198658131216,2787.308666666667,-9.889991464548984,0.004309910189952,sell,0.0038357832820299716,-1.8294456115536923,False,1466
2025-12-18 19:44:59+00:00,2795.565323161397,2785.27,-10.295323161396936,0.0537244738141749,sell,0.06959055526536397,-1.890785194055874,False,1467
2025-12-18 19:44:59+00:00,2795.5875184643664,2785.27,-10.317518464366458,0.0150272326380525,sell,0.019798656468964445,-1.8830360030384314,False,1467
2025-12-18 19:52:35+00:00,2776.252358207749,2785.35,9.097641792251125,6.106099999116674,buy,0.5962105475783422,2.492308761413281,False,1468
2025-12-18 19:59:35+00:00,2782.890078265806,2792.206923076923,9.31684481111688,1.1199999972482912,buy,0.354866187579041,2.3288911864939315,False,1469
2025-12-18 20:00:11+00:00,2781.5779386511417,2792.877692307692,11.299753656550365,2.9699584161233505,buy,6.830172727282206,2.7093089612854038,False,1470
2025-12-18 20:01:23+00:00,2788.4096895920584,2802.132,13.722310407941677,0.0122062239014021,buy,0.0576415781712576,3.0926036684697404,True,1471
2025-12-18 20:02:11+00:00,2794.6166628515493,2807.4875,12.870837148450846,1.7999999978054992,buy,6.967506858716968,2.7734736763143046,False,1472
2025-12-18 20:11:11+00:00,2796.761440866547,2806.22125,9.459809133452836,2.332499996845916,buy,1.0725048023284638,2.1443324394151904,False,1473
2025-12-18 21:00:11+00:00,2786.223579920491,2803.563333333333,17.33975341284213,0.4597864317968902,buy,3.83450546375662,4.2324816131100125,True,1474
2025-12-19 03:03:47+00:00,2847.2724698585885,2857.1733333333336,9.900863474745165,0.0594309114393973,buy,0.05353913738656763,3.7347908874979665,True,1475
2025-12-19 03:03:59+00:00,2848.0459461354026,2857.86,9.814053864597554,0.0131182209509985,buy,0.010678938461804928,3.528932733216623,True,1476
2025-12-19 03:03:59+00:00,2848.549353453359,2857.86,9.310646546641237,1.596890924317447,buy,0.4960686510019484,3.2250338891072343,True,1476
2025-12-19 03:03:59+00:00,2848.037745568281,2857.86,9.822254431719102,0.0131164286913431,buy,0.01078504161978445,3.129838157620504,True,1476
2025-12-19 03:10:59+00:00,2845.7653733495904,2859.76,13.994626650409828,1.5899784017240406,buy,7.941348498826916,3.7603865303943533,True,1477
2025-12-19 03:15:59+00:00,2868.9334440691914,2859.76,-9.173444069191191,0.1200565853878669,sell,0.02082310270287136,-2.577416010249375,False,1478
2025-12-19 03:16:11+00:00,2869.199857972312,2859.949333333333,-9.250524638979186,0.7209258899314922,sell,0.18060969830583576,-2.493270734643347,False,1479
2025-12-19 03:19:11+00:00,2864.584573161344,2853.272857142857,-11.311716018487004,1.1414954481135604,sell,2.638813312434119,-2.752164818464696,False,1480
2025-12-19 03:21:11+00:00,2847.4785556034044,2857.528,10.04944439659539,1.8914815861918484,buy,1.9850047518923966,2.092401896759735,False,1481
2025-12-19 03:21:23+00:00,2849.148196147009,2858.944,9.795803852990957,0.8847862443270146,buy,0.7041163023088367,2.0111452671669348,False,1482
2025-12-19 03:21:35+00:00,2849.8351713758498,2859.652,9.816828624150276,0.1242293728268779,buy,0.10147410768523031,1.9711403042931352,False,1483
2025-12-19 03:24:35+00:00,2868.13250016111,2880.0214285714287,11.88892841031884,0.0040574000675862,buy,0.011721538327279355,2.3294453208476176,False,1484
2025-12-19 03:24:47+00:00,2869.104934371305,2882.938571428572,13.83363705726697,0.002404342175624,buy,0.011621717438446054,2.6957582974838403,False,1485
2025-12-19 03:24:47+00:00,2869.1119560824345,2885.8557142857144,16.743758203279867,0.0199999999576005,buy,0.15487516373726587,3.2371503115488096,True,1485
2025-12-19 03:24:59+00:00,2870.04349766174,2891.69,21.646502338260234,0.145655598021626,buy,1.842033860961186,4.029734496185312,True,1486
2025-12-19 03:25:23+00:00,2875.594991516391,2892.7463157894736,17.151324273082537,3.708928056094511,buy,30.232675290760017,2.9846874610959495,False,1487
2025-12-19 03:25:23+00:00,2877.249661447699,2892.394210526316,15.14454907861682,1.551274334933529,buy,9.531881285397734,2.574627959172653,False,1487
2025-12-19 03:25:35+00:00,2884.334234135912,2893.4505263157894,9.116292179877291,0.010826765716129,buy,0.0012590681861493647,1.4359699938067902,False,1488
2025-12-19 03:25:35+00:00,2884.3287433529417,2893.8026315789475,9.473888226005784,0.0090268846989103,buy,0.004277734376325353,1.4940496634020068,False,1488
2025-12-19 03:25:47+00:00,2884.3573871673643,2895.915263157895,11.557875990530647,0.0254243996691471,buy,0.06503246148736669,1.7635706413505823,False,1489
2025-12-19 03:25:47+00:00,2884.4787241152176,2894.858947368421,10.38022325320344,0.1664658390390055,buy,0.22976002190565628,1.5681170912765072,False,1489
2025-12-19 03:25:47+00:00,2884.4076545683465,2895.211052631579,10.803398063232635,0.0951410257719164,buy,0.1715771416110402,1.6530173832683555,False,1489
2025-12-19 03:25:47+00:00,2884.373027945147,2895.563157894737,11.190129949589846,0.0322438870073114,buy,0.0706183026259036,1.7328062393226096,False,1489
2025-12-19 03:25:47+00:00,2884.3417631980624,2896.619473684211,12.277710486148408,0.0103292908559373,buy,0.03385642495298255,1.960684609018833,False,1489
2025-12-19 03:25:47+00:00,2884.338468708572,2896.9715789473685,12.63311023879669,0.0015561939240819,buy,0.005653824079135149,2.0413428179056443,False,1489
2025-12-19 03:25:47+00:00,2887.408916649632,2897.6757894736843,10.26687282405237,7.128109177511923,buy,9.03040780386815,1.6304628528461769,False,1489
2025-12-19 03:25:47+00:00,2884.347528572779,2898.0278947368424,13.680366164063344,0.0108267657384033,buy,0.05067322802826309,2.194819508273894,False,1489
2025-12-19 03:25:59+00:00,2889.0582923529323,2898.38,9.321707647067797,2.0909167585816397,buy,0.6726639106179235,1.3481012461729178,False,1490
2025-12-19 03:26:11+00:00,2886.4294361306697,2901.824,15.39456386933034,1.581797148008751,buy,10.114902891266537,2.3291948264732825,False,1491
2025-12-19 03:26:11+00:00,2888.6025449281688,2898.8105,10.207955071831293,6.9339386590819725,buy,8.375886371005144,1.4986073678734306,False,1491
2025-12-19 03:26:11+00:00,2888.6747225449594,2899.241,10.566277455040563,6.669202627642044,buy,10.445821718773017,1.5540719331638102,False,1491
2025-12-19 03:26:11+00:00,2887.2457598933743,2900.102,12.856240106625592,6.99339040461373,buy,26.968192559562038,1.9421856257965642,False,1491
2025-12-19 03:26:11+00:00,2886.674627268531,2901.3935,14.718872731469219,6.66920263203225,buy,38.14032107297198,2.234157505571199,False,1491
2025-12-19 03:26:11+00:00,2889.782588189504,2902.2545,12.47191181049584,2.326474616283183,buy,8.07731469709236,1.8086987934097778,False,1491
2025-12-19 03:26:35+00:00,2893.2829620870825,2903.1155,9.83253791291736,0.0329589940733663,buy,0.02743961213769601,1.3248390002665986,False,1492
2025-12-19 03:26:35+00:00,2890.3286862127725,2903.9765,13.647813787227733,0.7533316983588598,buy,3.5013454539879922,1.9872338554672806,False,1492
2025-12-19 03:26:47+00:00,2887.80729467862,2904.407,16.599705321380043,0.0130384634976795,buy,0.09908848042593434,2.4570534276147282,False,1493
2025-12-19 03:26:47+00:00,2891.1026074403403,2904.8375,13.734892559659784,8.007692230092438,buy,37.91556236031015,1.9541698664770693,False,1493
2025-12-19 03:26:47+00:00,2888.3060454169145,2905.6985,17.39245458308551,1.581099544574341,buy,13.26930611917734,2.528125978263379,False,1493
2025-12-19 03:26:47+00:00,2887.843279771667,2906.129,18.285720228333048,0.1191819966169401,buy,1.1066906768390414,2.6456977929867618,False,1493
2025-12-19 03:26:47+00:00,2888.8301795141315,2906.5595,17.729320485868357,0.3442605041488681,buy,3.0051602713420826,2.5251283265838524,False,1493
2025-12-19 03:27:11+00:00,2896.00851602581,2906.2560714285714,10.247555402761463,0.0862809020129874,buy,0.10764020546143485,1.2768577663606375,False,1494
2025-12-19 03:27:11+00:00,2895.96410825488,2906.745357142857,10.781248887976744,0.077576874436949,buy,0.1381837213235269,1.3615069261614483,False,1494
2025-12-19 03:28:59+00:00,2897.542438659744,2911.03,13.48756134025598,0.0076879060347098,buy,0.03449994990888434,1.8191272185075382,False,1495
2025-12-19 03:28:59+00:00,2897.6441651644773,2911.03,13.385834835522928,0.0066848953480457,buy,0.029318846889284,1.7722197371872188,False,1495
2025-12-19 03:28:59+00:00,2897.648934294417,2911.03,13.381065705583296,0.0110795502588437,buy,0.04854023767230667,1.7811967123589183,False,1495
2025-12-19 03:28:59+00:00,2899.4028044954925,2911.03,11.627195504507654,7.101368928827636,buy,18.6566845256663,1.5208975013712003,False,1495
2025-12-19 03:28:59+00:00,2897.654870539706,2911.03,13.375129460294374,0.0110045217338325,buy,0.0481462072341403,1.7901279320450088,False,1495
2025-12-19 03:29:11+00:00,2896.96738501415,2911.296153846154,14.328768832004243,2.5019865057833908,buy,13.332507710113738,1.9175754831789475,False,1496
2025-12-19 03:29:23+00:00,2898.713607136197,2911.562307692308,12.848700556110998,0.0099999999753815,buy,0.038487005466360746,1.6632802461739022,False,1497
2025-12-19 03:29:23+00:00,2897.0812578450063,2911.828461538462,14.747203693455504,0.8197130544990223,buy,4.711057894390474,1.9654401833765824,False,1497
2025-12-19 03:29:23+00:00,2894.6932061287034,2912.626923076923,17.933716948219626,0.3312802776369121,buy,2.9595642309357846,2.4510101348639894,False,1497
2025-12-19 03:29:23+00:00,2897.30663796332,2912.893076923077,15.586438959756833,0.0145312499713856,buy,0.09570919094549948,2.0533052140573593,False,1497
2025-12-19 03:29:35+00:00,2903.1440960562823,2913.4253846153847,10.28128855910245,0.0122608216548235,buy,0.015709650511520915,1.1861130411932386,False,1498
2025-12-19 03:29:47+00:00,2903.327346111036,2913.957692307692,10.630346196655864,1.1943274493813782,buy,1.9471672146606294,1.230613173787753,False,1499
2025-12-19 03:29:47+00:00,2903.009343091718,2913.691538461538,10.682195369819965,0.0070552108448219,buy,0.011868243016263004,1.243023289330021,False,1499
2025-12-19 03:30:11+00:00,2909.6027198477414,2919.515,9.912280152258518,0.0487656586351503,buy,0.04448794248466181,1.1060014343098405,False,1500
2025-12-19 03:30:35+00:00,2908.946261473608,2920.52,11.573738526391935,2.599513895512575,buy,6.690469062771894,1.3741909799430658,False,1501
2025-12-19 03:30:35+00:00,2908.0611974026897,2921.0225,12.96130259731035,0.7360919883363731,buy,2.915883105256215,1.5942953017062373,False,1501
2025-12-19 03:30:47+00:00,2907.9780607827843,2923.535,15.556939217215586,0.1189799997689337,buy,0.7801446265492227,2.003794778087067,False,1502
2025-12-19 03:30:47+00:00,2907.9315939567646,2923.0325,15.100906043235227,0.0561746333165046,buy,0.34271615987718584,1.9183807038492147,False,1502
2025-12-19 03:30:47+00:00,2906.61423700404,2922.0275,15.41326299595994,4.72115409341158,buy,30.278002845501284,1.9470836749945868,False,1502
2025-12-19 03:30:47+00:00,2905.088453581268,2922.53,17.441546418732287,1.0368281534721742,buy,8.752432985783841,2.2570463863402748,False,1502
2025-12-19 03:30:59+00:00,2905.90210104161,2924.54,18.637898958389997,2.064804134953232,buy,19.90037362154511,2.4247730924762263,False,1503
2025-12-19 03:30:59+00:00,2910.377859130471,2924.54,14.16214086952914,0.6243236802738967,buy,3.2228467857567256,1.703666843567192,False,1503
2025-12-19 03:31:11+00:00,2910.1691489837176,2925.3866666666668,15.217517682949165,0.161548260919534,buy,1.004429168916888,1.8449430873101351,False,1504
2025-12-19 03:31:23+00:00,2909.783128509431,2927.08,17.29687149056872,1.2922757002602547,buy,10.721845415444035,2.1389231046293036,False,1505
2025-12-19 03:31:23+00:00,2906.932937382711,2926.233333333333,19.30039595062226,9.452704254588156,buy,97.36659662638965,2.467525231533904,False,1505
2025-12-19 03:31:35+00:00,2903.465011694707,2927.9266666666667,24.461654971959888,3.6336731634461774,buy,56.1826007340748,3.212454380870133,True,1506
2025-12-19 03:31:59+00:00,2915.527520257573,2929.62,14.092479742426804,8.94707713707174,buy,45.56280907446784,1.589853459703431,False,1507
2025-12-19 03:31:59+00:00,2916.8247330449813,2929.62,12.795266955018633,16.59708928155658,buy,62.990384499785634,1.3700378684977872,False,1507
2025-12-19 03:31:59+00:00,2916.785699475735,2929.62,12.834300524265018,16.60018556821055,buy,63.65010022708629,1.3712782728999782,False,1507
2025-12-19 03:31:59+00:00,2907.243847214509,2929.62,22.37615278549083,0.0830864835199278,buy,1.1113774979717201,2.794107579074145,False,1507
2025-12-19 03:32:23+00:00,2920.176246419703,2929.2716666666665,9.095420246963386,4.392925159818,buy,0.4191740036415036,0.778504947831624,False,1508
2025-12-19 03:32:47+00:00,2917.765844984317,2926.833333333333,9.067488349016003,0.0246612099198065,buy,0.0016643443422248107,0.7715081679551528,False,1509
2025-12-19 03:33:59+00:00,2923.0464213123664,2910.37,-12.676421312366529,5.312983526969585,sell,19.53276587080327,-2.4622008327448177,False,1510
2025-12-19 03:34:11+00:00,2923.346276604885,2907.4754545454543,-15.870822059430793,4.795240277959952,sell,32.94724268207828,-2.789050183341706,False,1511
2025-12-19 03:34:11+00:00,2923.5080262690994,2904.580909090909,-18.927117178190656,4.465539701514172,sell,44.32993588079371,-3.3057794666264035,True,1511
2025-12-19 03:34:59+00:00,2913.132684716573,2894.45,-18.68268471657302,0.0116677428317368,sell,0.11297507519376233,-2.9803066930970514,False,1512
2025-12-19 03:34:59+00:00,2913.125972035488,2894.45,-18.67597203548803,0.0138662088037941,sell,0.13416904862374965,-2.9479275816025394,False,1512
2025-12-19 03:35:11+00:00,2913.835506386382,2894.39125,-19.444256386381767,2.883878466914982,sell,30.11996609562566,-2.9685221645908393,False,1513
2025-12-19 03:35:23+00:00,2910.276108982612,2894.27375,-16.00235898261235,0.0006577444642079,sell,0.004605762857209736,-2.479589815775476,False,1514
2025-12-19 03:37:59+00:00,2887.351608353737,2897.84,10.488391646263153,6.712836752172035,buy,9.991330144661134,0.9887901173070301,False,1515
2025-12-19 03:46:59+00:00,2909.5444425305136,2918.86,9.31555746948652,0.0049477340127788,buy,0.0015612944247648676,0.9081293915003145,False,1516
2025-12-19 03:46:59+00:00,2909.546271068617,2918.86,9.313728931383139,0.0019359516829169,buy,0.0006073640526909083,0.906399669909756,False,1516
2025-12-19 03:55:35+00:00,2919.885242786984,2906.0725,-13.812742786983563,0.5354728672513328,sell,2.5770931794892586,-2.259657660853598,False,1517
2025-12-19 03:55:59+00:00,2919.092002771188,2902.81,-16.282002771188218,2.8956949599311997e-05,sell,0.0002108645872273475,-2.5640314248368554,False,1518
2025-12-19 03:55:59+00:00,2919.067572987329,2902.81,-16.25757298732924,0.0018503689499973,sell,0.013429187708093175,-2.5454686128911566,False,1518
2025-12-19 03:56:23+00:00,2917.543467495452,2902.098571428572,-15.44489606688012,1.5423934724999997,sell,9.940565624496818,-2.4026988607328894,False,1519
2025-12-19 03:56:35+00:00,2913.2078501874007,2901.8614285714284,-11.346421615972304,1.5446889585,sell,3.624491562178145,-1.8374605356620821,False,1520
2025-12-19 04:01:35+00:00,2923.7374430447176,2913.9333333333334,-9.804109711384172,5.0718064747147,sell,4.0782888405792095,-1.6370405806410189,False,1521
2025-12-19 07:05:47+00:00,2957.780729557499,2969.90125,12.120520442500947,0.0034492425006522,buy,0.010763431734428277,3.0845999125127963,True,1522
2025-12-19 07:05:59+00:00,2957.785961149925,2971.19,13.404038850075267,0.0015363596486316,buy,0.006766187580261553,3.383712046799215,True,1523
2025-12-19 07:06:11+00:00,2961.680822814877,2971.326666666667,9.645843851789778,0.0041760002984538,buy,0.0026970441178286626,2.2187130899414087,False,1524
2025-12-19 07:06:11+00:00,2961.8406930029555,2971.2355555555555,9.394862552599989,0.5849788792128906,buy,0.23098625346308246,2.1174455166311357,False,1524
2025-12-19 07:09:47+00:00,2968.27431827154,2978.2611111111114,9.986792839571535,0.0025285766055377,buy,0.002495181288652701,2.1007418045617254,False,1525
2025-12-19 07:09:59+00:00,2968.2728468933133,2979.11,10.837153106686856,0.0020899840816496,buy,0.0038396207485286373,2.322070123203034,False,1526
2025-12-19 07:09:59+00:00,2968.2632873756934,2979.11,10.846712624306747,0.0279805973928376,buy,0.05167212244099764,2.298075304236032,False,1526
2025-12-19 07:10:11+00:00,2968.354990797654,2979.596666666667,11.241675869012852,0.0034519200135313,buy,0.007738085796095632,2.3455445980704677,False,1527
2025-12-19 07:10:11+00:00,2968.3569997369623,2979.4344444444446,11.0774447074823,0.0024065235416875,buy,0.004999419595110257,2.3267020762119146,False,1527
2025-12-19 07:10:35+00:00,2968.390676308633,2979.758888888889,11.368212580256113,0.0011033854223235,buy,0.0026130512380177174,2.348230963081702,False,1528
2025-12-19 07:10:47+00:00,2968.38935460774,2980.245555555556,11.856200947815978,0.0011489799997786,buy,0.00328171776438924,2.4298602651122083,False,1529
2025-12-19 07:10:47+00:00,2968.38935460774,2980.407777777778,12.01842317003775,0.0011489799997786,buy,0.0034681078532416945,2.4437829130009145,False,1529
2025-12-19 07:13:35+00:00,2981.9848277089086,2972.146666666667,-9.838161042241609,4.971425818215846,sell,4.1668554452226365,-3.2957572741414323,True,1530
2025-12-19 07:14:11+00:00,2977.095717077758,2967.4666666666667,-9.629050411091157,0.5585416634276691,sell,0.3513508629907139,-2.93774695992269,False,1531
2025-12-19 08:11:59+00:00,2963.8674387051315,2951.97,-11.897438705131663,0.2324496672837,sell,0.6735086629827696,-3.376946778641265,True,1532
2025-12-19 08:12:35+00:00,2962.290316797872,2952.615,-9.675316797872256,0.00675153272,sell,0.004559423457200161,-2.555797420446508,False,1533
2025-12-19 14:15:11+00:00,2971.654970103933,2982.0660000000003,10.411029896067248,1.7693357886080925,buy,2.496585693907739,4.270545397231607,True,1534
2025-12-19 14:15:59+00:00,2975.1626283395904,2987.53,12.367371660409844,0.534853329307943,buy,1.8010499435874214,4.4803479208948325,True,1535
2025-12-19 14:30:59+00:00,2958.3860811106274,2970.47,12.083918889372399,3.357855161443524,buy,10.355352960152288,3.538013883116095,True,1536
2025-12-19 14:42:11+00:00,2944.6661598110963,2955.41,10.743840188903505,0.1052799998964527,buy,0.18359149490719107,2.8384317712626403,False,1537
2025-12-19 14:44:11+00:00,2968.858508995199,2988.076666666667,19.218157671467907,0.5189462243929698,buy,5.30267434386033,2.4402120684957564,False,1538
2025-12-19 14:44:59+00:00,2987.436663728722,2978.23,-9.206663728722106,17.234902276969393,sell,3.5618291687196026,-1.558584297803844,False,1539
2025-12-19 14:44:59+00:00,2991.4632404105973,2978.23,-13.233240410597318,3.561062731808076,sell,15.074834660962027,-2.0359259944103125,False,1539
2025-12-19 14:45:23+00:00,2988.121851091047,2977.7725,-10.349351091047083,11.395256879021597,sell,15.376202302469572,-1.6130827082746637,False,1540
2025-12-19 15:15:23+00:00,2984.747400543941,2998.81,14.06259945605916,1.1877385507912464,buy,6.013044541176259,1.9059527956905864,False,1541
2025-12-19 15:15:59+00:00,2989.2164048088684,3009.39,20.173595191131426,0.8403092087809579,buy,9.389274934298365,2.698900764597717,False,1542
2025-12-19 15:16:23+00:00,2999.97963613823,3011.11,11.130363861770093,0.644104837487292,buy,1.3721776689742253,1.4020010635633657,False,1543
2025-12-19 15:16:59+00:00,3002.887414381749,3014.55,11.662585618251342,1.5142617293016942,buy,4.031851502707097,1.45267266736687,False,1544
2025-12-19 15:17:59+00:00,3015.501586969528,3005.58,-9.921586969528107,0.663239578,sell,0.6112329527601207,-1.553721095488178,False,1545
2025-12-19 15:18:47+00:00,3008.7483299152595,2986.575,-22.17332991525973,3.7932912525526663,sell,49.970277134545086,-2.955157206989542,False,1546
2025-12-19 15:19:23+00:00,2993.4720845362262,2978.2575,-15.214584536226084,0.0014839871141434,sell,0.009222363371514346,-1.9099448689841305,False,1547
2025-12-19 15:19:35+00:00,2994.6275782321,2977.5966666666664,-17.0309115654336,1.9743529505897552,sell,15.855853945139215,-2.1075658061998963,False,1548
2025-12-19 15:19:35+00:00,2993.7361400120576,2976.935833333333,-16.80030667872461,0.8318126937499476,sell,6.488394110505625,-2.0564080608259196,False,1548
2025-12-19 15:19:35+00:00,2999.071580409924,2976.275,-22.79658040992399,12.018288616196822,sell,165.81128528303358,-2.7301869337283566,False,1548
2025-12-19 15:19:35+00:00,2995.4358932700907,2975.6141666666667,-19.82172660342394,9.018186655468602e-05,sell,0.0009759235044412734,-2.3434943122847915,False,1548
2025-12-19 15:19:59+00:00,2983.324599750012,2972.31,-11.014599750012167,1.0220077212702532,sell,2.0589364997815562,-1.2436042215541006,False,1549
2025-12-19 15:19:59+00:00,2985.1407544165327,2972.31,-12.830754416532727,4.723284695751602,sell,18.093743708791887,-1.4436162444193146,False,1549
2025-12-19 15:19:59+00:00,2986.759176872826,2972.31,-14.449176872826229,14.630373651936583,sell,79.72349374493905,-1.6102226867216327,False,1549
2025-12-19 15:20:59+00:00,2975.4500761743484,2959.72,-15.730076174348596,0.6397892168460144,sell,4.3058301649005095,-1.7012146572077642,False,1550
2025-12-19 15:22:59+00:00,2960.2516531244137,2971.17,10.918346875586394,1.513855786304549,buy,2.9041005177457153,1.316181254682427,False,1551
2025-12-19 15:25:11+00:00,2974.371515224474,2965.3475,-9.02401522447417,2.3299191723455546,sell,0.05595353193054941,-0.985873624869999,False,1552
2025-12-19 15:31:23+00:00,2958.306947207569,2968.3318181818186,10.024870974249552,1.014762651601672,buy,1.0400007873790642,1.241800628319957,False,1553
2025-12-19 16:05:59+00:00,2974.147555478529,2984.02,9.872444521471152,0.0166846052774324,buy,0.014556392467204573,1.4882504507781715,False,1554
2025-12-19 16:05:59+00:00,2974.393031006646,2984.02,9.626968993353785,0.7584269534939477,buy,0.4755101835644781,1.4444139690837157,False,1554
2025-12-19 16:06:11+00:00,2974.127812333772,2984.0671428571427,9.9393305233707,0.0455075539923739,buy,0.04274663450897695,1.478402503388584,False,1555
2025-12-19 16:06:23+00:00,2973.5996478472985,2984.208571428572,10.608923581273757,1.6158260643723144,buy,2.599740658205384,1.5569250709028246,False,1556
2025-12-19 17:32:59+00:00,2965.95612679396,2956.5,-9.456126793959811,3.1268252170758597,sell,1.426228761537502,-2.420278614979111,False,1557
2025-12-19 17:36:23+00:00,2963.220899269863,2972.2975,9.076600730137216,0.0849999998522086,buy,0.006511062050342395,2.836107235637429,False,1558
2025-12-19 17:43:35+00:00,2967.9328830945515,2958.8316666666665,-9.101216427884992,2.8739508219964907,sell,0.29089103611962214,-2.274630187568763,False,1559
2025-12-19 17:43:35+00:00,2968.718988019272,2958.365333333333,-10.353654685938636,5.9853088391688e-05,sell,8.102041356930786e-05,-2.5746270280400627,False,1559
2025-12-19 17:44:11+00:00,2969.024867219196,2957.4326666666666,-11.592200552529448,1.1319540331596287,sell,2.9342518701943265,-2.8151793848267475,False,1560
2025-12-19 17:57:47+00:00,2968.8675346823848,2957.811818181818,-11.055716500566632,0.2875670123461186,sell,0.5911562522985644,-2.6865954474214533,False,1561
2025-12-19 17:58:11+00:00,2967.5147348976648,2955.2672727272725,-12.247462170392282,0.0002576920650155,sell,0.0008368452327481047,-2.9120151349225973,False,1562
2025-12-19 17:58:59+00:00,2951.75620727617,2940.0,-11.756207276169789,0.113542299046868,sell,0.3129461107860237,-2.37159521861478,False,1563
2025-12-19 17:59:11+00:00,2952.6212822556304,2940.42,-12.201282255630304,1.878918357508368,sell,6.014947997669574,-2.36878925180774,False,1564
2025-12-19 17:59:11+00:00,2956.6062070559046,2940.3,-16.30620705590445,1.5220153395,sell,11.120159212649709,-3.1538454298639564,True,1564
2025-12-19 17:59:11+00:00,2954.661441123354,2940.36,-14.301441123353925,5.682594418200562,sell,30.12593973598993,-2.6830296026634795,False,1564
2025-12-19 17:59:23+00:00,2953.71355119324,2940.54,-13.1735511932402,0.0034413184704026,sell,0.014362518808468314,-2.285467754252908,False,1565
2025-12-19 17:59:23+00:00,2953.301545413083,2940.6,-12.701545413083295,1.523718432,sell,5.64011297280007,-2.164172855611655,False,1565
2025-12-19 18:15:59+00:00,2947.485971757372,2957.59,10.104028242627919,1.9999999947362788,buy,2.2080564794445414,2.368470623755962,False,1566
2025-12-19 18:18:59+00:00,3036.61142490492,2965.5,-71.11142490492011,1.2184634390999998e-08,sell,7.568050039705034e-07,-10.308843733388237,True,1567
2025-12-19 19:31:59+00:00,2977.849377585259,2987.14,9.290622414740938,0.1858989595534539,buy,0.05402640452325265,3.3194291313371496,True,1568
2025-12-19 20:06:23+00:00,3083.89647852945,2980.88,-103.01647852945007,1.00522181e-08,sell,9.450741471719993e-07,-14.165454944837373,True,1569
2025-12-19 23:54:47+00:00,3310.5287340784425,2976.9584,-333.57033407844256,3.02066552e-09,sell,9.804184169656324e-07,-8.990971832769977,True,1570
2025-12-20 13:07:59+00:00,2991.5508074937534,2977.3,-14.2508074937532,0.0334274784,sell,0.17552125407999325,-6.242772969194432,True,1571
2025-12-21 00:18:23+00:00,2969.7534472081334,2978.831818181818,9.078370973684741,8.725004465727299,buy,0.6837870953827647,3.6607268699338675,True,1572
2025-12-21 09:17:35+00:00,2960.796370610805,2995.214,34.4176293891951,2.2629046923e-08,buy,5.751767281195197e-07,7.866071089249042,True,1573
2025-12-21 09:41:23+00:00,2651.4594367193968,3000.0866666666666,348.6272299472698,2.2629046919999996e-09,buy,7.685440521786396e-07,11.056988431660125,True,1574
2025-12-21 13:21:23+00:00,2974.527600176088,2964.675,-9.85260017608789,1.5519775307268003e-05,sell,1.3232163159821184e-05,-2.6628045478074935,False,1575
2025-12-21 13:21:23+00:00,2974.05387517034,2964.84,-9.213875170339634,1.5130862415000002,sell,0.32361157763936876,-2.370635604322726,False,1575
2025-12-21 13:21:35+00:00,2974.898723812178,2964.345,-10.553723812178305,1.5126565365000002,sell,2.3502504804072113,-2.694183992372591,False,1576
2025-12-21 13:21:47+00:00,2975.6596663291048,2964.015,-11.644666329104894,1.5122697165,sell,3.999448799752553,-2.8873466430759773,False,1577
2025-12-21 13:22:11+00:00,2976.030027428729,2963.685,-12.345027428729281,1.7120794995480002e-05,sell,5.726952886153162e-05,-2.9391895277052122,False,1578
2025-12-21 13:37:47+00:00,2603.0150765279664,2958.4333333333334,355.41825680536704,2.689189188e-09,buy,9.315842307268004e-07,14.270921251623065,True,1579
2025-12-21 14:50:47+00:00,2953.2867442702022,2968.8866666666668,15.599922396464535,1.3882837513e-08,buy,9.162565022852671e-08,4.685494346563403,True,1580
2025-12-21 15:47:59+00:00,2955.703483720108,2971.99,16.286516279891657,37.999999942360894,buy,276.8876182158947,4.854943238238956,True,1581
2025-12-21 15:47:59+00:00,2962.87201376574,2971.99,9.11798623425966,1.3987772029114982,buy,0.16503645473978898,2.5141559341576127,False,1581
2025-12-22 00:13:23+00:00,3012.673022970912,3036.748571428572,24.07554845766026,0.0062790033487755,buy,0.0946594192502761,6.494060151598604,True,1582
2025-12-22 00:13:59+00:00,3019.949636299916,3045.6,25.650363700083744,0.2261994474308376,buy,3.76630306848142,4.7963161690617655,True,1583
2025-12-22 00:14:35+00:00,3034.2589592131903,3045.230769230769,10.971810017578719,10.936794406831108,buy,21.56528077158848,1.755157827328605,False,1584
2025-12-22 00:14:35+00:00,3030.562079076141,3045.193846153846,14.631767077705263,0.664051612370696,buy,3.7397840084463825,2.3558439503201996,False,1584
2025-12-22 00:14:35+00:00,3030.773994213404,3045.2676923076924,14.493698094288447,0.0966177057606695,buy,0.530788506011912,2.4689608868642448,False,1584
2025-12-22 00:14:35+00:00,3030.9027173670456,3045.304615384616,14.401898017570602,0.3653803534024443,buy,1.9737474067039098,2.396174467195857,False,1584
2025-12-22 00:14:47+00:00,3034.8201854169524,3045.0092307692307,10.189045352278299,0.0365537900838625,buy,0.04346411420737328,1.4177182011438758,False,1585
2025-12-22 00:14:47+00:00,3035.122888225611,3045.083076923077,9.960188697466037,1.5048472108719737,buy,1.4449372832925598,1.4061393813891234,False,1585
2025-12-22 00:14:47+00:00,3034.7247069662994,3044.8984615384616,10.173754572162125,0.0447549910172159,buy,0.05253137533353198,1.4558875794941148,False,1585
2025-12-22 00:14:47+00:00,3034.624307729744,3044.750769230769,10.126461501025005,0.0399999998981126,buy,0.045058459926227985,1.4624283062610577,False,1585
2025-12-22 00:14:47+00:00,3034.802299442996,3044.972307692308,10.17000824931165,0.0274703544989738,buy,0.03214054137531473,1.4279674299986018,False,1585
2025-12-22 00:14:47+00:00,3034.607556751819,3044.713846153846,10.10628940202696,0.0199999999555012,buy,0.022125787991310642,1.4892648986302726,False,1585
2025-12-22 00:14:47+00:00,3034.7659202803534,3044.676923076923,9.911002796569392,0.1028861533976747,buy,0.09372957347354907,1.471239361579486,False,1585
2025-12-22 00:14:47+00:00,3034.6466487940343,3044.7876923076924,10.141043513658133,0.0399768902413105,buy,0.04561537130607045,1.5265647320187556,False,1585
2025-12-22 00:14:47+00:00,3034.6820304930006,3044.824615384616,10.14258489161557,0.0867560608836601,buy,0.09912616442175057,1.5437700323180379,False,1585
2025-12-22 00:14:47+00:00,3034.7092257849217,3044.861538461538,10.152312676616475,0.0106924168300201,buy,0.012321007456899506,1.4817395483799665,False,1585
2025-12-22 00:15:35+00:00,3046.952316415029,3056.185625,9.233308584970928,1.3924324214537855,buy,0.32486643791702524,1.2345810882278494,False,1586
2025-12-22 00:15:35+00:00,3047.4158494129697,3057.07375,9.657900587030326,0.2578759341792427,buy,0.16965672847751756,1.2985828068135508,False,1586
2025-12-22 00:15:47+00:00,3045.9818712357887,3057.961875,11.980003764211233,1.1617080040480918,buy,3.4618942249776317,1.6781353860938293,False,1587
2025-12-22 00:15:59+00:00,3044.6554530727576,3058.85,14.1945469272423,0.5517953866682901,buy,2.8663270302842427,1.9872126620345332,False,1588
2025-12-22 00:15:59+00:00,3045.232967798084,3058.85,13.617032201916118,1.5066412213833011,buy,6.956211035860932,1.8670057474505544,False,1588
2025-12-22 00:16:11+00:00,3044.9057431310025,3055.4757142857143,10.569971154711766,0.042743624262789,buy,0.0671062571404167,1.3434320473928822,False,1589
2025-12-22 00:16:11+00:00,3044.8798203747447,3056.600476190476,11.720655815731334,0.0496791866752176,buy,0.13515996814873335,1.5198380815735917,False,1589
2025-12-22 00:16:11+00:00,3044.8590806333004,3057.725238095238,12.866157461937746,0.0242507104744703,buy,0.09375706525816521,1.6923809084778403,False,1589
2025-12-22 00:16:47+00:00,3051.8749494361546,3036.3547619047617,-15.520187531392821,11.062755778783693,sell,72.13124229166931,-2.7785461075142246,False,1590
2025-12-22 00:16:59+00:00,3055.5235065089983,3035.23,-20.293506508998234,6.670698339443449,sell,75.33557511606831,-3.4134353294588267,True,1591
2025-12-22 00:17:11+00:00,3056.508160473329,3034.31,-22.198160473329153,2.889897349605678,sell,38.14132897154434,-3.0814748922427198,True,1592
2025-12-22 00:17:23+00:00,3049.285088707454,3031.2433333333333,-18.04175537412084,4.0640345653128e-05,sell,0.00036746006371529856,-2.3169306629766253,False,1593
2025-12-22 00:17:35+00:00,3046.0056231152325,3030.0166666666664,-15.988956448566114,0.2219181284073511,sell,1.5509761345862794,-2.007418891562762,False,1594
2025-12-22 00:17:47+00:00,3040.2056988582863,3029.403333333333,-10.802365524953075,1.7212621432047142,sell,3.102343546319019,-1.3399056643136427,False,1595
2025-12-22 00:17:59+00:00,3039.776040974041,3028.79,-10.986040974040861,0.0726151331626621,sell,0.14421662979648028,-1.348358937623549,False,1596
2025-12-22 00:17:59+00:00,3039.841195291336,3028.79,-11.051195291336171,0.0270483619760669,sell,0.05548147272366476,-1.3423064248059915,False,1596
2025-12-22 00:17:59+00:00,3038.647700161049,3028.79,-9.857700161049252,3.318125633144513,sell,2.845956889929699,-1.1903779616160621,False,1596
2025-12-22 00:17:59+00:00,3040.415821861794,3028.79,-11.625821861794066,3.0007496716068336,sell,7.879434089476587,-1.3861654006509625,False,1596
2025-12-22 00:18:35+00:00,3038.0690805808604,3028.245555555556,-9.823525025304207,0.0710350980428458,sell,0.0584991809132214,-1.1376528113710878,False,1597
2025-12-22 00:19:47+00:00,3030.788167646605,3019.418888888889,-11.369278757716074,0.0872511816638562,sell,0.20672237130180074,-1.295640207003296,False,1598
2025-12-22 00:19:47+00:00,3030.7554853605643,3021.5166666666664,-9.238818693897883,3.0073550819345147,sell,0.7182126127547628,-1.0520601067623896,False,1598
2025-12-22 00:20:11+00:00,3029.7852767239083,3019.0860869565217,-10.699189767386542,0.0710464961506298,sell,0.12072147926781752,-1.2018844833182198,False,1599
2025-12-22 02:04:47+00:00,3011.1142122576384,2999.4844444444443,-11.629767813194121,0.4120105574042073,sell,1.083492102557753,-3.7567250269740926,True,1600
2025-12-22 02:05:23+00:00,3009.0398689086505,2997.393333333333,-11.646535575317557,0.329112272400424,sell,0.8710073371813247,-3.6370263575254187,True,1601
2025-12-22 02:16:59+00:00,3180.26451996437,2997.44,-182.82451996436976,5.3454673009999994e-09,sell,9.291732875815601e-07,-15.971596679060788,True,1602
2025-12-22 11:46:11+00:00,3069.9824040274534,3050.784,-19.198404027453307,4.2996989112e-08,sell,4.385006669281868e-07,-6.955389618323669,True,1603
2025-12-22 12:11:23+00:00,3027.888243551703,3048.061818181818,20.173574630115127,8.335477982303225,buy,93.13708531294654,6.607363127754209,True,1604
2025-12-22 12:11:23+00:00,3037.267456970341,3048.2322727272726,10.964815756931785,41.79908448617066,buy,82.12749982375102,3.446490742217112,True,1604
2025-12-22 12:12:47+00:00,3040.451070131905,3050.6186363636366,10.167566231731598,9.999999995948285,buy,11.675662312585336,3.007761056943293,True,1605
2025-12-22 12:17:35+00:00,3046.7539227131942,3055.80875,9.054827286805903,17.49999996767678,buy,0.9594775173311078,2.4809969123790614,False,1606
2025-12-22 12:33:11+00:00,3074.803392612612,3061.49,-13.313392612612006,5.314473520245254,sell,22.923410822148004,-4.3164829803567395,True,1607
2025-12-22 14:16:23+00:00,3081.078779098871,3062.185454545455,-18.893324553416278,4.7386000316e-08,sell,4.688050804144743e-07,-8.133181425469987,True,1608
2025-12-22 14:46:35+00:00,3042.244938739545,3052.6853125,10.440373760454804,6.666391147782692,buy,9.602094886194374,2.9501773699697953,False,1609
2025-12-22 15:12:23+00:00,3062.245817520355,3050.795625,-11.450192520354904,9.667251345606e-05,sell,0.00023686626939394697,-2.558435519367926,False,1610
2025-12-22 15:13:11+00:00,3054.659104748085,3045.113125,-9.545979748085301,3.705360818955749,sell,2.0230519664986053,-2.0476863503038607,False,1611
2025-12-22 17:58:59+00:00,3023.428980496785,3032.73,9.30101950321523,34.99999990362351,buy,10.535682583521835,3.4292792796470715,True,1612
2025-12-22 18:50:23+00:00,3207.465357658143,3027.1222222222223,-180.34313543592089,5.611907844e-09,sell,9.615618857683988e-07,-12.804676286414471,True,1613
2025-12-22 18:58:35+00:00,3012.5400080752343,3022.094,9.553991924765796,3.3682465433822024,buy,1.8659813856540464,0.7171925089453908,False,1614
2025-12-23 06:16:47+00:00,2969.944356162024,2960.815333333333,-9.129022828691177,0.0042575602380444,sell,0.0005493224652355693,-3.4687698667805007,True,1615
2025-12-23 06:16:47+00:00,2969.944065083259,2960.136,-9.808065083258953,0.0009758342030992,sell,0.0007885375465742887,-3.602341598397394,True,1615
2025-12-23 06:17:11+00:00,2970.257581153274,2959.4566666666665,-10.800914486607326,1.5150201209999998,sell,2.7284216834104833,-3.823548140928304,True,1616
2025-12-23 06:17:23+00:00,2968.266318220696,2958.777333333333,-9.48898488736313,1.516036473,sell,0.7413189239883031,-3.151554926308069,True,1617
2025-12-23 06:47:23+00:00,2936.0813676934085,2957.079230769231,20.99786307582235,105.075762674577,buy,1260.68461315718,4.80913605518427,True,1618
2025-12-23 06:47:23+00:00,2914.7336978623657,2957.210769230769,42.47707136840336,14.589697718590015,buy,488.4203517686696,10.046871606172726,True,1618
2025-12-23 07:36:35+00:00,2951.8688340625827,2967.8626315789475,15.993797516364793,72.62820783670861,buy,507.9469795863987,3.0527505543013693,True,1619
2025-12-23 07:36:35+00:00,2933.901060400741,2967.706842105263,33.80578170452236,15.580916571793356,buy,386.4968152362809,5.766501164828364,True,1619
2025-12-23 08:58:11+00:00,2972.025871865634,2961.725,-10.300871865634235,6.711020272336893,sell,8.730177461984068,-5.53321245403514,True,1620
2025-12-23 13:34:47+00:00,2961.9887012512163,2951.088888888889,-10.899812362327339,1.8824928507136416,sell,3.5763831897786096,-5.246880706205944,True,1621
2025-12-23 13:35:11+00:00,2962.377035506287,2945.393333333333,-16.983702172954054,0.0150270699733506,sell,0.11997165119937181,-6.281755393614357,True,1622
2025-12-23 13:35:47+00:00,2958.326113291927,2942.5455555555554,-15.78055773637152,0.4752863373251951,sell,3.2227064515420354,-5.101300858954898,True,1623
2025-12-23 13:36:11+00:00,2956.9631052143536,2936.91,-20.053105214353764,9.4551061359872e-05,sell,0.001045082829339484,-4.451837428651181,True,1624
2025-12-23 14:34:59+00:00,2950.342594962264,2939.5,-10.842594962263775,0.0001323473418533,sell,0.0002438625453678922,-2.57184174373191,False,1625
2025-12-23 14:49:23+00:00,2935.52420507032,2926.4236363636364,-9.100568706683589,0.0789571752124073,sell,0.007940620994501333,-2.5057150506057084,False,1626
2025-12-23 14:53:11+00:00,2932.374663423136,2922.585,-9.789663423136062,1.5345924434999998,sell,1.211811522052944,-2.526008153117721,False,1627
2025-12-23 14:53:23+00:00,2932.062516451803,2921.24,-10.82251645180304,1.534755816,sell,2.797117724160399,-2.7355104252118223,False,1628
2025-12-23 15:02:23+00:00,2921.819058395774,2911.1492307692306,-10.669827626543338,3.569666506223199,sell,5.960727749637933,-2.4549392161557138,False,1629
2025-12-23 15:02:23+00:00,2922.6773926277083,2911.820769230769,-10.856623396939085,1.5396841305,sell,2.8586135805821113,-2.4483738298914526,False,1629
2025-12-23 15:02:35+00:00,2922.0341816928744,2909.1346153846152,-12.899566308259182,1.5400230525,sell,6.005422009471461,-2.906670301258705,False,1630
2025-12-23 15:02:35+00:00,2921.71875177677,2909.806153846154,-11.912597930616357,0.0294501515409975,sell,0.08577645043464745,-2.6084232936802816,False,1630
2025-12-23 15:02:47+00:00,2919.5087865740807,2908.4630769230766,-11.045709651004017,1.541355183,sell,3.1531651734881634,-2.3657142195842127,False,1631
2025-12-23 15:04:11+00:00,2906.797959211567,2918.538461538461,11.740502326893875,0.8085561500935871,buy,2.2158500107558283,3.0666453288842783,True,1632
2025-12-23 15:04:11+00:00,2906.6309987388445,2917.4461538461537,10.815155107309238,0.0284876109268521,buy,0.05170943246891404,2.806753397392232,False,1632
2025-12-23 15:04:35+00:00,2905.9172163582007,2920.1769230769232,14.259706718722555,0.5954907146903027,buy,3.132106512993481,3.404099179826108,True,1633
2025-12-23 15:04:35+00:00,2907.701793152364,2919.630769230769,11.928976078404958,8.349237328660228,buy,24.45471640857152,2.9522033808468326,False,1633
2025-12-23 15:04:47+00:00,2909.829544454953,2922.3615384615387,12.531994006585592,0.0031125218373217,buy,0.010993408474787018,2.882616774087924,False,1634
2025-12-23 15:15:35+00:00,2914.8997977251925,2924.188,9.288202274807645,0.3479999994482256,buy,0.10029439147403789,2.0875094079333323,False,1635
2025-12-23 16:02:35+00:00,2925.6281167045463,2939.543333333333,13.915216628786766,0.0127938030764352,buy,0.06288431362671758,2.845349078369265,False,1636
2025-12-23 16:02:59+00:00,2925.8960558865574,2946.82,20.923944113442758,0.0175243053822237,buy,0.20895883800453954,3.9776507027693233,True,1637
2025-12-23 20:40:59+00:00,2969.844184333216,2980.33,10.485815666783765,0.0380088321116226,buy,0.056474118227602704,3.9593014043980768,True,1638
2025-12-23 20:40:59+00:00,2970.5362461045315,2980.33,9.793753895468399,0.0541623810216043,buy,0.04299160092374208,3.5051782684705652,True,1638
2025-12-23 20:40:59+00:00,2970.166933450526,2980.33,10.163066549474024,1.5291937597337255,buy,1.7785541096107143,3.3587358583376448,True,1638
2025-12-23 20:40:59+00:00,2970.503482636106,2980.33,9.8265173638938,0.1049368747830503,buy,0.08673214912094046,3.1147666313940494,True,1638
2025-12-23 21:37:47+00:00,2981.8113769993306,2971.415,-10.396376999330641,26.68410239720468,sell,37.26106683524024,-2.9632662665510603,False,1639
2025-12-23 22:29:59+00:00,2972.3980589705643,2959.84,-12.558058970564161,6.709885781888645,sell,23.874169297709816,-3.60838811605992,True,1640
2025-12-23 22:42:11+00:00,3115.35932585618,2965.255,-150.1043258561799,6.4198052000000005e-09,sell,9.058622848739983e-07,-12.703407905025774,True,1641
2025-12-24 02:43:35+00:00,2937.2291714992043,2927.46,-9.769171499204276,1.5320561444999998,sell,1.178413921530188,-3.3378501811700625,True,1642
2025-12-24 07:13:59+00:00,2922.4075743964822,2936.39,13.98242560351764,16.70735356586365,buy,83.2431461735808,4.8561310594700355,True,1643
2025-12-24 10:07:59+00:00,2952.1181230552243,2924.02,-28.098123055224278,3.251902396799999e-08,sell,6.210523213766515e-07,-8.652118093599741,True,1644
2025-12-24 14:35:47+00:00,2916.060731117196,2901.18,-14.88073111719632,2.9033688872304e-05,sell,0.00017073931759835464,-6.235676401302158,True,1645
2025-12-24 14:35:47+00:00,2916.041139391753,2902.57,-13.471139391752786,0.0002572614596776,sell,0.0011502518463443383,-4.989546287166579,True,1645
2025-12-24 14:35:47+00:00,2916.0440220119217,2903.96,-12.084022011921661,0.0001215547492851,sell,0.0003748775224488672,-4.10986089403228,True,1645
2025-12-24 14:36:59+00:00,2906.9731527221224,2895.62,-11.353152722122559,0.0075059083292764,sell,0.01766254861703915,-2.596425750689869,False,1646
2025-12-24 14:36:59+00:00,2906.959792554233,2895.62,-11.3397925542331,0.0601540215478359,sell,0.14074793172480385,-2.758898121819243,False,1646
2025-12-24 14:36:59+00:00,2906.943525595933,2895.62,-11.323525595933006,0.0225695485386321,sell,0.052440923718164056,-2.6677784666102395,False,1646
2025-12-24 14:36:59+00:00,2906.933875361774,2895.62,-11.31387536177408,0.026381037645879,sell,0.0610424330268339,-2.952693982755191,False,1646
2025-12-24 14:36:59+00:00,2906.902635069449,2895.62,-11.282635069449043,0.1321159433985737,sell,0.30157248563492906,-2.838369355917464,False,1646
2025-12-24 14:37:11+00:00,2907.277909442741,2894.7336363636364,-12.544273079104642,1.5394938985581523,sell,5.456386780105511,-2.7932329862776704,False,1647
2025-12-24 14:37:11+00:00,2907.6818316725366,2894.379090909091,-13.302740763445854,0.5104209383687287,sell,2.196208978035413,-2.8831395229145587,False,1647
2025-12-24 14:37:11+00:00,2907.788372162553,2894.910909090909,-12.877463071643888,0.0300352817406196,sell,0.11646069579567246,-2.688668752067114,False,1647
2025-12-24 14:37:11+00:00,2907.8480842457093,2894.556363636364,-13.291720609345248,0.0216902785746322,sell,0.09308861558118868,-2.703027053666172,False,1647
2025-12-24 14:37:11+00:00,2907.860437901275,2895.2654545454543,-12.59498335582066,0.0122567134018727,sell,0.04406268067679637,-2.468134282566128,False,1647
2025-12-24 14:37:11+00:00,2907.802864504517,2895.088181818182,-12.714682686334982,0.0434363654915519,sell,0.1613523148487861,-2.432196740149958,False,1647
2025-12-24 14:37:11+00:00,2907.85426528818,2895.442727272727,-12.411538015453061,0.009164162151489,sell,0.03126388755958084,-2.307018244590616,False,1647
2025-12-24 14:37:23+00:00,2908.0062037426906,2894.201818181818,-13.80438556087256,0.6797754191362491,sell,3.265903208334288,-2.551874540863969,False,1648
2025-12-24 14:37:23+00:00,2907.867489932418,2894.0245454545457,-13.842944477872152,0.0240477893996556,sell,0.11646210887809455,-2.493255670068878,False,1648
2025-12-24 14:37:35+00:00,2908.1424612561777,2893.847272727273,-14.295188528904873,0.011150902485703,sell,0.05904613092923136,-2.5231894171963263,False,1649
2025-12-24 14:41:35+00:00,2906.9481817300752,2916.468,9.519818269924599,2.4902320452412434,buy,1.2944681134680989,1.6717362229590276,False,1650
2025-12-24 14:50:47+00:00,2907.4003963728737,2916.706666666667,9.306270293793204,1.6495395130244492,buy,0.5052049512774975,1.6354833340302362,False,1651
2025-12-24 15:29:23+00:00,2905.6856652667143,2915.775,10.089334733285796,1.1614578091984435,buy,1.265216332805891,1.8525121654082957,False,1652
2025-12-24 15:29:23+00:00,2906.58766700904,2915.825,9.237332990959658,9.999999971413075,buy,2.373329902811957,1.6808962523815845,False,1652
2025-12-24 18:11:59+00:00,2963.759542494397,2933.13,-30.6295424943969,3.5427975345000013e-08,sell,7.662908982151235e-07,-9.88236096012892,True,1653
2025-12-25 08:15:35+00:00,2939.932429533818,2928.682,-11.250429533818078,1.4695235702016e-05,sell,3.3070592430234644e-05,-2.9322009556608926,False,1654
2025-12-25 08:21:35+00:00,2933.0354425216487,2922.9871428571428,-10.048299664505976,1.5342467175,sell,1.6083503192246444,-2.2073335968004315,False,1655
2025-12-25 08:21:47+00:00,2933.647505858949,2922.074761904762,-11.57274395418699,1.5339266189999998,sell,3.94640043519874,-2.448046219315419,False,1656
2025-12-26 00:40:11+00:00,2911.672154101064,2902.35,-9.322154101063916,6.850410531592999,sell,2.2068878467241237,-3.546183589911373,True,1657
2025-12-26 00:44:23+00:00,2908.748273352481,2899.3355555555554,-9.41271779692579,10.28544076745364,sell,4.2449844539541735,-3.299150837631507,True,1658
2025-12-26 02:12:47+00:00,2933.0127659879254,2942.080869565217,9.068103577291822,1.549561355376218,buy,0.10553067153428494,3.4102872792028696,True,1659
2025-12-26 02:13:47+00:00,2940.9573865626858,2950.5852173913045,9.627830828618698,0.0214799708722857,buy,0.013485787911452638,2.7339866064915497,False,1660
2025-12-26 02:13:47+00:00,2940.9262756102294,2951.2939130434784,10.367637433249001,0.030941480497031,buy,0.04231672696788351,2.8465891970313892,False,1660
2025-12-26 02:13:47+00:00,2940.9163119414284,2952.0026086956523,11.086296754223895,0.0188015499711714,buy,0.03922561267923326,2.929777641425765,False,1660
2025-12-26 02:13:47+00:00,2940.276962034688,2952.711304347826,12.434342313138131,0.015921812674274,buy,0.05468095496911819,3.168657555262513,True,1660
2025-12-26 02:14:11+00:00,2945.33587390937,2955.15,9.814126090629998,0.9084444442149664,buy,0.7395883239232716,2.176060905734382,False,1661
2025-12-26 02:14:23+00:00,2944.843086053377,2958.61,13.766913946622935,1.5518732915323712,buy,7.3976464367973005,3.156538148144113,True,1662
2025-12-26 02:14:23+00:00,2944.5302038866325,2960.34,15.80979611336761,0.0099999999868005,buy,0.0680979610437902,3.478363684849353,True,1662
2025-12-26 02:14:35+00:00,2945.175585919857,2962.07,16.89441408014318,1.551873291986596,buy,12.25113036685713,3.5076291367746526,True,1663
2025-12-26 02:14:35+00:00,2944.8631360869404,2965.53,20.666863913059842,0.0074999427747082,buy,0.087500811708257,3.87990186668225,True,1663
2025-12-26 02:14:47+00:00,2950.970690233166,2968.99,18.019309766833885,0.0337224535402407,buy,0.30415325457709486,2.997023803785943,False,1664
2025-12-26 02:14:59+00:00,2950.959082210884,2970.72,19.760917789115865,0.024121993567823,buy,0.259574789692925,3.1575918061685133,True,1665
2025-12-26 02:14:59+00:00,2950.9468124651585,2970.72,19.773187534841327,0.0371097647498832,buy,0.39979045502433574,3.005512989781198,True,1665
2025-12-26 02:14:59+00:00,2950.9332104958203,2970.72,19.786789504179524,0.0309148670920517,buy,0.33347216387164824,2.873947782191853,False,1665
2025-12-26 02:14:59+00:00,2950.924755045433,2970.72,19.795244954566897,0.0108267657267011,buy,0.11687758808544786,2.7576847014703687,False,1665
2025-12-26 02:14:59+00:00,2950.921350238209,2970.72,19.798649761790784,0.0057708691553657,buy,0.0623175948299156,2.6538252914772564,False,1665
2025-12-26 02:15:11+00:00,2961.454077979866,2971.4014285714284,9.947350591562554,0.021715139356092,buy,0.02057185011485705,0.9557134893078116,False,1666
2025-12-26 02:15:11+00:00,2961.769514646181,2971.1742857142854,9.40477106810431,1.5421918060851054,buy,0.6242346245707829,0.8383545325961091,False,1666
2025-12-26 02:15:35+00:00,2959.581384733851,2973.445714285714,13.864329551863193,1.2896742778179238,buy,6.273400701867549,1.4409086513070613,False,1667
2025-12-26 02:15:35+00:00,2960.0523938745887,2974.3542857142857,14.301891839696964,0.3380899307968129,buy,1.7925162451753334,1.5319537479357705,False,1667
2025-12-26 02:15:35+00:00,2959.243365031624,2974.127142857142,14.883777825518337,0.1093174356062273,buy,0.6431995035624488,1.6506199595187965,False,1667
2025-12-26 02:15:35+00:00,2963.981272760116,2973.9,9.918727239883992,19.122500635174283,buy,17.56836222823356,0.8417430286162442,False,1667
2025-12-26 02:15:35+00:00,2959.270232123677,2973.672857142857,14.40262501918005,0.0240745810323896,buy,0.13006593381186551,1.6009510918809846,False,1667
2025-12-26 02:15:35+00:00,2959.3082654808586,2973.218571428571,13.910305947712459,0.025870360953275,buy,0.12703138725833438,1.5423045838221903,False,1667
2025-12-26 02:15:35+00:00,2959.2980630222296,2972.9914285714285,13.693365549198916,0.0247956209335202,buy,0.11637491306037916,1.528040431159631,False,1667
2025-12-26 02:15:35+00:00,2959.317522193032,2972.764285714285,13.44676352125316,0.0200394352938689,buy,0.08911062985128933,1.5081659137506624,False,1667
2025-12-26 02:15:47+00:00,2962.6639314168187,2975.262857142857,12.598925726038033,1.5421918080377728,buy,5.5502337724322475,1.219391466698743,False,1668
2025-12-26 02:17:11+00:00,2976.0479624651307,2967.0116666666668,-9.036295798463925,5.227383166941239,sell,0.1897320459210141,-2.089873021359874,False,1669
2025-12-26 02:19:59+00:00,2971.3798564198946,2980.46,9.080143580105414,0.018725546274329,buy,0.001500732317854323,0.9219022399396769,False,1670
2025-12-26 02:29:59+00:00,2978.6716298723127,2987.85,9.17837012768723,1.5205383740785663,buy,0.27121862393772805,1.1169107535149956,False,1671
2025-12-26 14:47:59+00:00,2950.115189460159,2939.98,-10.135189460158927,0.688178623754521,sell,0.7812131203928077,-3.413950288530632,True,1672
2025-12-26 14:48:23+00:00,2950.6440546341373,2937.86,-12.784054634137192,1.9454204779409616,sell,7.3615773748978865,-4.131585408745776,True,1673
2025-12-26 14:48:47+00:00,2951.1386466774634,2935.74,-15.398646677463603,0.5170056214464102,sell,3.3081363018980774,-4.6749442058720145,True,1674
2025-12-26 14:49:47+00:00,2934.941498133961,2924.415789473684,-10.525708660276905,0.5959137823060523,sell,0.9091908184427102,-2.667556541018307,False,1675
2025-12-26 14:49:47+00:00,2935.6892960156297,2925.5663157894737,-10.12298022615596,0.090130740115827,sell,0.10121503891887544,-2.4869977857987546,False,1675
2025-12-26 14:49:47+00:00,2935.365775899981,2924.991052631579,-10.37472326840225,1.5330287070000002,sell,2.1074902346415145,-2.505791650760995,False,1675
2025-12-26 14:49:47+00:00,2935.750676629614,2926.716842105264,-9.033834524350368,0.0428539262552207,sell,0.001449942211391146,-2.0724509973597636,False,1675
2025-12-26 14:49:47+00:00,2935.724691684028,2926.1415789473685,-9.583112736659587,0.0874180486770323,sell,0.050974577597505254,-2.146124485328542,False,1675
2025-12-26 14:49:59+00:00,2935.684038879342,2922.69,-12.994038879342042,0.0501175399162386,sell,0.20017140296243371,-3.0315671823210555,True,1676
2025-12-26 14:49:59+00:00,2935.3407455520683,2922.69,-12.650745552068202,1.6722036085377303,sell,6.104789886021515,-2.855271759342054,False,1676
2025-12-26 14:49:59+00:00,2935.695277108336,2922.69,-13.005277108336031,0.0056414588152736,sell,0.022595605850435855,-2.87173124907284,False,1676
2025-12-26 14:54:11+00:00,2932.369194583073,2921.49375,-10.875444583072749,1.5345953055,sell,2.8780484529088453,-2.164655826200339,False,1677
2025-12-26 14:54:23+00:00,2933.656895348869,2916.34875,-17.308145348868948,4.937759876748425,sell,41.02362675383913,-3.4785265319496674,True,1678
2025-12-26 14:54:23+00:00,2931.803211164771,2918.92125,-12.881961164770928,1.5348915585,sell,5.9583894222317255,-2.5837949203190362,False,1678
2025-12-26 14:54:35+00:00,2929.698652309909,2913.77625,-15.922402309909103,1.535994153,sell,10.632769472734076,-3.030281263855589,True,1679
2025-12-26 14:56:59+00:00,2911.876730147977,2920.88,9.003269852023095,1.430149131618072,buy,0.004676376031349131,2.477505656611559,False,1680
2025-12-26 15:03:59+00:00,2902.905528884611,2914.24,11.334471115388624,3.795304062903225,buy,8.860027708964667,2.951072830653232,False,1681
2025-12-26 15:06:23+00:00,2920.481057083772,2910.1,-10.381057083772248,3.261640317404314,sell,4.504511465068391,-1.7922206809200707,False,1682
2025-12-26 15:30:47+00:00,2914.9197309808924,2925.684,10.764269019107815,0.7917476640852064,buy,1.3968558746965105,2.6363499619637256,False,1683
2025-12-26 15:45:59+00:00,2914.5897118218368,2924.02,9.43028817816321,0.0487169835342778,buy,0.020962342090571472,2.095781009889519,False,1684
2025-12-26 17:01:11+00:00,2903.046399120614,2912.5529411764705,9.506542055856698,7.97599999676684,buy,4.040179435875295,3.659927660841091,True,1685
2025-12-26 17:06:47+00:00,3280.288950681587,2916.95875,-363.33020068158703,2.743660737e-09,sell,9.721618595434009e-07,-13.09755789275212,True,1686
2025-12-27 01:51:35+00:00,2959.5916767379595,2927.322,-32.269676737959344,3.1423253664e-08,sell,7.312089548161766e-07,-8.207111509982155,True,1687
2025-12-27 22:13:59+00:00,2933.553416333436,2946.19,12.636583666564093,0.0112060318441678,buy,0.04075167237149772,5.0288326712527,True,1688
2025-12-27 22:51:47+00:00,2945.0044480021934,2935.86,-9.144448002193258,9.643448932399999e-08,sell,1.3929769325378838e-08,-3.306136687189495,True,1689
2025-12-27 23:47:23+00:00,2957.344254229968,2947.276666666666,-10.067587563301913,13.56887367258786,sell,14.485960780869554,-3.8289233111219954,True,1690
2025-12-28 05:02:23+00:00,3059.4616280058613,2936.0842857142857,-123.37734229157559,8.1713723e-09,sell,9.346198465489993e-07,-9.575386982306263,True,1691
2025-12-28 05:57:23+00:00,3301.159887945561,2935.993571428571,-365.1663165169898,2.726314479e-09,sell,9.71021385652366e-07,-8.672122933781692,True,1692
2025-12-28 14:40:59+00:00,2944.9060121613843,2955.18,10.27398783861554,1.2319358645124685,buy,1.569471309343206,5.195979795549721,True,1693
2025-12-28 14:51:11+00:00,2931.383726299539,2949.2784615384617,17.89473523892275,28.21499996536056,buy,250.9649544580967,6.866058631233667,True,1694
2025-12-28 19:00:35+00:00,2944.423841002196,2932.58,-11.843841002195859,62.76035862048375,sell,178.48048115744803,-4.623874381668033,True,1695
2025-12-29 00:29:47+00:00,2955.5440045671194,2965.0733333333333,9.529328766213894,0.0144831063025466,buy,0.0076663247900716595,3.698188079045833,True,1696
2025-12-29 02:05:47+00:00,2987.8916824965663,2998.478571428572,10.586888932005877,0.3313713973636116,buy,0.5258496028596367,3.200934835802278,True,1697
2025-12-29 02:05:47+00:00,2987.684837790748,3000.735714285714,13.050876494965905,0.6844461022575975,buy,2.7726066277063324,3.8173956462957945,True,1697
2025-12-29 02:05:47+00:00,2987.138329276984,3002.992857142857,15.85452786587257,1.9999999954625571,buy,13.709055700643109,5.081828308324216,True,1697
2025-12-29 02:05:59+00:00,2986.450836899987,3005.25,18.799163100013175,1.3778858825184828,buy,13.502128496004204,5.1453334360425345,True,1698
2025-12-29 02:06:23+00:00,2993.081996795265,3007.872857142857,14.790860347592115,0.0199749064890351,buy,0.1156718939342138,3.5283770683260904,True,1699
2025-12-29 02:06:23+00:00,2989.319460499581,3008.747142857143,19.427682357561935,0.0556883498735124,buy,0.5807004234977616,4.4419094466311595,True,1699
2025-12-29 02:06:47+00:00,2999.588426472004,3010.4957142857143,10.907287813710354,1.458455325867964,buy,2.7816940698689314,2.2783514573190313,False,1700
2025-12-29 02:06:59+00:00,3002.198125405874,3011.37,9.171874594125711,2.1754393091951734,buy,0.3739027483130379,1.8397971630615624,False,1701
2025-12-29 02:06:59+00:00,3000.9642398198966,3011.37,10.405760180103243,4.0239722432429685,buy,5.656739945391688,2.0826993451079336,False,1701
2025-12-29 03:34:47+00:00,3011.993686572081,3023.8425,11.84881342791914,3.710133859117758,buy,10.569479157232129,5.404069948878941,True,1702
2025-12-29 03:34:59+00:00,3011.236800503204,3028.04,16.80319949679597,0.2194187026040554,buy,1.7121679097475895,5.5859191135649215,True,1703
2025-12-29 03:34:59+00:00,3011.110322601688,3028.04,16.929677398311924,0.4124122715394339,buy,3.2702962684127286,6.237310806700505,True,1703
2025-12-29 03:38:11+00:00,3020.3143382482526,3030.291904761905,9.977566513652164,0.0037699999817251,buy,0.0036854257386037276,2.811540617389245,False,1704
2025-12-29 04:12:59+00:00,3034.365558448293,3043.39,9.024441551706786,29.909999910298072,buy,0.7310468093575273,2.3873570241477053,False,1705
2025-12-29 04:13:23+00:00,3033.6228708953963,3044.2825,10.659629104603482,29.90999997478879,buy,49.639506476848894,2.8008068681614864,False,1706
2025-12-29 04:22:59+00:00,3053.142050157286,3044.04,-9.102050157286158,3.2753143600000003,sell,0.33424634559961075,-2.797771796289491,False,1707
2025-12-29 09:36:47+00:00,2993.2049130094283,2983.7166666666667,-9.488246342761613,8.056314452509401e-05,sell,3.933466067575242e-05,-3.0265122493836807,True,1708
2025-12-29 12:06:47+00:00,2945.536262770865,2936.31,-9.226262770865105,0.0067978830385078,sell,0.0015381078523096759,-2.577955939018945,False,1709
2025-12-29 12:07:11+00:00,2946.0256634894645,2935.811111111111,-10.214552378353346,27.553938410995205,sell,33.465701430075846,-2.5245684742865273,False,1710
2025-12-29 12:12:35+00:00,2931.202742892899,2920.797,-10.40574289289907,0.0056753696209978,sell,0.007978110509292946,-2.5747199069407056,False,1711
2025-12-29 12:13:23+00:00,2926.713847264539,2917.572272727273,-9.141574537266024,0.0235447210066011,sell,0.003333332981567185,-2.005430939425744,False,1712
2025-12-29 12:14:59+00:00,2922.981572270209,2913.95,-9.03157227020938,0.0039783552213667,sell,0.00012560570603789044,-1.865935672980326,False,1713
2025-12-29 12:23:59+00:00,2920.864273573943,2931.04,10.175726426056826,1.077316185647248,buy,1.2666291086842112,3.6003788615109857,True,1714
2025-12-29 14:35:47+00:00,2950.6694337179088,2959.84,9.170566282091386,1.5428211855856493,buy,0.26315327355716817,2.660408200197262,False,1715
2025-12-29 14:35:59+00:00,2952.6471399883253,2961.86,9.21286001167482,1.5411501521370388,buy,0.3280492393765411,2.5507548495660295,False,1716
2025-12-29 15:09:59+00:00,2929.69454957751,2939.03,9.33545042249034,0.4997499985830057,buy,0.16764134816421578,2.3749571099128963,False,1717
2025-12-29 15:13:23+00:00,2933.257073342638,2943.152307692308,9.895234349670318,12.324999997631298,buy,11.033763357566125,2.4930877725153686,False,1718
2025-12-30 00:09:59+00:00,2931.101713640772,2941.06,9.958286359228168,46.98568270902338,buy,45.02573881907991,4.010460381268871,True,1719
2025-12-30 00:09:59+00:00,2920.1793162974823,2941.06,20.880683702517672,11.474999967291868,buy,136.3308450977953,5.661607807425394,True,1719
2025-12-30 02:01:35+00:00,2917.6202823462254,2935.961875,18.34159265377457,12.677499975512829,buy,118.42804063947791,7.405337830161547,True,1720
2025-12-30 02:01:35+00:00,2925.9488089046126,2935.755,9.806191095387476,44.23429164827176,buy,35.66129203760928,3.612884607517322,True,1720
2025-12-30 08:02:23+00:00,2960.976511813981,2969.979047619048,9.002535805067055,0.0060013782375847,buy,1.5218325344179403e-05,2.1279002432475163,False,1721
2025-12-30 08:02:23+00:00,2960.979326146247,2970.217142857143,9.237816710895913,0.0076583993004482,buy,0.001821295332360154,2.1309539918698888,False,1721
2025-12-30 12:11:59+00:00,2973.3226180336383,2982.96,9.637381966361772,11.18999997349887,buy,7.1323041866968895,3.556132572642498,True,1722
2025-12-30 12:29:11+00:00,2973.272633853582,2983.0485714285714,9.775937574989257,12.789999990923365,buy,9.924241577069694,3.0501002874178957,True,1723
2025-12-30 14:50:47+00:00,2984.128337500236,2994.25,10.12166249976417,0.1131663553997443,buy,0.1269344570868777,2.4569260159574258,False,1724
2025-12-30 14:50:47+00:00,2984.0772413592904,2995.56,11.482758640709562,0.1374240154766238,buy,0.3411906618655924,2.713779961227963,False,1724
2025-12-30 14:51:23+00:00,2983.0260448600584,2996.87,13.8439551399415,4.49999999467981,buy,21.797798103965988,3.161831576778333,True,1725
2025-12-30 14:51:35+00:00,2983.064940467614,2998.18,15.115059532385658,0.3075160394785777,buy,1.8804788885749608,3.3115774791849275,True,1726
2025-12-30 14:51:35+00:00,2982.093174618541,3000.8,18.70682538145911,0.0784466706107947,buy,0.7614681333758245,3.7937636294063046,True,1726
2025-12-30 14:51:47+00:00,2982.9462635415243,3003.42,20.47373645847574,0.2748616694913474,buy,3.153690358280382,3.830231971240621,True,1727
2025-12-30 14:52:11+00:00,2985.39215674011,3004.4857142857145,19.093557545604654,18.59718011104604,buy,187.71170763681755,3.151321882620886,True,1728
2025-12-30 14:52:35+00:00,2990.6262558293847,3003.264285714285,12.638029884900334,0.0399999999220312,buy,0.14552119511236053,1.74611108060402,False,1729
2025-12-30 14:52:35+00:00,2990.6155500847626,3003.3864285714285,12.770878486665879,0.0124048191346254,buy,0.046777065605740166,1.788688666332051,False,1729
2025-12-30 14:52:35+00:00,2990.6099870631,3003.5085714285715,12.898584365471379,0.0147707147341469,buy,0.05758487752938284,1.8320151607887984,False,1729
2025-12-30 14:52:35+00:00,2990.6936045019147,3003.6307142857145,12.93710978379977,0.0499999999247346,buy,0.19685548889366034,1.8622681465782043,False,1729
2025-12-30 14:52:35+00:00,2990.68142248544,3003.752857142857,13.07143465741683,0.0096099483495353,buy,0.03912627676628369,1.9097435577094088,False,1729
2025-12-30 14:52:35+00:00,2990.656951421859,3003.875,13.218048578140952,0.1099999997805149,buy,0.46398534266970587,1.9613234464485898,False,1729
2025-12-30 14:52:35+00:00,2990.765276480608,3004.119285714285,13.354009233677061,0.3002999991550235,buy,1.307508969194186,2.0334571564214667,False,1729
2025-12-30 15:00:11+00:00,3002.3148057314224,2992.713333333333,-9.6014723980893,0.2308638260307753,sell,0.13885821907480128,-1.8421998436668332,False,1730
2025-12-30 15:03:11+00:00,2991.7726163297752,2981.287692307692,-10.484924022083305,9.1818809524701e-05,sell,0.0001363439559423199,-2.030799386035172,False,1731
2025-12-30 18:51:23+00:00,2973.199472915954,2962.383333333333,-10.816139582620963,0.2165627903090245,sell,0.3933082556030628,-3.6308686867536295,True,1732
2025-12-30 19:06:35+00:00,2947.8331720863675,2959.061176470588,11.22800438422064,0.8346845721457641,buy,1.859680886182091,4.19684649022384,True,1733
2025-12-30 22:43:47+00:00,2946.398676267931,2966.037142857143,19.63846658921193,17.04999996593529,buy,181.38585498366712,6.490094761378156,True,1734
2025-12-30 22:43:47+00:00,2955.6392654335546,2966.134285714286,10.495020280731296,44.27582111371227,buy,66.19325051103077,2.8732913524747494,False,1734
2025-12-31 12:23:11+00:00,2982.5656570222604,2999.5,16.93434297773956,8.139999988546371,buy,64.585551747923,6.34869971392308,True,1735
