event_id,start_time,end_time,trade_count,total_volume_eth,total_profit,avg_spread,direction,strong_signal_ratio,arbitrage_type
0,2025-12-01 00:04:47+00:00,2025-12-01 00:04:47+00:00,2,12.67992988259867,21.060337232246248,-12.005394193187612,sell,0.0,"Sell on Uniswap, Buy on Binance"
1,2025-12-01 00:05:11+00:00,2025-12-01 00:05:11+00:00,1,3.50203839440907,5.003226390504621,-10.42866120442659,sell,0.0,"Sell on Uniswap, Buy on Binance"
2,2025-12-01 00:05:23+00:00,2025-12-01 00:05:23+00:00,1,2.714354524585458,5.67702258204643,-11.091481613999349,sell,0.0,"Sell on Uniswap, Buy on Binance"
3,2025-12-01 00:05:35+00:00,2025-12-01 00:05:35+00:00,3,19.105081846025342,90.97418497390862,-14.231869750561449,sell,0.0,"Sell on Uniswap, Buy on Binance"
4,2025-12-01 00:05:47+00:00,2025-12-01 00:05:47+00:00,2,2.4419604697614674,4.6997484422946485,-10.986567227264004,sell,0.0,"Sell on Uniswap, Buy on Binance"
5,2025-12-01 00:05:59+00:00,2025-12-01 00:05:59+00:00,1,0.1621226297487806,0.593083462143237,-12.65823983402106,sell,0.0,"Sell on Uniswap, Buy on Binance"
6,2025-12-01 00:06:11+00:00,2025-12-01 00:06:11+00:00,1,3.2000816910670737,2.4246170933355216,-9.757673499430894,sell,0.0,"Sell on Uniswap, Buy on Binance"
7,2025-12-01 00:06:23+00:00,2025-12-01 00:06:23+00:00,2,3.5994451394644544,11.962471633318257,-12.38623566053866,sell,0.0,"Sell on Uniswap, Buy on Binance"
8,2025-12-01 00:06:47+00:00,2025-12-01 00:06:47+00:00,5,2.291751238718049,21.442212741093893,-20.411507630740108,sell,0.0,"Sell on Uniswap, Buy on Binance"
9,2025-12-01 00:06:59+00:00,2025-12-01 00:06:59+00:00,1,0.0451203153841497,0.6403774416100547,-23.192663241778064,sell,0.0,"Sell on Uniswap, Buy on Binance"
10,2025-12-01 00:07:23+00:00,2025-12-01 00:07:23+00:00,1,0.968410472104166,15.029459211648136,-24.519719834288935,sell,0.0,"Sell on Uniswap, Buy on Binance"
11,2025-12-01 00:07:47+00:00,2025-12-01 00:07:47+00:00,2,0.1403192399781189,3.2331103906728185,-31.63177567135267,sell,0.5,"Sell on Uniswap, Buy on Binance"
12,2025-12-01 00:08:11+00:00,2025-12-01 00:08:11+00:00,2,3.15140318283003,50.13442469562031,-24.319610559876992,sell,0.0,"Sell on Uniswap, Buy on Binance"
13,2025-12-01 00:08:23+00:00,2025-12-01 00:08:23+00:00,2,0.09643437016355941,1.782339325978216,-25.927094817301395,sell,0.0,"Sell on Uniswap, Buy on Binance"
14,2025-12-01 00:08:35+00:00,2025-12-01 00:08:35+00:00,11,9.99347982475215,136.48493002769817,-23.674182280483407,sell,0.0,"Sell on Uniswap, Buy on Binance"
15,2025-12-01 00:08:59+00:00,2025-12-01 00:08:59+00:00,1,0.8077612253409041,3.6149456559770075,-13.475265143423258,sell,0.0,"Sell on Uniswap, Buy on Binance"
16,2025-12-01 00:09:11+00:00,2025-12-01 00:09:11+00:00,2,2.590144682140501,4.515068979965274,-10.49721551635912,sell,0.0,"Sell on Uniswap, Buy on Binance"
17,2025-12-01 00:09:23+00:00,2025-12-01 00:09:23+00:00,1,0.1314912649987196,0.6291370723626464,-13.784630160556844,sell,0.0,"Sell on Uniswap, Buy on Binance"
18,2025-12-01 00:09:35+00:00,2025-12-01 00:09:35+00:00,1,0.5972715687517235,3.152371958500203,-14.277954155910265,sell,0.0,"Sell on Uniswap, Buy on Binance"
19,2025-12-01 00:09:47+00:00,2025-12-01 00:09:47+00:00,6,0.4084451181808112,2.1441901591272527,-14.340132512392605,sell,0.0,"Sell on Uniswap, Buy on Binance"
20,2025-12-01 00:09:59+00:00,2025-12-01 00:09:59+00:00,3,5.371670297363695,56.225602545618,-19.29962171201608,sell,0.0,"Sell on Uniswap, Buy on Binance"
21,2025-12-01 00:12:23+00:00,2025-12-01 00:12:23+00:00,1,0.0236513229097187,0.004817117828841705,-9.20367223631547,sell,0.0,"Sell on Uniswap, Buy on Binance"
22,2025-12-01 00:16:59+00:00,2025-12-01 00:16:59+00:00,1,0.3585270431566105,0.611996126865101,-10.706973402834137,sell,0.0,"Sell on Uniswap, Buy on Binance"
23,2025-12-01 00:17:23+00:00,2025-12-01 00:17:23+00:00,2,0.0266083346001363,0.013984683525959824,-9.60482198502632,sell,0.0,"Sell on Uniswap, Buy on Binance"
24,2025-12-01 00:17:35+00:00,2025-12-01 00:17:35+00:00,1,0.2446717380678085,0.24210364177035867,-9.989503911167958,sell,0.0,"Sell on Uniswap, Buy on Binance"
25,2025-12-01 00:19:47+00:00,2025-12-01 00:19:47+00:00,1,49.8610390138421,708.0052454050893,23.199568629296664,buy,0.0,"Buy on Uniswap, Sell on Binance"
26,2025-12-01 00:20:23+00:00,2025-12-01 00:20:23+00:00,1,0.0100527778787594,0.030370851099494233,-12.021140172972991,sell,0.0,"Sell on Uniswap, Buy on Binance"
27,2025-12-01 00:23:59+00:00,2025-12-01 00:23:59+00:00,1,1.761993529029648,0.40574460083990915,9.230275874544986,buy,0.0,"Buy on Uniswap, Sell on Binance"
28,2025-12-01 00:31:35+00:00,2025-12-01 00:31:35+00:00,2,3.837665398668808,7.46579502521885,-11.283698304353265,sell,0.0,"Sell on Uniswap, Buy on Binance"
29,2025-12-01 00:31:47+00:00,2025-12-01 00:31:47+00:00,1,2.30347843934476,13.38221398728576,-14.809567721021267,sell,0.0,"Sell on Uniswap, Buy on Binance"
30,2025-12-01 00:31:59+00:00,2025-12-01 00:31:59+00:00,1,1.036102068754746,9.579605194429629,-18.245812245064826,sell,0.0,"Sell on Uniswap, Buy on Binance"
31,2025-12-01 00:35:11+00:00,2025-12-01 00:35:11+00:00,1,4.9999999897911565,11.787952743649525,11.35759055354356,buy,0.0,"Buy on Uniswap, Sell on Binance"
32,2025-12-01 00:37:23+00:00,2025-12-01 00:37:23+00:00,1,4.845325300750844,5.980691901210325,-10.23432205888912,sell,0.0,"Sell on Uniswap, Buy on Binance"
33,2025-12-01 00:37:47+00:00,2025-12-01 00:37:47+00:00,1,1.2384711164754,5.966518254306035,-13.817648288226792,sell,0.0,"Sell on Uniswap, Buy on Binance"
34,2025-12-01 00:37:59+00:00,2025-12-01 00:37:59+00:00,1,0.7883597517238812,0.8520225439114092,-10.080753478406677,sell,0.0,"Sell on Uniswap, Buy on Binance"
35,2025-12-01 00:39:11+00:00,2025-12-01 00:39:11+00:00,2,203.77552607988275,13070.70422031617,106.97663498424299,buy,1.0,"Buy on Uniswap, Sell on Binance"
36,2025-12-01 00:40:47+00:00,2025-12-01 00:40:47+00:00,2,5.384878789497199,21.95296985279336,12.841914613461995,buy,0.0,"Buy on Uniswap, Sell on Binance"
37,2025-12-01 00:52:47+00:00,2025-12-01 00:52:47+00:00,2,1.586205987430708,1.115644528454708,-9.636793413333635,sell,0.0,"Sell on Uniswap, Buy on Binance"
38,2025-12-01 00:53:11+00:00,2025-12-01 00:53:11+00:00,1,1.5791172300000005,2.2661903422494127,-10.435099496855855,sell,0.0,"Sell on Uniswap, Buy on Binance"
39,2025-12-01 00:56:23+00:00,2025-12-01 00:56:23+00:00,1,3.5008448667203784,2.4525700404724877,9.700565187502889,buy,0.0,"Buy on Uniswap, Sell on Binance"
40,2025-12-01 01:15:35+00:00,2025-12-01 01:15:35+00:00,1,5.249816280967565,7.142967219150986,10.36061279802243,buy,0.0,"Buy on Uniswap, Sell on Binance"
41,2025-12-01 01:18:59+00:00,2025-12-01 01:18:59+00:00,1,3.49683518,0.10043575400011051,-9.02872190104199,sell,0.0,"Sell on Uniswap, Buy on Binance"
42,2025-12-01 02:02:35+00:00,2025-12-01 02:02:35+00:00,1,1.870237289101436,0.17611861647500265,9.094169128966314,buy,0.0,"Buy on Uniswap, Sell on Binance"
43,2025-12-01 02:03:11+00:00,2025-12-01 02:03:11+00:00,2,1.9901027899238541,7.7667904144394395,13.062951495883226,buy,1.0,"Buy on Uniswap, Sell on Binance"
44,2025-12-01 02:04:23+00:00,2025-12-01 02:04:23+00:00,1,1.0100454666344163,0.41270449466734166,9.408599917825995,buy,0.0,"Buy on Uniswap, Sell on Binance"
45,2025-12-01 02:35:23+00:00,2025-12-01 02:35:23+00:00,1,0.0012082385270099,0.0009032310312332835,-9.747560196965878,sell,0.0,"Sell on Uniswap, Buy on Binance"
46,2025-12-01 02:39:11+00:00,2025-12-01 02:39:11+00:00,1,12.642061750637444,58.138370433746836,13.59880449728189,buy,1.0,"Buy on Uniswap, Sell on Binance"
47,2025-12-01 02:39:23+00:00,2025-12-01 02:39:23+00:00,2,4.533157993250914,10.154829185873938,11.15256450242191,buy,0.0,"Buy on Uniswap, Sell on Binance"
48,2025-12-01 03:17:59+00:00,2025-12-01 03:17:59+00:00,1,1.1376973169407096,1.292093152912978,10.13570906222003,buy,0.0,"Buy on Uniswap, Sell on Binance"
49,2025-12-01 05:32:23+00:00,2025-12-01 05:32:23+00:00,2,32.13937764738529,92.4187953782986,-14.143678177705397,sell,1.0,"Sell on Uniswap, Buy on Binance"
50,2025-12-01 06:32:11+00:00,2025-12-01 06:32:11+00:00,1,4.511249999302074,24.53462205179118,-14.438541879875174,sell,1.0,"Sell on Uniswap, Buy on Binance"
51,2025-12-01 09:00:59+00:00,2025-12-01 09:00:59+00:00,1,1.6800126042529078,1.9108895083050914,10.137425697561866,buy,1.0,"Buy on Uniswap, Sell on Binance"
52,2025-12-01 09:30:23+00:00,2025-12-01 09:30:23+00:00,1,17.74928450163468,1.9904701766218056,9.112143685365936,buy,1.0,"Buy on Uniswap, Sell on Binance"
53,2025-12-01 11:18:23+00:00,2025-12-01 11:18:23+00:00,2,35.3301039200015,103.44437337126999,-13.815289444241898,sell,1.0,"Sell on Uniswap, Buy on Binance"
54,2025-12-01 12:01:59+00:00,2025-12-01 12:01:59+00:00,1,2.8651839912428e-05,4.538514406070704e-06,-9.158402197553187,sell,1.0,"Sell on Uniswap, Buy on Binance"
55,2025-12-01 12:48:35+00:00,2025-12-01 12:48:35+00:00,1,0.198091708627239,0.04768100214016616,-9.240701655160592,sell,1.0,"Sell on Uniswap, Buy on Binance"
56,2025-12-01 12:48:47+00:00,2025-12-01 12:48:47+00:00,1,0.3455128244242684,0.14035172311739044,-9.406212774739288,sell,1.0,"Sell on Uniswap, Buy on Binance"
57,2025-12-01 12:49:59+00:00,2025-12-01 12:49:59+00:00,1,4.723724877437329,32.87794243471795,15.960173017645047,buy,1.0,"Buy on Uniswap, Sell on Binance"
58,2025-12-01 12:50:35+00:00,2025-12-01 12:50:35+00:00,3,9.7155070829082,42.21797594848758,13.149281809863623,buy,0.0,"Buy on Uniswap, Sell on Binance"
59,2025-12-01 12:50:59+00:00,2025-12-01 12:50:59+00:00,3,2.253281515091833,4.204039101680393,10.416403716009123,buy,0.0,"Buy on Uniswap, Sell on Binance"
60,2025-12-01 12:53:11+00:00,2025-12-01 12:53:11+00:00,1,2.8712820126e-08,6.363093320330396e-07,-31.16115760279672,sell,1.0,"Sell on Uniswap, Buy on Binance"
61,2025-12-01 13:01:47+00:00,2025-12-01 13:01:47+00:00,1,1.3401282361436304,0.7953760065633474,9.593507386167857,buy,0.0,"Buy on Uniswap, Sell on Binance"
62,2025-12-01 13:06:35+00:00,2025-12-01 13:06:35+00:00,2,103.00626059404911,3204.304239389655,54.131897980682425,buy,1.0,"Buy on Uniswap, Sell on Binance"
63,2025-12-01 13:11:11+00:00,2025-12-01 13:11:11+00:00,1,2.47512344e-09,9.853887904852007e-07,-407.11702905823586,sell,1.0,"Sell on Uniswap, Buy on Binance"
64,2025-12-01 14:30:59+00:00,2025-12-01 14:30:59+00:00,1,1.942365901493464,6.349229692823869,-12.268812373581113,sell,1.0,"Sell on Uniswap, Buy on Binance"
65,2025-12-01 14:37:35+00:00,2025-12-01 14:37:35+00:00,1,0.8545207687550507,0.1502331179773095,-9.175809791254323,sell,0.0,"Sell on Uniswap, Buy on Binance"
66,2025-12-01 14:38:35+00:00,2025-12-01 14:38:35+00:00,1,3.1509424574936045,0.0012897656669346783,-9.000409326950376,sell,0.0,"Sell on Uniswap, Buy on Binance"
67,2025-12-01 15:14:59+00:00,2025-12-01 15:14:59+00:00,1,0.0001487888123731,0.0020589401913775752,-22.83800407126455,sell,1.0,"Sell on Uniswap, Buy on Binance"
68,2025-12-01 15:15:11+00:00,2025-12-01 15:15:11+00:00,2,0.0835344520483152,0.8925856659891698,-18.97628529395365,sell,1.0,"Sell on Uniswap, Buy on Binance"
69,2025-12-01 15:15:23+00:00,2025-12-01 15:15:23+00:00,1,6.002359667898243,33.974565813704345,-14.660201602947382,sell,0.0,"Sell on Uniswap, Buy on Binance"
70,2025-12-01 15:15:35+00:00,2025-12-01 15:15:35+00:00,1,1.458635292724621,0.9037430855600002,-9.61958125521005,sell,0.0,"Sell on Uniswap, Buy on Binance"
71,2025-12-01 15:15:59+00:00,2025-12-01 15:15:59+00:00,1,23.78836134211179,20.157402828241537,9.847364076001213,buy,0.0,"Buy on Uniswap, Sell on Binance"
72,2025-12-01 15:24:11+00:00,2025-12-01 15:24:11+00:00,1,1.6139838285,1.1990835354109572,-9.742934045705624,sell,0.0,"Sell on Uniswap, Buy on Binance"
73,2025-12-01 15:24:23+00:00,2025-12-01 15:24:23+00:00,1,0.0003187329301072,0.0007426942776230617,-11.330146048521783,sell,0.0,"Sell on Uniswap, Buy on Binance"
74,2025-12-01 15:24:35+00:00,2025-12-01 15:24:35+00:00,1,0.00358585841,0.010122826932541257,-11.82298567737962,sell,0.0,"Sell on Uniswap, Buy on Binance"
75,2025-12-01 15:32:47+00:00,2025-12-01 15:32:47+00:00,1,1.1922724531003472,2.7541712083632772,-11.310018319387837,sell,0.0,"Sell on Uniswap, Buy on Binance"
76,2025-12-01 15:33:47+00:00,2025-12-01 15:33:47+00:00,1,1.6275435165,16.810945580528873,-19.32902986009276,sell,1.0,"Sell on Uniswap, Buy on Binance"
77,2025-12-01 15:36:47+00:00,2025-12-01 15:36:47+00:00,1,3.5756360977244537,0.32218333795978654,-9.090105181051513,sell,0.0,"Sell on Uniswap, Buy on Binance"
78,2025-12-01 15:38:23+00:00,2025-12-01 15:38:23+00:00,2,2.2689686711146333,2.1912123637242567,-10.028901686345534,sell,0.0,"Sell on Uniswap, Buy on Binance"
79,2025-12-01 15:38:35+00:00,2025-12-01 15:38:35+00:00,2,0.2399203765304982,0.678532121406379,-11.929417609916982,sell,0.0,"Sell on Uniswap, Buy on Binance"
80,2025-12-01 15:39:11+00:00,2025-12-01 15:39:11+00:00,1,0.0275051782595521,0.012878988856080438,-9.468238697984361,sell,0.0,"Sell on Uniswap, Buy on Binance"
81,2025-12-01 15:39:47+00:00,2025-12-01 15:39:47+00:00,1,114.34999988982683,3083.1712081750034,35.96258164534811,buy,1.0,"Buy on Uniswap, Sell on Binance"
82,2025-12-01 15:41:47+00:00,2025-12-01 15:41:47+00:00,1,1.5351770460862282,0.4454612636353421,-9.290169309638259,sell,0.0,"Sell on Uniswap, Buy on Binance"
83,2025-12-01 15:41:59+00:00,2025-12-01 15:41:59+00:00,1,1.6938462296833423,2.1935542922129514,-10.295013829338586,sell,0.0,"Sell on Uniswap, Buy on Binance"
84,2025-12-01 15:47:11+00:00,2025-12-01 15:47:11+00:00,1,4.752054168348001,7.113379076666289,10.496906143041542,buy,0.0,"Buy on Uniswap, Sell on Binance"
85,2025-12-01 15:47:23+00:00,2025-12-01 15:47:23+00:00,2,1.6760305870891115,6.2716475614567555,12.910202430741947,buy,0.0,"Buy on Uniswap, Sell on Binance"
86,2025-12-01 15:47:35+00:00,2025-12-01 15:47:35+00:00,2,4.060526890864134,14.93132142105486,12.116930946103821,buy,0.0,"Buy on Uniswap, Sell on Binance"
87,2025-12-01 15:49:35+00:00,2025-12-01 15:49:35+00:00,2,126.15131566148608,5667.145747258545,66.71122482556234,buy,1.0,"Buy on Uniswap, Sell on Binance"
88,2025-12-01 15:49:59+00:00,2025-12-01 15:49:59+00:00,1,0.2043112355864401,0.11316197009693486,9.553870519025168,buy,0.0,"Buy on Uniswap, Sell on Binance"
89,2025-12-01 17:02:35+00:00,2025-12-01 17:02:35+00:00,1,3.2923646665e-08,6.965131072440865e-07,-30.15540584951441,sell,1.0,"Sell on Uniswap, Buy on Binance"
90,2025-12-01 17:44:11+00:00,2025-12-01 17:44:11+00:00,2,115.39224118728814,4837.241498292501,68.02804881984844,buy,1.0,"Buy on Uniswap, Sell on Binance"
91,2025-12-01 19:19:11+00:00,2025-12-01 19:19:11+00:00,2,76.82195157992304,1265.3372182864605,36.74343563249545,buy,1.0,"Buy on Uniswap, Sell on Binance"
92,2025-12-01 19:24:59+00:00,2025-12-01 19:24:59+00:00,2,83.04445098700414,1762.6473530119245,40.47716883004273,buy,1.0,"Buy on Uniswap, Sell on Binance"
93,2025-12-01 19:27:23+00:00,2025-12-01 19:27:23+00:00,2,94.02016777411234,2671.220277870498,52.878160197936495,buy,1.0,"Buy on Uniswap, Sell on Binance"
94,2025-12-01 20:29:47+00:00,2025-12-01 20:29:47+00:00,2,58.01804336094109,925.6387194364636,32.54758252123929,buy,1.0,"Buy on Uniswap, Sell on Binance"
95,2025-12-01 21:19:59+00:00,2025-12-01 21:19:59+00:00,1,0.3762942056142155,0.6890463663387474,10.831137328341356,buy,0.0,"Buy on Uniswap, Sell on Binance"
96,2025-12-01 21:20:35+00:00,2025-12-01 21:20:35+00:00,1,0.0082699999943206,0.043821364242231584,14.29883485759683,buy,1.0,"Buy on Uniswap, Sell on Binance"
97,2025-12-01 22:00:59+00:00,2025-12-01 22:00:59+00:00,1,0.93537803529,1.3135686797985362,10.404318500371119,buy,0.0,"Buy on Uniswap, Sell on Binance"
98,2025-12-01 22:58:59+00:00,2025-12-01 22:58:59+00:00,1,0.0356331545999999,0.0008965882900099912,-9.025161631072933,sell,1.0,"Sell on Uniswap, Buy on Binance"
99,2025-12-01 23:10:11+00:00,2025-12-01 23:10:11+00:00,1,4.984999991909725,11.611857909062959,11.32935966457535,buy,1.0,"Buy on Uniswap, Sell on Binance"
100,2025-12-02 01:07:11+00:00,2025-12-02 01:07:11+00:00,1,4.075293324980596,4.353234428819273,-10.068201496597794,sell,1.0,"Sell on Uniswap, Buy on Binance"
101,2025-12-02 01:30:11+00:00,2025-12-02 01:30:11+00:00,1,26.663046171891988,50.24249371513986,10.88434934970428,buy,1.0,"Buy on Uniswap, Sell on Binance"
102,2025-12-02 08:18:59+00:00,2025-12-02 08:18:59+00:00,1,6.806418940000001e-09,9.541423937131988e-07,-149.18273076108926,sell,1.0,"Sell on Uniswap, Buy on Binance"
103,2025-12-02 14:06:59+00:00,2025-12-02 14:06:59+00:00,1,1.5998324584380577,3.2242979395477454,11.015397251469494,buy,1.0,"Buy on Uniswap, Sell on Binance"
104,2025-12-02 14:25:59+00:00,2025-12-02 14:25:59+00:00,1,0.0744185545697968,0.20064545251164845,11.696175082565787,buy,1.0,"Buy on Uniswap, Sell on Binance"
105,2025-12-02 14:32:23+00:00,2025-12-02 14:32:23+00:00,1,3.2272451406474194,1.9906119635554522,-9.616814613331826,sell,1.0,"Sell on Uniswap, Buy on Binance"
106,2025-12-02 14:41:47+00:00,2025-12-02 14:41:47+00:00,1,1.1516769795936663,2.759532511707113,11.39609939297452,buy,0.0,"Buy on Uniswap, Sell on Binance"
107,2025-12-02 14:42:11+00:00,2025-12-02 14:42:11+00:00,1,2.3797216964,10.994668061592893,13.620148683026855,buy,1.0,"Buy on Uniswap, Sell on Binance"
108,2025-12-02 14:43:23+00:00,2025-12-02 14:43:23+00:00,1,0.864381570886731,4.801735046682638,14.555110391533162,buy,1.0,"Buy on Uniswap, Sell on Binance"
109,2025-12-02 14:43:59+00:00,2025-12-02 14:43:59+00:00,4,1.7449009090706407,7.541072605297173,13.592329244711323,buy,0.0,"Buy on Uniswap, Sell on Binance"
110,2025-12-02 14:44:11+00:00,2025-12-02 14:44:11+00:00,1,0.3382716042978226,1.3635536477029448,13.030943272739023,buy,0.0,"Buy on Uniswap, Sell on Binance"
111,2025-12-02 14:44:23+00:00,2025-12-02 14:44:23+00:00,1,0.4592592586587367,1.292243463439306,11.813755932135791,buy,0.0,"Buy on Uniswap, Sell on Binance"
112,2025-12-02 14:44:35+00:00,2025-12-02 14:44:35+00:00,6,3.4387327469440985,10.971792777262765,12.28639554229873,buy,0.0,"Buy on Uniswap, Sell on Binance"
113,2025-12-02 14:44:47+00:00,2025-12-02 14:44:47+00:00,4,4.637932021318667,51.69875818410354,20.06076938227625,buy,1.0,"Buy on Uniswap, Sell on Binance"
114,2025-12-02 14:44:59+00:00,2025-12-02 14:44:59+00:00,2,1.599511871784324,13.89175945590452,17.415853932572645,buy,0.0,"Buy on Uniswap, Sell on Binance"
115,2025-12-02 14:45:11+00:00,2025-12-02 14:45:11+00:00,2,2.8384869805142507,9.416867635626653,12.060049601356923,buy,0.0,"Buy on Uniswap, Sell on Binance"
116,2025-12-02 14:46:35+00:00,2025-12-02 14:46:35+00:00,1,5.3878322628,1.7182940223691276,9.318921217023217,buy,0.0,"Buy on Uniswap, Sell on Binance"
117,2025-12-02 14:46:47+00:00,2025-12-02 14:46:47+00:00,1,1.588688774529996,1.6455654556648476,10.0358010216014,buy,0.0,"Buy on Uniswap, Sell on Binance"
118,2025-12-02 14:46:59+00:00,2025-12-02 14:46:59+00:00,2,1.6017691149050737,2.34503518512004,10.544959051449041,buy,0.0,"Buy on Uniswap, Sell on Binance"
119,2025-12-02 14:47:11+00:00,2025-12-02 14:47:11+00:00,1,1.5771319127914194,1.7607459305794229,10.116422739466998,buy,0.0,"Buy on Uniswap, Sell on Binance"
120,2025-12-02 14:54:11+00:00,2025-12-02 14:54:11+00:00,1,34.37704668825,129.03141849383422,-12.753417786698265,sell,0.0,"Sell on Uniswap, Buy on Binance"
121,2025-12-02 14:55:23+00:00,2025-12-02 14:55:23+00:00,1,0.3009728408749999,2.210062637951096,-16.343063352579975,sell,1.0,"Sell on Uniswap, Buy on Binance"
122,2025-12-02 15:06:59+00:00,2025-12-02 15:06:59+00:00,1,1.579602872117915,6.976129636724494,13.416381965279015,buy,0.0,"Buy on Uniswap, Sell on Binance"
123,2025-12-02 15:07:11+00:00,2025-12-02 15:07:11+00:00,1,0.092999995864487,0.27910141552443885,12.001090622962238,buy,0.0,"Buy on Uniswap, Sell on Binance"
124,2025-12-02 15:10:59+00:00,2025-12-02 15:10:59+00:00,1,1.5568861947589463,0.7832360555272195,9.503078553952037,buy,0.0,"Buy on Uniswap, Sell on Binance"
125,2025-12-02 15:11:11+00:00,2025-12-02 15:11:11+00:00,1,1.5657689744205692,5.887988239069694,12.760445081783928,buy,0.0,"Buy on Uniswap, Sell on Binance"
126,2025-12-02 15:11:35+00:00,2025-12-02 15:11:35+00:00,1,0.2753584892510782,0.09699982861006451,9.352267434622718,buy,0.0,"Buy on Uniswap, Sell on Binance"
127,2025-12-02 15:11:47+00:00,2025-12-02 15:11:47+00:00,1,1.5641154858171609,11.96405718308377,16.649088121414024,buy,0.0,"Buy on Uniswap, Sell on Binance"
128,2025-12-02 15:11:59+00:00,2025-12-02 15:11:59+00:00,1,1.5695810616669073,17.12819538112307,19.912590499106045,buy,1.0,"Buy on Uniswap, Sell on Binance"
129,2025-12-02 15:12:11+00:00,2025-12-02 15:12:11+00:00,1,1.574211987688153,16.250265297824583,19.322793515052126,buy,0.0,"Buy on Uniswap, Sell on Binance"
130,2025-12-02 15:12:35+00:00,2025-12-02 15:12:35+00:00,3,1.8811324785833858,6.3336902460768245,10.416338112823723,buy,0.0,"Buy on Uniswap, Sell on Binance"
131,2025-12-02 15:12:47+00:00,2025-12-02 15:12:47+00:00,1,1.455418738784874,5.102898075528903,12.506137401933756,buy,0.0,"Buy on Uniswap, Sell on Binance"
132,2025-12-02 15:12:59+00:00,2025-12-02 15:12:59+00:00,1,0.1099999998242222,0.31024748211993114,11.82043166014273,buy,0.0,"Buy on Uniswap, Sell on Binance"
133,2025-12-02 15:13:11+00:00,2025-12-02 15:13:11+00:00,4,4.262542521422998,7.8167126482145735,10.136028213952727,buy,0.0,"Buy on Uniswap, Sell on Binance"
134,2025-12-02 15:16:11+00:00,2025-12-02 15:16:11+00:00,1,1.728651282457062,4.656394007615676,11.693657219862871,buy,0.0,"Buy on Uniswap, Sell on Binance"
135,2025-12-02 15:16:23+00:00,2025-12-02 15:16:23+00:00,2,3.0833347823083734,5.096067422440665,10.91619033625534,buy,0.0,"Buy on Uniswap, Sell on Binance"
136,2025-12-02 15:16:47+00:00,2025-12-02 15:16:47+00:00,1,1.5530496615328844,5.858263533581445,12.772103158503796,buy,0.0,"Buy on Uniswap, Sell on Binance"
137,2025-12-02 15:21:35+00:00,2025-12-02 15:21:35+00:00,1,1.5454994117456626,2.204419069654202,10.426347401300063,buy,0.0,"Buy on Uniswap, Sell on Binance"
138,2025-12-02 15:22:35+00:00,2025-12-02 15:22:35+00:00,3,1.929280596870229,1.5950395888393485,9.743015192414532,buy,0.0,"Buy on Uniswap, Sell on Binance"
139,2025-12-02 15:22:59+00:00,2025-12-02 15:22:59+00:00,1,0.0132521967453215,0.04007354610465164,12.023917232348595,buy,0.0,"Buy on Uniswap, Sell on Binance"
140,2025-12-02 15:24:11+00:00,2025-12-02 15:24:11+00:00,1,2.014909483e-08,7.779572038308616e-07,-47.61003238083731,sell,1.0,"Sell on Uniswap, Buy on Binance"
141,2025-12-02 15:29:23+00:00,2025-12-02 15:29:23+00:00,2,5.000000985208218,10.749383645004796,11.877828425264397,buy,0.0,"Buy on Uniswap, Sell on Binance"
142,2025-12-02 15:29:35+00:00,2025-12-02 15:29:35+00:00,1,1.573988460678452,6.982428575944487,13.436137081293964,buy,0.0,"Buy on Uniswap, Sell on Binance"
143,2025-12-02 15:29:59+00:00,2025-12-02 15:29:59+00:00,2,4.401467075062662,31.59235580117539,16.384745009598873,buy,0.0,"Buy on Uniswap, Sell on Binance"
144,2025-12-02 15:32:47+00:00,2025-12-02 15:32:47+00:00,2,2.887219201660098,1.3472261191447479,-10.485405435514622,sell,0.0,"Sell on Uniswap, Buy on Binance"
145,2025-12-02 15:32:59+00:00,2025-12-02 15:32:59+00:00,1,0.0111981469450535,0.04669472338422191,-13.16986163990714,sell,0.0,"Sell on Uniswap, Buy on Binance"
146,2025-12-02 15:40:35+00:00,2025-12-02 15:40:35+00:00,1,1.4997198855219236,3.8265222718975256,11.551491321038156,buy,0.0,"Buy on Uniswap, Sell on Binance"
147,2025-12-02 15:40:59+00:00,2025-12-02 15:40:59+00:00,1,0.0046975885458297,0.011915187596381894,11.536447685900384,buy,0.0,"Buy on Uniswap, Sell on Binance"
148,2025-12-02 15:41:47+00:00,2025-12-02 15:41:47+00:00,3,0.7772884411173877,2.35812291018583,12.802131751275889,buy,0.0,"Buy on Uniswap, Sell on Binance"
149,2025-12-02 15:41:59+00:00,2025-12-02 15:41:59+00:00,1,0.0211238581485962,0.1280392850277067,15.061358873318113,buy,0.0,"Buy on Uniswap, Sell on Binance"
150,2025-12-02 15:42:23+00:00,2025-12-02 15:42:23+00:00,1,0.1649993695300328,1.322129520027917,17.01293679966011,buy,0.0,"Buy on Uniswap, Sell on Binance"
151,2025-12-02 15:43:11+00:00,2025-12-02 15:43:11+00:00,2,1.5701615711526475,3.244325953921938,11.544038600872227,buy,0.0,"Buy on Uniswap, Sell on Binance"
152,2025-12-02 15:44:47+00:00,2025-12-02 15:44:47+00:00,1,19.99999998217124,4.28753290415224,9.214376645398715,buy,0.0,"Buy on Uniswap, Sell on Binance"
153,2025-12-02 15:44:59+00:00,2025-12-02 15:44:59+00:00,1,1.0997823234116026,0.4540024621290279,9.412811201329987,buy,0.0,"Buy on Uniswap, Sell on Binance"
154,2025-12-02 15:49:23+00:00,2025-12-02 15:49:23+00:00,1,12.49999997605316,53.145717620132785,13.251657417755723,buy,0.0,"Buy on Uniswap, Sell on Binance"
155,2025-12-02 15:58:11+00:00,2025-12-02 15:58:11+00:00,1,7.964999990748771,1.6384525003726207,9.205706528848168,buy,0.0,"Buy on Uniswap, Sell on Binance"
156,2025-12-02 16:21:11+00:00,2025-12-02 16:21:11+00:00,1,1.8240354380491963,0.44012018897256533,-9.241289275302279,sell,0.0,"Sell on Uniswap, Buy on Binance"
157,2025-12-02 16:21:23+00:00,2025-12-02 16:21:23+00:00,1,1.0167738846537775,2.5612221565753543,-11.518969256815126,sell,0.0,"Sell on Uniswap, Buy on Binance"
158,2025-12-02 16:22:35+00:00,2025-12-02 16:22:35+00:00,1,3.5868267207186904,0.46091719778103907,-9.12850277798998,sell,0.0,"Sell on Uniswap, Buy on Binance"
159,2025-12-02 16:59:47+00:00,2025-12-02 16:59:47+00:00,1,0.5764241054399685,0.11778568973276309,9.204338591362102,buy,0.0,"Buy on Uniswap, Sell on Binance"
160,2025-12-02 16:59:59+00:00,2025-12-02 16:59:59+00:00,2,0.0983359974253027,0.09562152468824993,9.985770525405314,buy,0.0,"Buy on Uniswap, Sell on Binance"
161,2025-12-02 17:00:11+00:00,2025-12-02 17:00:11+00:00,2,0.181353428526905,0.07323902844001794,9.510075860991037,buy,0.0,"Buy on Uniswap, Sell on Binance"
162,2025-12-02 18:11:11+00:00,2025-12-02 18:11:11+00:00,1,0.5747938047251351,0.017014412331137794,-9.029600897210912,sell,1.0,"Sell on Uniswap, Buy on Binance"
163,2025-12-02 18:30:59+00:00,2025-12-02 18:30:59+00:00,1,0.0003251741840074,0.0003231341623219431,9.993726372554192,buy,1.0,"Buy on Uniswap, Sell on Binance"
164,2025-12-02 18:36:23+00:00,2025-12-02 18:36:23+00:00,1,2.1435724740475948,0.1213326936364334,-9.05660302840488,sell,1.0,"Sell on Uniswap, Buy on Binance"
165,2025-12-02 18:38:35+00:00,2025-12-02 18:38:35+00:00,1,7.329048621840001e-07,6.140276031446233e-07,-9.837799876664576,sell,1.0,"Sell on Uniswap, Buy on Binance"
166,2025-12-02 19:56:35+00:00,2025-12-02 19:56:35+00:00,1,7.2958599e-09,9.384383609180002e-07,-137.62614877212764,sell,1.0,"Sell on Uniswap, Buy on Binance"
167,2025-12-02 20:27:59+00:00,2025-12-02 20:27:59+00:00,1,7.5087394875e-07,3.0656215012503443e-07,-9.408273786346399,sell,0.0,"Sell on Uniswap, Buy on Binance"
168,2025-12-02 20:47:11+00:00,2025-12-02 20:47:11+00:00,2,69.11718081415317,1155.0471178155155,32.75554216059572,buy,0.5,"Buy on Uniswap, Sell on Binance"
169,2025-12-03 01:39:11+00:00,2025-12-03 01:39:11+00:00,1,33.574436883947065,88.30517035858085,-11.630131092408647,sell,1.0,"Sell on Uniswap, Buy on Binance"
170,2025-12-03 01:51:47+00:00,2025-12-03 01:51:47+00:00,1,7.942935275e-09,9.490600613655306e-07,-128.4848036031026,sell,1.0,"Sell on Uniswap, Buy on Binance"
171,2025-12-03 02:06:47+00:00,2025-12-03 02:06:47+00:00,1,9.969999980478228,45.923381578003664,13.606156636702508,buy,0.0,"Buy on Uniswap, Sell on Binance"
172,2025-12-03 02:10:11+00:00,2025-12-03 02:10:11+00:00,1,0.0059999997208871,0.00442449015505577,9.737415060146304,buy,0.0,"Buy on Uniswap, Sell on Binance"
173,2025-12-03 02:10:47+00:00,2025-12-03 02:10:47+00:00,1,0.1071333198861384,0.3965963747217517,12.701895686078387,buy,0.0,"Buy on Uniswap, Sell on Binance"
174,2025-12-03 02:12:11+00:00,2025-12-03 02:12:11+00:00,1,0.0071134578524406,0.005129436825490254,9.721089086614938,buy,0.0,"Buy on Uniswap, Sell on Binance"
175,2025-12-03 02:12:47+00:00,2025-12-03 02:12:47+00:00,2,1.5098312604018072,0.26216331323208064,9.2571306126531,buy,0.0,"Buy on Uniswap, Sell on Binance"
176,2025-12-03 02:12:59+00:00,2025-12-03 02:12:59+00:00,1,0.0048704518091198,0.005243744892597032,10.076644446574392,buy,0.0,"Buy on Uniswap, Sell on Binance"
177,2025-12-03 02:13:11+00:00,2025-12-03 02:13:11+00:00,1,0.03305993482775,0.020758718326590167,9.627911653024967,buy,0.0,"Buy on Uniswap, Sell on Binance"
178,2025-12-03 02:48:59+00:00,2025-12-03 02:48:59+00:00,1,7.261909991e-09,9.316364901502813e-07,-137.29083413384342,sell,1.0,"Sell on Uniswap, Buy on Binance"
179,2025-12-03 04:28:11+00:00,2025-12-03 04:28:11+00:00,1,1.423142867539214,0.7934950411324959,-9.557565272771626,sell,1.0,"Sell on Uniswap, Buy on Binance"
180,2025-12-03 04:28:35+00:00,2025-12-03 04:28:35+00:00,1,3.0013923976657653,0.7653182570787799,-9.254987737582724,sell,1.0,"Sell on Uniswap, Buy on Binance"
181,2025-12-03 05:18:47+00:00,2025-12-03 05:18:47+00:00,1,7.207473682999999e-09,9.252919587075444e-07,-137.37951262867546,sell,1.0,"Sell on Uniswap, Buy on Binance"
182,2025-12-03 05:59:11+00:00,2025-12-03 05:59:11+00:00,1,8.899999996138238,0.643031310423539,9.072250709067703,buy,0.0,"Buy on Uniswap, Sell on Binance"
183,2025-12-03 05:59:47+00:00,2025-12-03 05:59:47+00:00,1,0.0009999998109091,0.0007467552120964268,9.746755353301069,buy,0.0,"Buy on Uniswap, Sell on Binance"
184,2025-12-03 06:01:11+00:00,2025-12-03 06:01:11+00:00,1,0.0112210999880689,0.008660578832883674,9.771811929498199,buy,0.0,"Buy on Uniswap, Sell on Binance"
185,2025-12-03 06:01:35+00:00,2025-12-03 06:01:35+00:00,1,2.220121258459679,3.972203390224084,10.789183079567465,buy,0.0,"Buy on Uniswap, Sell on Binance"
186,2025-12-03 06:01:47+00:00,2025-12-03 06:01:47+00:00,1,1.2235534642334709,4.324303897384424,12.534217362617255,buy,0.0,"Buy on Uniswap, Sell on Binance"
187,2025-12-03 06:43:47+00:00,2025-12-03 06:43:47+00:00,1,0.6181812393,0.20747598737081077,-9.335623235033381,sell,1.0,"Sell on Uniswap, Buy on Binance"
188,2025-12-03 08:30:23+00:00,2025-12-03 08:30:23+00:00,1,4.589742585e-09,9.6764230260195e-07,-219.82714001529348,sell,1.0,"Sell on Uniswap, Buy on Binance"
189,2025-12-03 08:54:35+00:00,2025-12-03 08:54:35+00:00,1,7.213439469e-09,9.44649139711616e-07,-139.95682631999307,sell,1.0,"Sell on Uniswap, Buy on Binance"
190,2025-12-03 09:04:47+00:00,2025-12-03 09:04:47+00:00,1,9.75864452866093,40.27565605237569,-13.127177287182349,sell,0.0,"Sell on Uniswap, Buy on Binance"
191,2025-12-03 09:27:47+00:00,2025-12-03 09:27:47+00:00,1,9.7100673331806,37.77293506559771,-12.890079622467965,sell,0.0,"Sell on Uniswap, Buy on Binance"
192,2025-12-03 09:47:35+00:00,2025-12-03 09:47:35+00:00,1,7.207199201e-09,9.213818836659184e-07,-136.84187837323498,sell,1.0,"Sell on Uniswap, Buy on Binance"
193,2025-12-03 10:28:35+00:00,2025-12-03 10:28:35+00:00,1,8.792115836000001e-09,9.275455128005331e-07,-114.49741724314254,sell,1.0,"Sell on Uniswap, Buy on Binance"
194,2025-12-03 11:14:59+00:00,2025-12-03 11:14:59+00:00,1,0.0980345498999999,0.06231423545102024,-9.635635452139923,sell,0.0,"Sell on Uniswap, Buy on Binance"
195,2025-12-03 11:15:59+00:00,2025-12-03 11:15:59+00:00,2,2.089800177758194,2.052124466458162,10.163004493785593,buy,0.0,"Buy on Uniswap, Sell on Binance"
196,2025-12-03 12:04:35+00:00,2025-12-03 12:04:35+00:00,1,0.8097203785941931,0.1135498121461763,-9.140233363452353,sell,0.0,"Sell on Uniswap, Buy on Binance"
197,2025-12-03 12:04:47+00:00,2025-12-03 12:04:47+00:00,1,0.2703076712032509,0.23689972337255982,-9.876407696156093,sell,1.0,"Sell on Uniswap, Buy on Binance"
198,2025-12-03 13:15:47+00:00,2025-12-03 13:15:47+00:00,1,7.126706423e-09,8.939940075666803e-07,-134.44279987197115,sell,1.0,"Sell on Uniswap, Buy on Binance"
199,2025-12-03 13:59:35+00:00,2025-12-03 13:59:35+00:00,1,0.2804388561910273,0.08445877875747815,-9.3011664642504,sell,0.0,"Sell on Uniswap, Buy on Binance"
200,2025-12-03 14:00:11+00:00,2025-12-03 14:00:11+00:00,1,0.7175585221250917,4.681599238163222,-15.524344835733245,sell,0.0,"Sell on Uniswap, Buy on Binance"
201,2025-12-03 14:00:47+00:00,2025-12-03 14:00:47+00:00,1,0.7259939102413477,9.201110709812585,-21.67381252103587,sell,0.0,"Sell on Uniswap, Buy on Binance"
202,2025-12-03 14:01:47+00:00,2025-12-03 14:01:47+00:00,2,0.5178158027922665,4.379426357683923,-16.32309819633406,sell,0.0,"Sell on Uniswap, Buy on Binance"
203,2025-12-03 14:01:59+00:00,2025-12-03 14:01:59+00:00,7,10.083427731432186,105.38534954772541,-20.221020366602584,sell,0.0,"Sell on Uniswap, Buy on Binance"
204,2025-12-03 14:02:11+00:00,2025-12-03 14:02:11+00:00,3,0.9979333157987862,1.113945145468242,-10.906614258712125,sell,0.0,"Sell on Uniswap, Buy on Binance"
205,2025-12-03 14:02:23+00:00,2025-12-03 14:02:23+00:00,4,0.7657023684329133,3.6643834543754563,-12.619257368582112,sell,0.0,"Sell on Uniswap, Buy on Binance"
206,2025-12-03 14:02:59+00:00,2025-12-03 14:02:59+00:00,3,0.3308933086841625,0.5077962268041785,-10.527121867857204,sell,0.0,"Sell on Uniswap, Buy on Binance"
207,2025-12-03 14:03:11+00:00,2025-12-03 14:03:11+00:00,1,21.32360740625056,225.24555973925948,-19.56320140621392,sell,0.0,"Sell on Uniswap, Buy on Binance"
208,2025-12-03 14:03:23+00:00,2025-12-03 14:03:23+00:00,1,10.506868938885606,111.49956314802779,-19.612063764816867,sell,0.0,"Sell on Uniswap, Buy on Binance"
209,2025-12-03 14:03:35+00:00,2025-12-03 14:03:35+00:00,2,0.0068922631716898,0.056943714741610835,-17.23104134372602,sell,0.0,"Sell on Uniswap, Buy on Binance"
210,2025-12-03 14:03:59+00:00,2025-12-03 14:03:59+00:00,1,0.0201424159231961,0.07087002587894488,-12.518447149000167,sell,0.0,"Sell on Uniswap, Buy on Binance"
211,2025-12-03 14:05:47+00:00,2025-12-03 14:05:47+00:00,1,0.5107560846277855,1.9906450405589382,12.897447530183854,buy,0.0,"Buy on Uniswap, Sell on Binance"
212,2025-12-03 14:09:11+00:00,2025-12-03 14:09:11+00:00,3,4.214348509853019,9.418894045290708,11.605797714502993,buy,0.0,"Buy on Uniswap, Sell on Binance"
213,2025-12-03 14:09:23+00:00,2025-12-03 14:09:23+00:00,1,0.327722586424121,1.5571030726225472,13.751283973474528,buy,0.0,"Buy on Uniswap, Sell on Binance"
214,2025-12-03 14:09:59+00:00,2025-12-03 14:09:59+00:00,2,3.719997065183063,8.48487069651195,10.991248079207708,buy,0.0,"Buy on Uniswap, Sell on Binance"
215,2025-12-03 14:10:11+00:00,2025-12-03 14:10:11+00:00,1,1.297195945281314,0.04087105673151478,9.03150723441604,buy,0.0,"Buy on Uniswap, Sell on Binance"
216,2025-12-03 14:10:23+00:00,2025-12-03 14:10:23+00:00,2,1.9236361179498058,1.5123470261892886,9.5148160024753,buy,0.0,"Buy on Uniswap, Sell on Binance"
217,2025-12-03 14:12:47+00:00,2025-12-03 14:12:47+00:00,1,0.8169900607522969,0.04248125893084088,-9.051997277533246,sell,0.0,"Sell on Uniswap, Buy on Binance"
218,2025-12-03 14:14:23+00:00,2025-12-03 14:14:23+00:00,2,20.415646673348483,86.84475564519616,13.866617315205758,buy,0.0,"Buy on Uniswap, Sell on Binance"
219,2025-12-03 14:15:11+00:00,2025-12-03 14:15:11+00:00,1,0.0982848579541836,0.06572101839681982,9.668678978276148,buy,0.0,"Buy on Uniswap, Sell on Binance"
220,2025-12-03 14:39:59+00:00,2025-12-03 14:39:59+00:00,1,1.477177584889812,1.1710406885922178,9.792755522809784,buy,0.0,"Buy on Uniswap, Sell on Binance"
221,2025-12-03 14:40:35+00:00,2025-12-03 14:40:35+00:00,1,0.2592947476804473,1.4698132043336696,14.668503575494924,buy,0.0,"Buy on Uniswap, Sell on Binance"
222,2025-12-03 14:41:35+00:00,2025-12-03 14:41:35+00:00,1,4.313394307979037,3.6253446220866956,9.840485326226826,buy,0.0,"Buy on Uniswap, Sell on Binance"
223,2025-12-03 14:41:47+00:00,2025-12-03 14:41:47+00:00,1,8.74543056835326,128.13987205466205,23.65220849369689,buy,1.0,"Buy on Uniswap, Sell on Binance"
224,2025-12-03 14:41:59+00:00,2025-12-03 14:41:59+00:00,4,1.111556616681184,26.565273824847292,32.98221366991754,buy,1.0,"Buy on Uniswap, Sell on Binance"
225,2025-12-03 14:42:11+00:00,2025-12-03 14:42:11+00:00,6,6.642625992013887,131.54842815460836,25.545443170181745,buy,0.16666666666666666,"Buy on Uniswap, Sell on Binance"
226,2025-12-03 14:42:23+00:00,2025-12-03 14:42:23+00:00,11,9.897647744455831,74.14688079210362,19.35195067243723,buy,0.0,"Buy on Uniswap, Sell on Binance"
227,2025-12-03 14:42:47+00:00,2025-12-03 14:42:47+00:00,3,7.15726055348862,55.712121044028734,17.80714276380225,buy,0.0,"Buy on Uniswap, Sell on Binance"
228,2025-12-03 14:43:11+00:00,2025-12-03 14:43:11+00:00,1,17.00451373746692,71.86953988650026,13.226497799119443,buy,0.0,"Buy on Uniswap, Sell on Binance"
229,2025-12-03 14:44:35+00:00,2025-12-03 14:44:35+00:00,1,6.292800914531912,16.673777531268627,-11.649659151422384,sell,0.0,"Sell on Uniswap, Buy on Binance"
230,2025-12-03 14:44:59+00:00,2025-12-03 14:44:59+00:00,2,16.05367580074085,99.01827783058593,-13.933420577518064,sell,0.0,"Sell on Uniswap, Buy on Binance"
231,2025-12-03 14:45:11+00:00,2025-12-03 14:45:11+00:00,2,2.382741042247825,2.8938250078755727,-10.353350904137415,sell,0.0,"Sell on Uniswap, Buy on Binance"
232,2025-12-03 14:45:23+00:00,2025-12-03 14:45:23+00:00,2,3.796606558418682,5.33272339125529,-10.408385220799346,sell,0.0,"Sell on Uniswap, Buy on Binance"
233,2025-12-03 14:45:35+00:00,2025-12-03 14:45:35+00:00,4,8.30615974753239,29.455720015446374,-12.296103888724815,sell,0.0,"Sell on Uniswap, Buy on Binance"
234,2025-12-03 14:45:47+00:00,2025-12-03 14:45:47+00:00,2,0.0010533252298765999,0.001997929761221609,-10.89247404747789,sell,0.0,"Sell on Uniswap, Buy on Binance"
235,2025-12-03 14:46:11+00:00,2025-12-03 14:46:11+00:00,1,0.8334576142358254,0.9907922120528894,-10.188773364271583,sell,0.0,"Sell on Uniswap, Buy on Binance"
236,2025-12-03 14:58:47+00:00,2025-12-03 14:58:47+00:00,1,5.7182858928424745,20.242730153026788,-12.539999666397307,sell,0.0,"Sell on Uniswap, Buy on Binance"
237,2025-12-03 14:58:59+00:00,2025-12-03 14:58:59+00:00,1,0.0012975662244695,0.0045974874125770705,-12.54316205668556,sell,0.0,"Sell on Uniswap, Buy on Binance"
238,2025-12-03 14:59:59+00:00,2025-12-03 14:59:59+00:00,1,0.4441528158335864,0.24591738996231707,9.553677430820244,buy,0.0,"Buy on Uniswap, Sell on Binance"
239,2025-12-03 15:01:59+00:00,2025-12-03 15:01:59+00:00,1,2.9328396020609877,0.15387906928367068,9.052467604834419,buy,0.0,"Buy on Uniswap, Sell on Binance"
240,2025-12-03 15:03:35+00:00,2025-12-03 15:03:35+00:00,1,0.2093035067389752,0.10065213233100727,9.480890807321884,buy,0.0,"Buy on Uniswap, Sell on Binance"
241,2025-12-03 15:11:47+00:00,2025-12-03 15:11:47+00:00,1,7.234498400641296,3.5608037463959143,-9.492197737728475,sell,0.0,"Sell on Uniswap, Buy on Binance"
242,2025-12-03 15:12:23+00:00,2025-12-03 15:12:23+00:00,1,0.6588675113152334,3.0251331917782913,-13.591413508520873,sell,0.0,"Sell on Uniswap, Buy on Binance"
243,2025-12-03 15:13:47+00:00,2025-12-03 15:13:47+00:00,2,2.9224680971297836,4.742542279240736,-10.168714485572991,sell,0.0,"Sell on Uniswap, Buy on Binance"
244,2025-12-03 15:13:59+00:00,2025-12-03 15:13:59+00:00,1,0.0725861631780613,0.07580124675236852,-10.044293339577962,sell,0.0,"Sell on Uniswap, Buy on Binance"
245,2025-12-03 15:19:23+00:00,2025-12-03 15:19:23+00:00,1,2.928827088,5.997668955456422,-11.047805751329633,sell,0.0,"Sell on Uniswap, Buy on Binance"
246,2025-12-03 15:20:35+00:00,2025-12-03 15:20:35+00:00,1,0.0501546719684375,0.14329451243030553,-11.857052131065302,sell,0.0,"Sell on Uniswap, Buy on Binance"
247,2025-12-03 15:20:59+00:00,2025-12-03 15:20:59+00:00,1,2.929684608,11.786216348159458,-13.02303248478529,sell,0.0,"Sell on Uniswap, Buy on Binance"
248,2025-12-03 15:22:35+00:00,2025-12-03 15:22:35+00:00,1,1.0291601625764455,0.8315762272671586,9.808014396112412,buy,0.0,"Buy on Uniswap, Sell on Binance"
249,2025-12-03 15:51:59+00:00,2025-12-03 15:51:59+00:00,1,7.456324944e-09,9.164855486164797e-07,-131.91384234185807,sell,1.0,"Sell on Uniswap, Buy on Binance"
250,2025-12-03 16:25:47+00:00,2025-12-03 16:25:47+00:00,2,109.61294990571754,3374.833410159024,53.574834979530124,buy,1.0,"Buy on Uniswap, Sell on Binance"
251,2025-12-03 16:48:11+00:00,2025-12-03 16:48:11+00:00,1,14.57867046392562,24.825951535338866,-10.702895445559989,sell,0.0,"Sell on Uniswap, Buy on Binance"
252,2025-12-03 17:17:59+00:00,2025-12-03 17:17:59+00:00,1,0.093351445526466,0.062355443883574835,-9.66796441696124,sell,0.0,"Sell on Uniswap, Buy on Binance"
253,2025-12-03 17:47:47+00:00,2025-12-03 17:47:47+00:00,1,0.0999999998465215,0.10394885425374455,10.039488544132837,buy,0.0,"Buy on Uniswap, Sell on Binance"
254,2025-12-03 17:47:59+00:00,2025-12-03 17:47:59+00:00,1,0.0052137912531231,0.013581221416245742,11.604864820414605,buy,1.0,"Buy on Uniswap, Sell on Binance"
255,2025-12-03 18:49:59+00:00,2025-12-03 18:49:59+00:00,1,0.0295286106729949,0.01708161982689288,-9.57847692246878,sell,1.0,"Sell on Uniswap, Buy on Binance"
256,2025-12-03 19:17:47+00:00,2025-12-03 19:17:47+00:00,1,0.3969884242157386,0.07980258226405273,9.201019922486921,buy,0.0,"Buy on Uniswap, Sell on Binance"
257,2025-12-03 20:00:47+00:00,2025-12-03 20:00:47+00:00,1,6.353043709474648,12.83081126808381,-11.019632140882095,sell,1.0,"Sell on Uniswap, Buy on Binance"
258,2025-12-03 20:02:23+00:00,2025-12-03 20:02:23+00:00,1,1.192186232575e-05,5.434914470381977e-05,-13.55877976265765,sell,1.0,"Sell on Uniswap, Buy on Binance"
259,2025-12-03 20:49:23+00:00,2025-12-03 20:49:23+00:00,1,0.870187042708705,1.1866351958992358,10.363655326566914,buy,1.0,"Buy on Uniswap, Sell on Binance"
260,2025-12-03 20:50:35+00:00,2025-12-03 20:50:35+00:00,1,0.6013009231932177,3.9229545897189912,15.52411203509564,buy,1.0,"Buy on Uniswap, Sell on Binance"
261,2025-12-03 20:51:59+00:00,2025-12-03 20:51:59+00:00,1,0.7318787849087509,6.697208510094278,18.150707259439514,buy,1.0,"Buy on Uniswap, Sell on Binance"
262,2025-12-03 20:52:23+00:00,2025-12-03 20:52:23+00:00,1,0.5725512525707852,4.560132744899517,16.964584348430435,buy,1.0,"Buy on Uniswap, Sell on Binance"
263,2025-12-03 20:53:35+00:00,2025-12-03 20:53:35+00:00,1,4.897493421198142,3.259299213018214,-9.665503540833924,sell,0.0,"Sell on Uniswap, Buy on Binance"
264,2025-12-03 20:53:47+00:00,2025-12-03 20:53:47+00:00,1,0.0059142664259934,0.011346199958972857,-10.91844586322759,sell,0.0,"Sell on Uniswap, Buy on Binance"
265,2025-12-03 21:56:11+00:00,2025-12-03 21:56:11+00:00,1,0.3624781842332938,0.6012232668189699,10.65864676267529,buy,1.0,"Buy on Uniswap, Sell on Binance"
266,2025-12-03 22:00:35+00:00,2025-12-03 22:00:35+00:00,1,0.0014760215978339,0.001065575649718328,9.721924158347065,buy,0.0,"Buy on Uniswap, Sell on Binance"
267,2025-12-03 22:00:59+00:00,2025-12-03 22:00:59+00:00,3,6.603999984490676,23.804484896705915,12.934771123720415,buy,1.0,"Buy on Uniswap, Sell on Binance"
268,2025-12-03 22:01:11+00:00,2025-12-03 22:01:11+00:00,1,0.8755266378688559,3.4627595064766985,12.955058997297328,buy,1.0,"Buy on Uniswap, Sell on Binance"
269,2025-12-03 22:01:35+00:00,2025-12-03 22:01:35+00:00,2,1.2647492821742121,3.455765459399516,12.031289513992306,buy,0.0,"Buy on Uniswap, Sell on Binance"
270,2025-12-03 22:02:35+00:00,2025-12-03 22:02:35+00:00,1,1.1024200135927114,0.7036072569321922,-9.638238827540135,sell,1.0,"Sell on Uniswap, Buy on Binance"
271,2025-12-03 22:02:59+00:00,2025-12-03 22:02:59+00:00,1,0.0024935003405887,0.03419511331049591,-22.713699073497082,sell,1.0,"Sell on Uniswap, Buy on Binance"
272,2025-12-03 22:03:47+00:00,2025-12-03 22:03:47+00:00,1,0.9095377485489664,0.3072072385096682,-9.337761944459999,sell,0.0,"Sell on Uniswap, Buy on Binance"
273,2025-12-03 22:14:59+00:00,2025-12-03 22:14:59+00:00,1,4.2604967997989736,3.6827590137384387,9.864396615416354,buy,0.0,"Buy on Uniswap, Sell on Binance"
274,2025-12-03 22:33:11+00:00,2025-12-03 22:33:11+00:00,2,1.70007687995281,1.043949798312253,9.518717575568871,buy,0.0,"Buy on Uniswap, Sell on Binance"
275,2025-12-03 22:34:35+00:00,2025-12-03 22:34:35+00:00,1,0.1802177288995525,0.44641468921176247,11.4770853119594,buy,0.0,"Buy on Uniswap, Sell on Binance"
276,2025-12-03 22:41:47+00:00,2025-12-03 22:41:47+00:00,1,0.9451153156158508,0.35409000328952756,9.374652698394584,buy,0.0,"Buy on Uniswap, Sell on Binance"
277,2025-12-03 22:41:59+00:00,2025-12-03 22:41:59+00:00,2,7.33681778081313,17.290282364509277,11.184004318226016,buy,0.0,"Buy on Uniswap, Sell on Binance"
278,2025-12-03 22:44:59+00:00,2025-12-03 22:44:59+00:00,1,0.0319854594908662,0.07088214983085285,11.21607414616301,buy,0.0,"Buy on Uniswap, Sell on Binance"
279,2025-12-03 22:45:11+00:00,2025-12-03 22:45:11+00:00,1,0.0012284125826091,0.0030199120259875173,11.458385780755634,buy,0.0,"Buy on Uniswap, Sell on Binance"
280,2025-12-03 22:45:35+00:00,2025-12-03 22:45:35+00:00,1,0.4552386862096795,0.2388340935000562,9.52463487997602,buy,0.0,"Buy on Uniswap, Sell on Binance"
281,2025-12-03 23:00:23+00:00,2025-12-03 23:00:23+00:00,2,0.0204098439955078,0.03519562159064903,11.413172593264335,buy,0.0,"Buy on Uniswap, Sell on Binance"
282,2025-12-03 23:00:47+00:00,2025-12-03 23:00:47+00:00,2,1.4863393060521521,12.780709588941262,19.60561978027158,buy,1.0,"Buy on Uniswap, Sell on Binance"
283,2025-12-03 23:00:59+00:00,2025-12-03 23:00:59+00:00,3,0.05299006216136919,0.7373449539183959,22.839500517833738,buy,1.0,"Buy on Uniswap, Sell on Binance"
284,2025-12-03 23:01:59+00:00,2025-12-03 23:01:59+00:00,1,9.192573004472138,23.04182915114612,-11.506570156139787,sell,0.0,"Sell on Uniswap, Buy on Binance"
285,2025-12-03 23:03:47+00:00,2025-12-03 23:03:47+00:00,1,0.6565349787932224,0.3446868476690233,-9.525009114217482,sell,0.0,"Sell on Uniswap, Buy on Binance"
286,2025-12-04 00:12:11+00:00,2025-12-04 00:12:11+00:00,1,0.5227801768490479,0.9486021816554197,-10.814533571974607,sell,1.0,"Sell on Uniswap, Buy on Binance"
287,2025-12-04 00:25:23+00:00,2025-12-04 00:25:23+00:00,1,0.0550175821258861,0.026056114271941457,-9.473596135364915,sell,0.0,"Sell on Uniswap, Buy on Binance"
288,2025-12-04 00:27:59+00:00,2025-12-04 00:27:59+00:00,1,2.7329746224000006e-08,7.328407372211177e-07,-35.8147655384214,sell,1.0,"Sell on Uniswap, Buy on Binance"
289,2025-12-04 01:11:35+00:00,2025-12-04 01:11:35+00:00,1,2.751474497021029,8.765805747091452,12.185857530782869,buy,0.0,"Buy on Uniswap, Sell on Binance"
290,2025-12-04 01:13:47+00:00,2025-12-04 01:13:47+00:00,4,0.3128446143731238,0.16559648485572406,9.952456901746018,buy,0.0,"Buy on Uniswap, Sell on Binance"
291,2025-12-04 01:13:59+00:00,2025-12-04 01:13:59+00:00,5,0.278872362193399,0.1110848335249805,9.421610154300197,buy,0.0,"Buy on Uniswap, Sell on Binance"
292,2025-12-04 01:15:35+00:00,2025-12-04 01:15:35+00:00,3,2.4312132430513635,15.077597696822913,-14.468519613291846,sell,0.3333333333333333,"Sell on Uniswap, Buy on Binance"
293,2025-12-04 01:15:59+00:00,2025-12-04 01:15:59+00:00,1,0.61780248,6.24019259360006,-19.100627296931634,sell,1.0,"Sell on Uniswap, Buy on Binance"
294,2025-12-04 01:16:11+00:00,2025-12-04 01:16:11+00:00,4,5.9161651567343e-05,0.00021969638617421033,-12.71267317751574,sell,0.0,"Sell on Uniswap, Buy on Binance"
295,2025-12-04 01:16:23+00:00,2025-12-04 01:16:23+00:00,1,0.0075324786362138,0.0171117315314771,-11.271726526937528,sell,0.0,"Sell on Uniswap, Buy on Binance"
296,2025-12-04 01:17:35+00:00,2025-12-04 01:17:35+00:00,1,0.0379815605351864,0.02230508796533439,-9.58726096692817,sell,0.0,"Sell on Uniswap, Buy on Binance"
297,2025-12-04 01:17:47+00:00,2025-12-04 01:17:47+00:00,1,0.00310469711,0.0057192083527604475,-10.842114753912483,sell,0.0,"Sell on Uniswap, Buy on Binance"
298,2025-12-04 01:17:59+00:00,2025-12-04 01:17:59+00:00,3,0.5323288785773724,1.922144168023272,-12.577965196858713,sell,0.0,"Sell on Uniswap, Buy on Binance"
299,2025-12-04 01:52:47+00:00,2025-12-04 01:52:47+00:00,2,35.593170289922384,246.02703127214085,18.823665274983796,buy,0.5,"Buy on Uniswap, Sell on Binance"
300,2025-12-04 02:23:47+00:00,2025-12-04 02:23:47+00:00,2,37.909585495159035,259.3572733993131,16.4667786979212,buy,1.0,"Buy on Uniswap, Sell on Binance"
301,2025-12-04 04:53:11+00:00,2025-12-04 04:53:11+00:00,1,1.623359997676415,1.9484168006145786,10.200237041323817,buy,1.0,"Buy on Uniswap, Sell on Binance"
302,2025-12-04 06:12:47+00:00,2025-12-04 06:12:47+00:00,1,30.378701682452785,122.9686116539546,13.0478560584761,buy,1.0,"Buy on Uniswap, Sell on Binance"
303,2025-12-04 09:04:35+00:00,2025-12-04 09:04:35+00:00,1,1.6665905634179037,1.6187979065997051,9.971323096465767,buy,1.0,"Buy on Uniswap, Sell on Binance"
304,2025-12-04 09:05:59+00:00,2025-12-04 09:05:59+00:00,1,0.0069523999977472,0.011908968822103138,10.712929179270759,buy,1.0,"Buy on Uniswap, Sell on Binance"
305,2025-12-04 13:02:59+00:00,2025-12-04 13:02:59+00:00,1,0.0126766082526652,0.015687593039911706,-10.237522902596083,sell,1.0,"Sell on Uniswap, Buy on Binance"
306,2025-12-04 13:24:59+00:00,2025-12-04 13:24:59+00:00,1,0.0300049903128349,0.005998334837348028,9.199911240590609,buy,0.0,"Buy on Uniswap, Sell on Binance"
307,2025-12-04 13:34:23+00:00,2025-12-04 13:34:23+00:00,1,3.9102804890149927,4.13100059380342,-10.05644610544141,sell,1.0,"Sell on Uniswap, Buy on Binance"
308,2025-12-04 13:34:59+00:00,2025-12-04 13:34:59+00:00,1,1.6708859355096e-05,1.8313332754897305e-05,-10.096025310028836,sell,0.0,"Sell on Uniswap, Buy on Binance"
309,2025-12-04 14:07:23+00:00,2025-12-04 14:07:23+00:00,2,24.114116273053185,73.73593864974343,14.098807206851461,buy,0.5,"Buy on Uniswap, Sell on Binance"
310,2025-12-04 14:31:59+00:00,2025-12-04 14:31:59+00:00,1,3.525606683271204,10.873005071834768,12.084009660926313,buy,1.0,"Buy on Uniswap, Sell on Binance"
311,2025-12-04 14:39:59+00:00,2025-12-04 14:39:59+00:00,1,0.0094420752488225,0.004385536472908381,9.464467435107053,buy,0.0,"Buy on Uniswap, Sell on Binance"
312,2025-12-04 14:50:47+00:00,2025-12-04 14:50:47+00:00,2,1.0783238744152106,3.6790909990083014,-11.994862670386055,sell,0.5,"Sell on Uniswap, Buy on Binance"
313,2025-12-04 14:50:59+00:00,2025-12-04 14:50:59+00:00,1,0.6705948927701436,6.001988234364105,-17.95024447557398,sell,1.0,"Sell on Uniswap, Buy on Binance"
314,2025-12-04 14:53:11+00:00,2025-12-04 14:53:11+00:00,1,2.2574874682974726,1.881256162532739,-9.833340689129727,sell,0.0,"Sell on Uniswap, Buy on Binance"
315,2025-12-04 14:56:11+00:00,2025-12-04 14:56:11+00:00,1,3.2522760001006725,2.5157958110344607,-9.773549296233341,sell,0.0,"Sell on Uniswap, Buy on Binance"
316,2025-12-04 14:56:23+00:00,2025-12-04 14:56:23+00:00,1,3.2875119839006297,10.3953519303381,-12.162072710683788,sell,0.0,"Sell on Uniswap, Buy on Binance"
317,2025-12-04 14:56:35+00:00,2025-12-04 14:56:35+00:00,1,1.7475768572871673,6.816236012780328,-12.900392697670213,sell,0.0,"Sell on Uniswap, Buy on Binance"
318,2025-12-04 15:02:35+00:00,2025-12-04 15:02:35+00:00,1,6.014999986270524,43.56482679247377,-16.242697737641265,sell,1.0,"Sell on Uniswap, Buy on Binance"
319,2025-12-04 15:04:11+00:00,2025-12-04 15:04:11+00:00,1,0.0951599998886491,0.07546254908853349,9.793007032123114,buy,0.0,"Buy on Uniswap, Sell on Binance"
320,2025-12-04 15:04:35+00:00,2025-12-04 15:04:35+00:00,1,0.000581200385475,0.00164093620126355,11.823357042205771,buy,0.0,"Buy on Uniswap, Sell on Binance"
321,2025-12-04 15:39:47+00:00,2025-12-04 15:39:47+00:00,3,5.966676112726536,21.315719612949113,-12.647778700690347,sell,0.0,"Sell on Uniswap, Buy on Binance"
322,2025-12-04 16:06:23+00:00,2025-12-04 16:06:23+00:00,2,1.9834408407852782,3.406029806736753,10.561999156518596,buy,0.0,"Buy on Uniswap, Sell on Binance"
323,2025-12-04 16:06:59+00:00,2025-12-04 16:06:59+00:00,1,0.0484358095665687,0.005769825999989889,9.119123145697813,buy,0.0,"Buy on Uniswap, Sell on Binance"
324,2025-12-04 16:18:59+00:00,2025-12-04 16:18:59+00:00,1,1.3199999994710343,0.5416143048457523,9.410313867471814,buy,0.0,"Buy on Uniswap, Sell on Binance"
325,2025-12-04 16:38:23+00:00,2025-12-04 16:38:23+00:00,1,0.0249799274766365,0.006936269695740941,-9.277673732328822,sell,0.0,"Sell on Uniswap, Buy on Binance"
326,2025-12-04 16:49:47+00:00,2025-12-04 16:49:47+00:00,1,0.0004583141978349,0.001513896474194499,-12.303184761341072,sell,1.0,"Sell on Uniswap, Buy on Binance"
327,2025-12-04 17:38:11+00:00,2025-12-04 17:38:11+00:00,1,0.0856650568967376,0.19676904049411664,-11.296958031923168,sell,1.0,"Sell on Uniswap, Buy on Binance"
328,2025-12-04 17:38:35+00:00,2025-12-04 17:38:35+00:00,1,0.0300583464559958,0.04036699713717081,-10.342954683028438,sell,0.0,"Sell on Uniswap, Buy on Binance"
329,2025-12-04 17:50:59+00:00,2025-12-04 17:50:59+00:00,1,0.7500649083611808,1.4013182822816803,10.868262688549748,buy,1.0,"Buy on Uniswap, Sell on Binance"
330,2025-12-04 19:03:11+00:00,2025-12-04 19:03:11+00:00,1,0.0373454352241733,0.025935629437408878,-9.694479239075008,sell,0.0,"Sell on Uniswap, Buy on Binance"
331,2025-12-04 19:11:47+00:00,2025-12-04 19:11:47+00:00,2,0.0320208147218699,0.12750467567958956,-12.402630239210339,sell,0.5,"Sell on Uniswap, Buy on Binance"
332,2025-12-04 19:11:59+00:00,2025-12-04 19:11:59+00:00,1,0.7021704555454804,3.938385338945148,-14.608873611587114,sell,1.0,"Sell on Uniswap, Buy on Binance"
333,2025-12-04 19:12:23+00:00,2025-12-04 19:12:23+00:00,3,0.697348316948506,2.243506075361166,-11.780268242213273,sell,0.0,"Sell on Uniswap, Buy on Binance"
334,2025-12-04 19:12:35+00:00,2025-12-04 19:12:35+00:00,3,2.9470240376653916,19.053908445801273,-14.383144487683694,sell,0.3333333333333333,"Sell on Uniswap, Buy on Binance"
335,2025-12-04 19:12:47+00:00,2025-12-04 19:12:47+00:00,1,0.0057815824679999,0.01497124558134108,-11.589471942016644,sell,0.0,"Sell on Uniswap, Buy on Binance"
336,2025-12-04 19:13:23+00:00,2025-12-04 19:13:23+00:00,6,0.8705000542958631,0.8225836249640462,-12.02426091579711,sell,0.0,"Sell on Uniswap, Buy on Binance"
337,2025-12-04 19:13:35+00:00,2025-12-04 19:13:35+00:00,1,0.1221309175281862,0.7258193867013735,-14.942961875594392,sell,0.0,"Sell on Uniswap, Buy on Binance"
338,2025-12-04 19:13:59+00:00,2025-12-04 19:13:59+00:00,2,0.18537249536639208,0.952679633670183,-14.166033430397874,sell,0.0,"Sell on Uniswap, Buy on Binance"
339,2025-12-04 19:14:47+00:00,2025-12-04 19:14:47+00:00,2,0.0539629478693948,0.006805339739231312,-9.1177146458665,sell,0.0,"Sell on Uniswap, Buy on Binance"
340,2025-12-04 19:17:47+00:00,2025-12-04 19:17:47+00:00,1,1.230515981197e-06,1.8263861263882018e-06,-10.484244133596349,sell,0.0,"Sell on Uniswap, Buy on Binance"
341,2025-12-04 19:18:35+00:00,2025-12-04 19:18:35+00:00,3,4.209659654616487,22.06107368603816,-14.115932192880033,sell,0.0,"Sell on Uniswap, Buy on Binance"
342,2025-12-04 19:18:47+00:00,2025-12-04 19:18:47+00:00,2,0.2681474679265609,2.5392607989838014,-18.178289325026753,sell,0.5,"Sell on Uniswap, Buy on Binance"
343,2025-12-04 19:18:59+00:00,2025-12-04 19:18:59+00:00,2,0.0555396662033048,0.52752002733792,-18.510476933574182,sell,0.0,"Sell on Uniswap, Buy on Binance"
344,2025-12-04 19:19:11+00:00,2025-12-04 19:19:11+00:00,1,2.9092715190000003,20.86317404531914,-16.17127085219272,sell,0.0,"Sell on Uniswap, Buy on Binance"
345,2025-12-04 19:19:23+00:00,2025-12-04 19:19:23+00:00,1,0.0450390357227296,0.025489638829935855,-9.565945483088399,sell,0.0,"Sell on Uniswap, Buy on Binance"
346,2025-12-04 19:19:35+00:00,2025-12-04 19:19:35+00:00,4,1.5905614321276138,5.805382012346374,-13.418432533875944,sell,0.0,"Sell on Uniswap, Buy on Binance"
347,2025-12-04 19:20:11+00:00,2025-12-04 19:20:11+00:00,3,1.112381556063519,5.181687542081302,-13.926881337520323,sell,0.0,"Sell on Uniswap, Buy on Binance"
348,2025-12-04 19:20:35+00:00,2025-12-04 19:20:35+00:00,2,0.9795736371922765,1.3044745621106475,-10.159904987818663,sell,0.0,"Sell on Uniswap, Buy on Binance"
349,2025-12-04 19:20:47+00:00,2025-12-04 19:20:47+00:00,1,0.0105445612744524,0.014673112526800286,-10.39153371533348,sell,0.0,"Sell on Uniswap, Buy on Binance"
350,2025-12-04 19:20:59+00:00,2025-12-04 19:20:59+00:00,1,0.0674218399529263,0.06826170643434974,-10.012456890556678,sell,0.0,"Sell on Uniswap, Buy on Binance"
351,2025-12-04 19:24:59+00:00,2025-12-04 19:24:59+00:00,1,7.139999996567474,14.711578456898023,11.060445163021086,buy,0.0,"Buy on Uniswap, Sell on Binance"
352,2025-12-04 19:27:47+00:00,2025-12-04 19:27:47+00:00,1,0.9918133807638436,0.08080176782789565,9.081468721228248,buy,0.0,"Buy on Uniswap, Sell on Binance"
353,2025-12-04 19:31:59+00:00,2025-12-04 19:31:59+00:00,2,1.4885523906824998,1.2041127115805124,10.039641509544253,buy,0.0,"Buy on Uniswap, Sell on Binance"
354,2025-12-04 19:32:23+00:00,2025-12-04 19:32:23+00:00,1,0.0169969368283578,0.09665654874692355,14.686704005727734,buy,1.0,"Buy on Uniswap, Sell on Binance"
355,2025-12-04 19:33:59+00:00,2025-12-04 19:33:59+00:00,1,5.014778485079787,1.372215383349066,-9.273634296595901,sell,0.0,"Sell on Uniswap, Buy on Binance"
356,2025-12-04 19:35:47+00:00,2025-12-04 19:35:47+00:00,3,0.522601391900711,0.49102883626805777,10.084074834920253,buy,0.0,"Buy on Uniswap, Sell on Binance"
357,2025-12-04 20:06:35+00:00,2025-12-04 20:06:35+00:00,3,0.661613209216721,0.6696514594300743,-9.578639405726031,sell,0.0,"Sell on Uniswap, Buy on Binance"
358,2025-12-05 02:58:23+00:00,2025-12-05 02:58:23+00:00,1,6.4298421156e-08,6.702228896770985e-08,10.042362903516732,buy,1.0,"Buy on Uniswap, Sell on Binance"
359,2025-12-05 03:11:59+00:00,2025-12-05 03:11:59+00:00,1,4.984999992861887,2.040805335995011,9.409389235489925,buy,1.0,"Buy on Uniswap, Sell on Binance"
360,2025-12-05 03:15:23+00:00,2025-12-05 03:15:23+00:00,1,4.984999985351241,13.603987491539153,11.728984459682124,buy,1.0,"Buy on Uniswap, Sell on Binance"
361,2025-12-05 03:16:47+00:00,2025-12-05 03:16:47+00:00,1,4.98499999893884,14.771205632908018,11.963130518766775,buy,1.0,"Buy on Uniswap, Sell on Binance"
362,2025-12-05 04:52:47+00:00,2025-12-05 04:52:47+00:00,1,0.1649597165315983,0.19581954719260694,10.187074949629277,buy,1.0,"Buy on Uniswap, Sell on Binance"
363,2025-12-05 05:58:35+00:00,2025-12-05 05:58:35+00:00,1,0.546399998910733,0.09089881535230127,9.166359472059867,buy,1.0,"Buy on Uniswap, Sell on Binance"
364,2025-12-05 05:59:35+00:00,2025-12-05 05:59:35+00:00,1,0.0198821704570535,0.014152071197672313,9.711797096209466,buy,1.0,"Buy on Uniswap, Sell on Binance"
365,2025-12-05 07:15:59+00:00,2025-12-05 07:15:59+00:00,2,40.085005975718744,191.1092644151678,-15.909352318987203,sell,0.5,"Sell on Uniswap, Buy on Binance"
366,2025-12-05 09:18:47+00:00,2025-12-05 09:18:47+00:00,2,3.1317752355432056,8.549105292991282,-11.741108619874467,sell,1.0,"Sell on Uniswap, Buy on Binance"
367,2025-12-05 09:19:35+00:00,2025-12-05 09:19:35+00:00,1,0.0008232436292275,0.0007165062473941532,-9.870345329081374,sell,0.0,"Sell on Uniswap, Buy on Binance"
368,2025-12-05 11:33:59+00:00,2025-12-05 11:33:59+00:00,1,0.0225100446676103,0.0027010744655238954,-9.119994185058658,sell,1.0,"Sell on Uniswap, Buy on Binance"
369,2025-12-05 12:33:23+00:00,2025-12-05 12:33:23+00:00,1,2.419999995143027,0.5912294110639535,9.244309674483702,buy,1.0,"Buy on Uniswap, Sell on Binance"
370,2025-12-05 12:33:59+00:00,2025-12-05 12:33:59+00:00,1,1.2072126162275951,2.1579588439559347,10.787554913648364,buy,1.0,"Buy on Uniswap, Sell on Binance"
371,2025-12-05 12:34:11+00:00,2025-12-05 12:34:11+00:00,1,2.0239692335511914,3.3289396048801345,10.644758008025292,buy,1.0,"Buy on Uniswap, Sell on Binance"
372,2025-12-05 12:34:23+00:00,2025-12-05 12:34:23+00:00,1,0.0121781984850379,0.020659804007810447,10.696458144707776,buy,1.0,"Buy on Uniswap, Sell on Binance"
373,2025-12-05 13:07:35+00:00,2025-12-05 13:07:35+00:00,1,9.999999995146307,8.198358179456399,9.819835818343563,buy,0.0,"Buy on Uniswap, Sell on Binance"
374,2025-12-05 13:08:23+00:00,2025-12-05 13:08:23+00:00,1,0.9999999990246932,3.5593590341828363,12.559359037654303,buy,1.0,"Buy on Uniswap, Sell on Binance"
375,2025-12-05 13:09:47+00:00,2025-12-05 13:09:47+00:00,2,12.864732702630935,38.652637255825816,12.147130786080197,buy,0.5,"Buy on Uniswap, Sell on Binance"
376,2025-12-05 13:40:11+00:00,2025-12-05 13:40:11+00:00,1,2.89339002,0.5608849502589504,-9.193850447531076,sell,0.0,"Sell on Uniswap, Buy on Binance"
377,2025-12-05 13:40:59+00:00,2025-12-05 13:40:59+00:00,1,0.3692485361819837,0.7710995909569698,-11.088294239240895,sell,0.0,"Sell on Uniswap, Buy on Binance"
378,2025-12-05 13:41:11+00:00,2025-12-05 13:41:11+00:00,2,0.0248775378018917,0.055344155387020325,-11.204680583578693,sell,0.0,"Sell on Uniswap, Buy on Binance"
379,2025-12-05 13:41:23+00:00,2025-12-05 13:41:23+00:00,1,0.0006534079966999,0.00044947340370628697,-9.687890882842566,sell,0.0,"Sell on Uniswap, Buy on Binance"
380,2025-12-05 13:41:35+00:00,2025-12-05 13:41:35+00:00,2,0.2030141721604249,0.08505705780594651,-9.584310113433503,sell,0.0,"Sell on Uniswap, Buy on Binance"
381,2025-12-05 13:41:59+00:00,2025-12-05 13:41:59+00:00,3,6.500394939286467,4.376929886057207,-10.568924649119102,sell,0.0,"Sell on Uniswap, Buy on Binance"
382,2025-12-05 13:47:23+00:00,2025-12-05 13:47:23+00:00,2,203.87779916484752,11467.550898449621,91.46434053239886,buy,1.0,"Buy on Uniswap, Sell on Binance"
383,2025-12-05 14:10:47+00:00,2025-12-05 14:10:47+00:00,1,0.2450582841906601,0.07827348977750477,-9.319407646372838,sell,0.0,"Sell on Uniswap, Buy on Binance"
384,2025-12-05 14:11:11+00:00,2025-12-05 14:11:11+00:00,1,4.419923476512e-05,3.930585556476593e-05,-9.889288146585386,sell,0.0,"Sell on Uniswap, Buy on Binance"
385,2025-12-05 14:36:23+00:00,2025-12-05 14:36:23+00:00,1,0.1307913520500262,0.06888843806818741,-9.526704839337071,sell,0.0,"Sell on Uniswap, Buy on Binance"
386,2025-12-05 14:37:47+00:00,2025-12-05 14:37:47+00:00,2,0.6038353485220685,1.0701988069266337,-10.284806353144859,sell,0.0,"Sell on Uniswap, Buy on Binance"
387,2025-12-05 14:41:47+00:00,2025-12-05 14:41:47+00:00,1,8.396014969438799,14.096141068947675,10.678908520322693,buy,0.0,"Buy on Uniswap, Sell on Binance"
388,2025-12-05 14:41:59+00:00,2025-12-05 14:41:59+00:00,1,0.6642288558516319,3.4213942035217655,14.15092678281053,buy,0.0,"Buy on Uniswap, Sell on Binance"
389,2025-12-05 14:44:23+00:00,2025-12-05 14:44:23+00:00,1,4.783980038364692,0.08495707657007064,9.017758660339041,buy,0.0,"Buy on Uniswap, Sell on Binance"
390,2025-12-05 14:47:11+00:00,2025-12-05 14:47:11+00:00,1,5.787736101179465,13.612616989533537,-11.351976101114815,sell,0.0,"Sell on Uniswap, Buy on Binance"
391,2025-12-05 14:51:59+00:00,2025-12-05 14:51:59+00:00,2,1.8885295517800949,4.647094298793232,11.67580327931546,buy,0.0,"Buy on Uniswap, Sell on Binance"
392,2025-12-05 14:58:23+00:00,2025-12-05 14:58:23+00:00,1,14.380496613767487,5.156864058427224,9.358601249798994,buy,0.0,"Buy on Uniswap, Sell on Binance"
393,2025-12-05 14:59:23+00:00,2025-12-05 14:59:23+00:00,1,9.17133961050274,22.80544422075771,11.486599034522897,buy,0.0,"Buy on Uniswap, Sell on Binance"
394,2025-12-05 15:01:47+00:00,2025-12-05 15:01:47+00:00,1,0.0170951690886903,0.013490674378132039,9.789151268884325,buy,0.0,"Buy on Uniswap, Sell on Binance"
395,2025-12-05 15:03:47+00:00,2025-12-05 15:03:47+00:00,2,4.450725692890046,21.910935301776746,13.87583795893238,buy,0.0,"Buy on Uniswap, Sell on Binance"
396,2025-12-05 15:03:59+00:00,2025-12-05 15:03:59+00:00,2,0.8760939171977636,7.514258096199504,17.70361949934363,buy,1.0,"Buy on Uniswap, Sell on Binance"
397,2025-12-05 15:04:11+00:00,2025-12-05 15:04:11+00:00,2,1.4542394539218741,16.66083192897694,21.218184385400946,buy,1.0,"Buy on Uniswap, Sell on Binance"
398,2025-12-05 15:04:47+00:00,2025-12-05 15:04:47+00:00,1,0.0461328556096332,0.29294908623008614,15.350118204451974,buy,0.0,"Buy on Uniswap, Sell on Binance"
399,2025-12-05 15:04:59+00:00,2025-12-05 15:04:59+00:00,1,1.4522345377727393,11.530853034828125,16.940076299598786,buy,0.0,"Buy on Uniswap, Sell on Binance"
400,2025-12-05 15:06:47+00:00,2025-12-05 15:06:47+00:00,1,0.1654906937421822,0.566307756426957,-12.42199155506114,sell,0.0,"Sell on Uniswap, Buy on Binance"
401,2025-12-05 15:07:11+00:00,2025-12-05 15:07:11+00:00,1,0.5080799248000001,1.5380048854979964,-12.027092412878574,sell,0.0,"Sell on Uniswap, Buy on Binance"
402,2025-12-05 15:10:23+00:00,2025-12-05 15:10:23+00:00,1,9.999999972720618,9.43200993129688,9.943200995702682,buy,0.0,"Buy on Uniswap, Sell on Binance"
403,2025-12-05 15:51:47+00:00,2025-12-05 15:51:47+00:00,1,4.9442382444950016e-05,6.958336193444802e-05,-10.407362640987685,sell,0.0,"Sell on Uniswap, Buy on Binance"
404,2025-12-05 15:51:59+00:00,2025-12-05 15:51:59+00:00,1,5.1008947803511e-05,0.0001906905050768373,-12.73837362439599,sell,0.0,"Sell on Uniswap, Buy on Binance"
405,2025-12-05 15:55:11+00:00,2025-12-05 15:55:11+00:00,2,65.52075362108242,176.0913427707557,17.996931991555584,buy,0.5,"Buy on Uniswap, Sell on Binance"
406,2025-12-05 15:58:59+00:00,2025-12-05 15:58:59+00:00,1,2.0544710233828094,0.36242156451113844,9.17640626730008,buy,0.0,"Buy on Uniswap, Sell on Binance"
407,2025-12-05 16:04:23+00:00,2025-12-05 16:04:23+00:00,1,2.655779756487e-06,2.982470697652939e-06,-10.123011307834531,sell,0.0,"Sell on Uniswap, Buy on Binance"
408,2025-12-05 16:05:35+00:00,2025-12-05 16:05:35+00:00,1,1.2488848552947271,0.4337959432868908,-9.347346628032028,sell,0.0,"Sell on Uniswap, Buy on Binance"
409,2025-12-05 16:05:47+00:00,2025-12-05 16:05:47+00:00,3,3.123496219049828,4.63985623478771,-11.453861162409643,sell,0.0,"Sell on Uniswap, Buy on Binance"
410,2025-12-05 16:06:11+00:00,2025-12-05 16:06:11+00:00,1,2.8048469128229825,17.340543759696484,-15.18234944674532,sell,0.0,"Sell on Uniswap, Buy on Binance"
411,2025-12-05 16:06:23+00:00,2025-12-05 16:06:23+00:00,5,2.950089688849154,36.60452764314544,-19.75235886182363,sell,0.8,"Sell on Uniswap, Buy on Binance"
412,2025-12-05 16:07:47+00:00,2025-12-05 16:07:47+00:00,1,4.789415239055267,34.43725679059855,-16.190284214611438,sell,0.0,"Sell on Uniswap, Buy on Binance"
413,2025-12-05 16:08:11+00:00,2025-12-05 16:08:11+00:00,6,1.624148924085928,9.940988220181064,-15.045682366293326,sell,0.0,"Sell on Uniswap, Buy on Binance"
414,2025-12-05 16:08:47+00:00,2025-12-05 16:08:47+00:00,1,10.389827412500065,11.696291662492067,-10.125744557452435,sell,0.0,"Sell on Uniswap, Buy on Binance"
415,2025-12-05 16:09:47+00:00,2025-12-05 16:09:47+00:00,2,0.1097199664227819,0.14672550437844004,-10.866596175235827,sell,0.0,"Sell on Uniswap, Buy on Binance"
416,2025-12-05 16:10:11+00:00,2025-12-05 16:10:11+00:00,1,0.0804418033447003,0.14880637316124268,-10.849863714809999,sell,0.0,"Sell on Uniswap, Buy on Binance"
417,2025-12-05 16:10:23+00:00,2025-12-05 16:10:23+00:00,1,0.0029815522974886,0.0030477729266219244,-10.022210118262592,sell,0.0,"Sell on Uniswap, Buy on Binance"
418,2025-12-05 16:12:47+00:00,2025-12-05 16:12:47+00:00,1,5.4447442342084e-05,2.6992445935046798e-05,-9.495752321393866,sell,0.0,"Sell on Uniswap, Buy on Binance"
419,2025-12-05 16:15:59+00:00,2025-12-05 16:15:59+00:00,1,0.1274549160772098,0.0007909284292216799,-9.006205554509506,sell,0.0,"Sell on Uniswap, Buy on Binance"
420,2025-12-05 16:17:59+00:00,2025-12-05 16:17:59+00:00,1,1.499999998985197,10.522379894287578,16.014919934270893,buy,0.0,"Buy on Uniswap, Sell on Binance"
421,2025-12-05 16:22:35+00:00,2025-12-05 16:22:35+00:00,2,1.0126249469104915,1.066680800677036,-10.242004074672877,sell,0.0,"Sell on Uniswap, Buy on Binance"
422,2025-12-05 16:22:47+00:00,2025-12-05 16:22:47+00:00,3,4.61403946209562,4.103328708778691,-9.816547765880236,sell,0.0,"Sell on Uniswap, Buy on Binance"
423,2025-12-05 16:31:23+00:00,2025-12-05 16:31:23+00:00,1,0.000321818678227,0.0006221712227615115,-10.933297427573962,sell,0.0,"Sell on Uniswap, Buy on Binance"
424,2025-12-05 16:31:35+00:00,2025-12-05 16:31:35+00:00,1,0.088803331171525,0.5162510096854908,-14.813419416534543,sell,0.0,"Sell on Uniswap, Buy on Binance"
425,2025-12-05 16:33:59+00:00,2025-12-05 16:33:59+00:00,1,0.0178529777921804,0.010776283144662849,-9.6036126449103,sell,0.0,"Sell on Uniswap, Buy on Binance"
426,2025-12-05 16:39:47+00:00,2025-12-05 16:39:47+00:00,5,2.7045811926023777,13.400949330932033,-14.100798000539271,sell,0.0,"Sell on Uniswap, Buy on Binance"
427,2025-12-05 16:40:11+00:00,2025-12-05 16:40:11+00:00,1,2.970630045,9.919581515549025,-12.339218066633748,sell,0.0,"Sell on Uniswap, Buy on Binance"
428,2025-12-05 16:40:35+00:00,2025-12-05 16:40:35+00:00,2,3.257117388464151,2.24186021972899,-10.171346053893103,sell,0.0,"Sell on Uniswap, Buy on Binance"
429,2025-12-05 16:48:11+00:00,2025-12-05 16:48:11+00:00,1,2.980485972,0.9184520304332447,-9.308155126063866,sell,0.0,"Sell on Uniswap, Buy on Binance"
430,2025-12-05 16:48:35+00:00,2025-12-05 16:48:35+00:00,1,2.981897298,1.2113583855212988,-9.406237460402735,sell,0.0,"Sell on Uniswap, Buy on Binance"
431,2025-12-05 16:56:47+00:00,2025-12-05 16:56:47+00:00,1,0.0183341263952364,0.003716954141582033,9.202734183317716,buy,0.0,"Buy on Uniswap, Sell on Binance"
432,2025-12-05 16:57:11+00:00,2025-12-05 16:57:11+00:00,1,1.176171352778513,1.746305507771256,10.484737324749403,buy,0.0,"Buy on Uniswap, Sell on Binance"
433,2025-12-05 17:01:23+00:00,2025-12-05 17:01:23+00:00,3,70.68493689326401,1157.6207481656038,24.3985907025517,buy,1.0,"Buy on Uniswap, Sell on Binance"
434,2025-12-05 17:06:47+00:00,2025-12-05 17:06:47+00:00,4,7.917717622491603,41.15708888916646,-12.73915147350408,sell,0.0,"Sell on Uniswap, Buy on Binance"
435,2025-12-05 17:07:23+00:00,2025-12-05 17:07:23+00:00,1,10.502550024479246,18.09838783795421,-10.723237480018724,sell,0.0,"Sell on Uniswap, Buy on Binance"
436,2025-12-05 17:07:35+00:00,2025-12-05 17:07:35+00:00,2,7.5365029141965705,7.588931099941578,-9.86076280009047,sell,0.0,"Sell on Uniswap, Buy on Binance"
437,2025-12-05 17:19:47+00:00,2025-12-05 17:19:47+00:00,1,0.1341999997311025,0.04933541184531749,9.36762602044837,buy,0.0,"Buy on Uniswap, Sell on Binance"
438,2025-12-05 17:19:59+00:00,2025-12-05 17:19:59+00:00,1,0.0408999999574131,0.05877687161259558,10.437087326987694,buy,0.0,"Buy on Uniswap, Sell on Binance"
439,2025-12-05 17:51:47+00:00,2025-12-05 17:51:47+00:00,1,0.0306476604593479,0.07735426706804094,11.523986037062969,buy,0.0,"Buy on Uniswap, Sell on Binance"
440,2025-12-05 18:06:47+00:00,2025-12-05 18:06:47+00:00,1,0.0022003286201665,0.007030362345356747,12.195141980575954,buy,1.0,"Buy on Uniswap, Sell on Binance"
441,2025-12-05 18:07:11+00:00,2025-12-05 18:07:11+00:00,3,0.1763865954693721,0.37869102088679363,11.520565221994579,buy,0.0,"Buy on Uniswap, Sell on Binance"
442,2025-12-05 18:07:23+00:00,2025-12-05 18:07:23+00:00,3,1.7124895785006524,1.2234127252792082,9.892023515877858,buy,0.0,"Buy on Uniswap, Sell on Binance"
443,2025-12-05 18:07:35+00:00,2025-12-05 18:07:35+00:00,3,1.1247649147446364,3.255295677290559,12.023562531531903,buy,0.3333333333333333,"Buy on Uniswap, Sell on Binance"
444,2025-12-05 18:07:47+00:00,2025-12-05 18:07:47+00:00,6,0.28219544007531633,1.6347504646749331,14.217430704485045,buy,1.0,"Buy on Uniswap, Sell on Binance"
445,2025-12-05 18:07:59+00:00,2025-12-05 18:07:59+00:00,3,1.6108242299674254,3.039454341071579,10.86938964750349,buy,0.0,"Buy on Uniswap, Sell on Binance"
446,2025-12-05 18:20:59+00:00,2025-12-05 18:20:59+00:00,2,0.0764768191390557,0.042102154074505266,-9.556979135865504,sell,0.0,"Sell on Uniswap, Buy on Binance"
447,2025-12-05 18:34:23+00:00,2025-12-05 18:34:23+00:00,1,1.0405857644397207,0.06274827579435371,-9.060300916982214,sell,0.0,"Sell on Uniswap, Buy on Binance"
448,2025-12-05 19:10:23+00:00,2025-12-05 19:10:23+00:00,2,0.8245766455311068,0.040190010103235266,9.027676037629817,buy,0.0,"Buy on Uniswap, Sell on Binance"
449,2025-12-05 19:10:47+00:00,2025-12-05 19:10:47+00:00,1,0.3741437747724351,0.1585596775090997,9.423793440384088,buy,0.0,"Buy on Uniswap, Sell on Binance"
450,2025-12-05 19:17:35+00:00,2025-12-05 19:17:35+00:00,1,0.0599369915327224,0.026328162954150008,9.439264005097357,buy,0.0,"Buy on Uniswap, Sell on Binance"
451,2025-12-05 20:18:11+00:00,2025-12-05 20:18:11+00:00,1,3.9775705262000016e-08,5.846596877449864e-07,-23.69891442260723,sell,1.0,"Sell on Uniswap, Buy on Binance"
452,2025-12-05 21:23:59+00:00,2025-12-05 21:23:59+00:00,1,3.205620398345176,2.276194469518749,-9.710063634076505,sell,1.0,"Sell on Uniswap, Buy on Binance"
453,2025-12-05 22:12:59+00:00,2025-12-05 22:12:59+00:00,1,1.0450009494799998e-05,1.2383186778537998e-06,-9.118499287342274,sell,1.0,"Sell on Uniswap, Buy on Binance"
454,2025-12-06 00:36:35+00:00,2025-12-06 00:36:35+00:00,1,4.984999987091807,12.358276082159804,11.479092500333081,buy,1.0,"Buy on Uniswap, Sell on Binance"
455,2025-12-06 01:11:35+00:00,2025-12-06 01:11:35+00:00,1,27.34215407587541,12.907486735272215,9.472072781809857,buy,1.0,"Buy on Uniswap, Sell on Binance"
456,2025-12-06 12:18:35+00:00,2025-12-06 12:18:35+00:00,1,4.984999994815904,6.464305646638221,10.29675138482662,buy,1.0,"Buy on Uniswap, Sell on Binance"
457,2025-12-06 13:46:11+00:00,2025-12-06 13:46:11+00:00,1,0.0476349765862463,0.09519324301921442,10.998389625464824,buy,1.0,"Buy on Uniswap, Sell on Binance"
458,2025-12-06 14:16:23+00:00,2025-12-06 14:16:23+00:00,1,1.4085309635678902,0.06441967576606335,9.045735363603853,buy,0.0,"Buy on Uniswap, Sell on Binance"
459,2025-12-06 14:17:11+00:00,2025-12-06 14:17:11+00:00,1,0.0092685748197446,0.01456805859322159,10.57176900187369,buy,1.0,"Buy on Uniswap, Sell on Binance"
460,2025-12-06 15:33:47+00:00,2025-12-06 15:33:47+00:00,1,3.084523142647999,0.7297302494183734,9.236577978400874,buy,1.0,"Buy on Uniswap, Sell on Binance"
461,2025-12-06 15:37:23+00:00,2025-12-06 15:37:23+00:00,1,9.41759999062327,19.37258878230211,11.057062181616402,buy,1.0,"Buy on Uniswap, Sell on Binance"
462,2025-12-06 19:02:11+00:00,2025-12-06 19:02:11+00:00,1,1.8442961852305269,0.12495534370992492,-9.067752319128886,sell,1.0,"Sell on Uniswap, Buy on Binance"
463,2025-12-06 19:06:47+00:00,2025-12-06 19:06:47+00:00,1,0.0015707591813862,0.003449924352620682,-11.196341994051636,sell,1.0,"Sell on Uniswap, Buy on Binance"
464,2025-12-07 13:16:35+00:00,2025-12-07 13:16:35+00:00,1,0.0002559900478958,0.00024636494963653667,-9.962400498228817,sell,0.0,"Sell on Uniswap, Buy on Binance"
465,2025-12-07 13:17:47+00:00,2025-12-07 13:17:47+00:00,1,2.235183499885109,5.8623706894940835,-11.622769311689808,sell,0.0,"Sell on Uniswap, Buy on Binance"
466,2025-12-07 13:20:23+00:00,2025-12-07 13:20:23+00:00,1,1.2411957821214796,5.698587935898866,-13.591207944776215,sell,0.0,"Sell on Uniswap, Buy on Binance"
467,2025-12-07 14:04:59+00:00,2025-12-07 14:04:59+00:00,1,4.369843560598391,0.6109913063461001,9.139819949587036,buy,0.0,"Buy on Uniswap, Sell on Binance"
468,2025-12-07 14:23:23+00:00,2025-12-07 14:23:23+00:00,1,4.3459250569258e-05,0.0008405991486190191,-28.342237558363195,sell,1.0,"Sell on Uniswap, Buy on Binance"
469,2025-12-07 14:23:59+00:00,2025-12-07 14:23:59+00:00,2,3.218943339952456,95.32044990589844,-38.274956601121175,sell,1.0,"Sell on Uniswap, Buy on Binance"
470,2025-12-07 14:24:35+00:00,2025-12-07 14:24:35+00:00,2,3.3708920166443166,97.62208473632829,-39.08651201880093,sell,1.0,"Sell on Uniswap, Buy on Binance"
471,2025-12-07 14:24:47+00:00,2025-12-07 14:24:47+00:00,2,0.2779890099297307,10.063440858449626,-46.54795224386203,sell,1.0,"Sell on Uniswap, Buy on Binance"
472,2025-12-07 14:24:59+00:00,2025-12-07 14:24:59+00:00,4,2.9100145836888847,40.34970726140902,-22.950328175226332,sell,0.0,"Sell on Uniswap, Buy on Binance"
473,2025-12-07 14:25:11+00:00,2025-12-07 14:25:11+00:00,5,45.41759565403085,859.8081614349552,-26.831701863264424,sell,0.0,"Sell on Uniswap, Buy on Binance"
474,2025-12-07 14:26:11+00:00,2025-12-07 14:26:11+00:00,1,28.831594373807803,173.3251554233476,15.011639633110462,buy,0.0,"Buy on Uniswap, Sell on Binance"
475,2025-12-07 14:26:59+00:00,2025-12-07 14:26:59+00:00,1,15.484923414758734,61.516518928342364,12.972671822820303,buy,0.0,"Buy on Uniswap, Sell on Binance"
476,2025-12-07 14:27:11+00:00,2025-12-07 14:27:11+00:00,2,17.301445838859923,22.481134408287005,11.825376650586577,buy,0.0,"Buy on Uniswap, Sell on Binance"
477,2025-12-07 14:28:35+00:00,2025-12-07 14:28:35+00:00,2,1.7389660811841656,5.590348983147733,-13.113724120833922,sell,0.0,"Sell on Uniswap, Buy on Binance"
478,2025-12-07 14:28:47+00:00,2025-12-07 14:28:47+00:00,1,2.10862171231242,14.736555124258249,-15.988714494501437,sell,0.0,"Sell on Uniswap, Buy on Binance"
479,2025-12-07 14:29:11+00:00,2025-12-07 14:29:11+00:00,1,0.011282005455241,0.0662720127670138,-14.874134082804176,sell,0.0,"Sell on Uniswap, Buy on Binance"
480,2025-12-07 14:29:23+00:00,2025-12-07 14:29:23+00:00,1,0.07108631712,0.38066807654396545,-14.355011934313097,sell,0.0,"Sell on Uniswap, Buy on Binance"
481,2025-12-07 14:30:59+00:00,2025-12-07 14:30:59+00:00,1,43.48362089704669,414.6259698661872,-18.53522179875199,sell,0.0,"Sell on Uniswap, Buy on Binance"
482,2025-12-07 14:31:59+00:00,2025-12-07 14:31:59+00:00,3,1.2090108371497112,0.009529346948574591,-9.218173035293754,sell,0.0,"Sell on Uniswap, Buy on Binance"
483,2025-12-07 14:34:23+00:00,2025-12-07 14:34:23+00:00,1,1.7397515605483875,0.24159358904162406,9.138866717823475,buy,0.0,"Buy on Uniswap, Sell on Binance"
484,2025-12-07 14:35:47+00:00,2025-12-07 14:35:47+00:00,1,1.4047862689104458,3.553915186478331,11.529861848119253,buy,0.0,"Buy on Uniswap, Sell on Binance"
485,2025-12-07 14:36:59+00:00,2025-12-07 14:36:59+00:00,1,1.5211230570000005,0.3658850882991223,-9.240536152953155,sell,0.0,"Sell on Uniswap, Buy on Binance"
486,2025-12-07 14:44:47+00:00,2025-12-07 14:44:47+00:00,1,10.102016455316637,37.949845932152364,-12.756660474669843,sell,0.0,"Sell on Uniswap, Buy on Binance"
487,2025-12-07 14:45:59+00:00,2025-12-07 14:45:59+00:00,1,6.742539896263166,8.69018235064198,-10.288858869853811,sell,0.0,"Sell on Uniswap, Buy on Binance"
488,2025-12-07 15:06:11+00:00,2025-12-07 15:06:11+00:00,1,2.290651827084793,3.956530984441231,10.727251142080604,buy,0.0,"Buy on Uniswap, Sell on Binance"
489,2025-12-07 15:09:11+00:00,2025-12-07 15:09:11+00:00,1,0.8580054314328971,0.6322171802055372,9.736845195897786,buy,0.0,"Buy on Uniswap, Sell on Binance"
490,2025-12-07 15:10:35+00:00,2025-12-07 15:10:35+00:00,1,2.1604645041992336,5.468738955981196,11.531279243584777,buy,0.0,"Buy on Uniswap, Sell on Binance"
491,2025-12-07 15:15:59+00:00,2025-12-07 15:15:59+00:00,3,10.325556754409563,29.39049928615258,-12.918856378918008,sell,0.0,"Sell on Uniswap, Buy on Binance"
492,2025-12-07 15:38:59+00:00,2025-12-07 15:38:59+00:00,2,1.5439096161234056,0.1610611054172653,-9.29130132261389,sell,0.0,"Sell on Uniswap, Buy on Binance"
493,2025-12-07 15:53:35+00:00,2025-12-07 15:53:35+00:00,1,0.0187193036107174,0.030553000025884142,10.632165419251578,buy,0.0,"Buy on Uniswap, Sell on Binance"
494,2025-12-07 15:54:11+00:00,2025-12-07 15:54:11+00:00,1,0.4499999999470404,1.4076748414645388,12.12816631473379,buy,0.0,"Buy on Uniswap, Sell on Binance"
495,2025-12-07 15:54:23+00:00,2025-12-07 15:54:23+00:00,3,5.281282462113861,51.548801491349245,18.686514269568608,buy,0.6666666666666666,"Buy on Uniswap, Sell on Binance"
496,2025-12-07 15:54:35+00:00,2025-12-07 15:54:35+00:00,2,9.572131673795539,147.60520283215277,25.121466716347413,buy,1.0,"Buy on Uniswap, Sell on Binance"
497,2025-12-07 15:54:59+00:00,2025-12-07 15:54:59+00:00,3,1.6537584344959517,27.49653465995074,25.863667181329674,buy,1.0,"Buy on Uniswap, Sell on Binance"
498,2025-12-07 15:55:11+00:00,2025-12-07 15:55:11+00:00,1,0.0037752317642432,0.060634090867846595,25.0610247673103,buy,1.0,"Buy on Uniswap, Sell on Binance"
499,2025-12-07 15:55:59+00:00,2025-12-07 15:55:59+00:00,2,7.931823801245524,0.483755671806725,-10.032241471292991,sell,0.0,"Sell on Uniswap, Buy on Binance"
500,2025-12-07 15:56:59+00:00,2025-12-07 15:56:59+00:00,2,5.646796130421006,9.047913151967172,10.920791783490813,buy,0.0,"Buy on Uniswap, Sell on Binance"
501,2025-12-07 15:57:35+00:00,2025-12-07 15:57:35+00:00,1,2.3694882128553387,3.9716833954259014,-10.67617773909069,sell,0.0,"Sell on Uniswap, Buy on Binance"
502,2025-12-07 17:15:23+00:00,2025-12-07 17:15:23+00:00,1,0.0292201442963917,0.025370537266481506,9.868255030130513,buy,0.0,"Buy on Uniswap, Sell on Binance"
503,2025-12-07 17:15:59+00:00,2025-12-07 17:15:59+00:00,1,0.00989752997265,0.10906988444338657,20.01990948699131,buy,1.0,"Buy on Uniswap, Sell on Binance"
504,2025-12-07 17:17:23+00:00,2025-12-07 17:17:23+00:00,2,0.0700916128440705,0.4382784925232014,14.870858368429936,buy,0.5,"Buy on Uniswap, Sell on Binance"
505,2025-12-07 17:17:47+00:00,2025-12-07 17:17:47+00:00,1,0.0325552287212552,0.2895686391794257,17.894689134540386,buy,1.0,"Buy on Uniswap, Sell on Binance"
506,2025-12-07 17:17:59+00:00,2025-12-07 17:17:59+00:00,2,1.5159179266594527,17.100759170467555,20.099754990265637,buy,1.0,"Buy on Uniswap, Sell on Binance"
507,2025-12-07 17:19:35+00:00,2025-12-07 17:19:35+00:00,1,0.0303884641094722,0.003916819757215601,9.128891665702668,buy,0.0,"Buy on Uniswap, Sell on Binance"
508,2025-12-07 17:19:47+00:00,2025-12-07 17:19:47+00:00,1,0.0070097541726696,0.0004743830535147358,9.067674706106573,buy,0.0,"Buy on Uniswap, Sell on Binance"
509,2025-12-07 17:20:23+00:00,2025-12-07 17:20:23+00:00,1,0.0128260270666877,0.0016379977543621858,9.127708895813612,buy,0.0,"Buy on Uniswap, Sell on Binance"
510,2025-12-07 17:20:35+00:00,2025-12-07 17:20:35+00:00,1,1.478697631724072,0.6644265886054865,9.449332286973913,buy,0.0,"Buy on Uniswap, Sell on Binance"
511,2025-12-07 17:22:35+00:00,2025-12-07 17:22:35+00:00,2,1.5945002691797345,2.925056017953208,10.477540015388286,buy,0.0,"Buy on Uniswap, Sell on Binance"
512,2025-12-07 17:22:59+00:00,2025-12-07 17:22:59+00:00,2,1.8646875330107395,2.1945310655735173,9.985862958016014,buy,0.0,"Buy on Uniswap, Sell on Binance"
513,2025-12-07 17:23:11+00:00,2025-12-07 17:23:11+00:00,3,1.5619323826778706,3.8902103485054744,10.297613005342859,buy,0.0,"Buy on Uniswap, Sell on Binance"
514,2025-12-07 17:23:35+00:00,2025-12-07 17:23:35+00:00,1,8.572605019378162,37.62793678918963,13.389323514163152,buy,0.0,"Buy on Uniswap, Sell on Binance"
515,2025-12-07 17:29:23+00:00,2025-12-07 17:29:23+00:00,1,0.0111304108310911,0.010907676515977351,9.979988670814237,buy,0.0,"Buy on Uniswap, Sell on Binance"
516,2025-12-07 17:29:35+00:00,2025-12-07 17:29:35+00:00,1,1.4663953438718915,5.76070611051575,12.928480907000903,buy,0.0,"Buy on Uniswap, Sell on Binance"
517,2025-12-07 17:32:35+00:00,2025-12-07 17:32:35+00:00,1,1.3619782083813965,0.11071525218005639,9.081290032027482,buy,0.0,"Buy on Uniswap, Sell on Binance"
518,2025-12-07 17:32:47+00:00,2025-12-07 17:32:47+00:00,1,1.186982304816265,2.729775761799692,11.29976112594386,buy,0.0,"Buy on Uniswap, Sell on Binance"
519,2025-12-07 17:32:59+00:00,2025-12-07 17:32:59+00:00,2,1.4961805822937286,3.9150456129972597,11.441521646224828,buy,0.0,"Buy on Uniswap, Sell on Binance"
520,2025-12-07 17:33:11+00:00,2025-12-07 17:33:11+00:00,2,2.6043221433507115,5.459284357327454,11.25045486178442,buy,0.0,"Buy on Uniswap, Sell on Binance"
521,2025-12-07 17:33:35+00:00,2025-12-07 17:33:35+00:00,1,1.4786976313005178,0.6363192595667473,9.43032412177945,buy,0.0,"Buy on Uniswap, Sell on Binance"
522,2025-12-07 17:34:11+00:00,2025-12-07 17:34:11+00:00,2,0.5171137135171845,0.3717414187882735,10.278102375824574,buy,0.0,"Buy on Uniswap, Sell on Binance"
523,2025-12-07 17:34:23+00:00,2025-12-07 17:34:23+00:00,2,1.4720563157728095,3.6233579034522956,11.384554882867633,buy,0.0,"Buy on Uniswap, Sell on Binance"
524,2025-12-07 17:34:47+00:00,2025-12-07 17:34:47+00:00,3,3.0843990584996797,3.5694528236313396,10.265237299322507,buy,0.0,"Buy on Uniswap, Sell on Binance"
525,2025-12-07 17:34:59+00:00,2025-12-07 17:34:59+00:00,10,0.7414692027282468,1.9064001745261576,11.75572132374855,buy,0.0,"Buy on Uniswap, Sell on Binance"
526,2025-12-07 17:35:47+00:00,2025-12-07 17:35:47+00:00,1,3.4146034462454837,2.610943750204283,-9.764640401530414,sell,1.0,"Sell on Uniswap, Buy on Binance"
527,2025-12-07 17:35:59+00:00,2025-12-07 17:35:59+00:00,1,8.180692009109345,46.88290817256921,-14.730922044292129,sell,1.0,"Sell on Uniswap, Buy on Binance"
528,2025-12-07 17:47:11+00:00,2025-12-07 17:47:11+00:00,1,3.26203106599626,0.5890228417645323,9.180569353831288,buy,0.0,"Buy on Uniswap, Sell on Binance"
529,2025-12-07 18:23:23+00:00,2025-12-07 18:23:23+00:00,1,0.0217327137694128,0.03283439656622997,10.51082818807663,buy,0.0,"Buy on Uniswap, Sell on Binance"
530,2025-12-07 18:25:11+00:00,2025-12-07 18:25:11+00:00,3,2.7094423859183285,1.2982046972166215,9.939977032093642,buy,0.0,"Buy on Uniswap, Sell on Binance"
531,2025-12-07 18:25:23+00:00,2025-12-07 18:25:23+00:00,6,1.7043874555400629,2.6439452719452357,10.758696827431171,buy,0.0,"Buy on Uniswap, Sell on Binance"
532,2025-12-07 20:24:11+00:00,2025-12-07 20:24:11+00:00,1,0.0047251740399456,0.002893796568015004,-9.612421160268696,sell,1.0,"Sell on Uniswap, Buy on Binance"
533,2025-12-07 20:29:47+00:00,2025-12-07 20:29:47+00:00,1,0.0004585941879624,0.0002007198581135263,-9.437685132917522,sell,1.0,"Sell on Uniswap, Buy on Binance"
534,2025-12-07 21:33:35+00:00,2025-12-07 21:33:35+00:00,1,6.01521402573,1.8948639388509414,9.315011889975267,buy,1.0,"Buy on Uniswap, Sell on Binance"
535,2025-12-07 21:55:59+00:00,2025-12-07 21:55:59+00:00,1,0.721303132692047,0.3642534626681615,-9.504993595839096,sell,0.0,"Sell on Uniswap, Buy on Binance"
536,2025-12-07 21:57:47+00:00,2025-12-07 21:57:47+00:00,1,0.0495624999267398,0.0008664179414645304,9.017481320408478,buy,0.0,"Buy on Uniswap, Sell on Binance"
537,2025-12-07 22:04:23+00:00,2025-12-07 22:04:23+00:00,1,0.0112548411463106,0.04023349322336845,-12.574772198056053,sell,1.0,"Sell on Uniswap, Buy on Binance"
538,2025-12-07 22:04:35+00:00,2025-12-07 22:04:35+00:00,2,0.0973423617621402,1.0569382985635476,-17.0115018608667,sell,1.0,"Sell on Uniswap, Buy on Binance"
539,2025-12-07 22:05:35+00:00,2025-12-07 22:05:35+00:00,4,1.078063051793053,6.7589283664501165,-14.942684558864471,sell,0.0,"Sell on Uniswap, Buy on Binance"
540,2025-12-07 22:05:47+00:00,2025-12-07 22:05:47+00:00,1,0.381259729481496,3.218460470924628,-17.441648099844315,sell,1.0,"Sell on Uniswap, Buy on Binance"
541,2025-12-07 22:05:59+00:00,2025-12-07 22:05:59+00:00,6,1.9125585167566779,8.57437965100797,-13.464088655386226,sell,0.0,"Sell on Uniswap, Buy on Binance"
542,2025-12-07 22:06:23+00:00,2025-12-07 22:06:23+00:00,2,0.27819519457330577,0.47361288290867554,-10.722504912966997,sell,0.0,"Sell on Uniswap, Buy on Binance"
543,2025-12-07 22:06:35+00:00,2025-12-07 22:06:35+00:00,5,0.6086822963323143,3.9353577188152427,-13.930512832277236,sell,0.0,"Sell on Uniswap, Buy on Binance"
544,2025-12-07 22:06:47+00:00,2025-12-07 22:06:47+00:00,2,5.4835546283350896,65.18505824925002,-18.540442522939657,sell,0.5,"Sell on Uniswap, Buy on Binance"
545,2025-12-07 22:07:59+00:00,2025-12-07 22:07:59+00:00,1,11.171925525582363,26.823364022093454,11.400961585419736,buy,0.0,"Buy on Uniswap, Sell on Binance"
546,2025-12-07 22:09:47+00:00,2025-12-07 22:09:47+00:00,1,3.212394841819062,3.6161427609335464,10.125684400266891,buy,0.0,"Buy on Uniswap, Sell on Binance"
547,2025-12-07 22:11:47+00:00,2025-12-07 22:11:47+00:00,2,9.414390358592787,8.732376536272028,-9.984745546282966,sell,0.0,"Sell on Uniswap, Buy on Binance"
548,2025-12-07 22:11:59+00:00,2025-12-07 22:11:59+00:00,1,0.0002021345628674,0.001667448691440239,-17.249201263685336,sell,0.0,"Sell on Uniswap, Buy on Binance"
549,2025-12-07 22:34:35+00:00,2025-12-07 22:34:35+00:00,2,28.142103251235376,30.35295570634922,-10.066574911166299,sell,0.0,"Sell on Uniswap, Buy on Binance"
550,2025-12-07 22:34:47+00:00,2025-12-07 22:34:47+00:00,2,3.23532360308317,0.8970864362348021,-9.780847497222794,sell,0.0,"Sell on Uniswap, Buy on Binance"
551,2025-12-07 22:47:47+00:00,2025-12-07 22:47:47+00:00,1,0.6099138440080042,0.13721189828441666,-9.224969312686426,sell,0.0,"Sell on Uniswap, Buy on Binance"
552,2025-12-07 22:53:35+00:00,2025-12-07 22:53:35+00:00,1,0.1020280689232143,0.20786881901982857,-11.037368943797901,sell,0.0,"Sell on Uniswap, Buy on Binance"
553,2025-12-07 22:54:11+00:00,2025-12-07 22:54:11+00:00,1,3.171338060670929,16.40329464109134,-14.172357638094581,sell,0.0,"Sell on Uniswap, Buy on Binance"
554,2025-12-07 22:55:23+00:00,2025-12-07 22:55:23+00:00,2,0.2260936239092968,0.6383309042669185,-11.30241570724138,sell,0.0,"Sell on Uniswap, Buy on Binance"
555,2025-12-07 23:05:23+00:00,2025-12-07 23:05:23+00:00,1,0.5796422341632658,0.2750342072757094,-9.474489592140799,sell,0.0,"Sell on Uniswap, Buy on Binance"
556,2025-12-08 01:29:47+00:00,2025-12-08 01:29:47+00:00,1,0.0153694514748277,0.009261377998261395,9.60258350881486,buy,0.0,"Buy on Uniswap, Sell on Binance"
557,2025-12-08 01:29:59+00:00,2025-12-08 01:29:59+00:00,1,0.0136644719494881,0.01642026173719414,10.201675542084104,buy,0.0,"Buy on Uniswap, Sell on Binance"
558,2025-12-08 01:54:23+00:00,2025-12-08 01:54:23+00:00,2,2.6435167523996634,4.9665953163276475,-10.846045299795605,sell,1.0,"Sell on Uniswap, Buy on Binance"
559,2025-12-08 02:54:11+00:00,2025-12-08 02:54:11+00:00,1,0.0132726696469064,0.014174413984084082,10.067939936815037,buy,0.0,"Buy on Uniswap, Sell on Binance"
560,2025-12-08 03:12:59+00:00,2025-12-08 03:12:59+00:00,2,57.210597730377124,492.92176187760276,24.3063549210558,buy,1.0,"Buy on Uniswap, Sell on Binance"
561,2025-12-08 04:07:23+00:00,2025-12-08 04:07:23+00:00,4,43.04481906909295,1015.2105250948172,24.012887614852616,buy,0.25,"Buy on Uniswap, Sell on Binance"
562,2025-12-08 09:04:11+00:00,2025-12-08 09:04:11+00:00,1,0.0128260270800527,0.0071797111457141925,9.559776702551972,buy,0.0,"Buy on Uniswap, Sell on Binance"
563,2025-12-08 09:04:59+00:00,2025-12-08 09:04:59+00:00,1,1.2899215148954095,14.278757055719314,20.069477399078096,buy,1.0,"Buy on Uniswap, Sell on Binance"
564,2025-12-08 09:05:35+00:00,2025-12-08 09:05:35+00:00,1,0.5597948400708698,1.4981515622914434,11.676251110320663,buy,0.0,"Buy on Uniswap, Sell on Binance"
565,2025-12-08 09:05:59+00:00,2025-12-08 09:05:59+00:00,10,9.09938171003968,13.57761498481621,6.268441882811066,buy,0.1,"Buy on Uniswap, Sell on Binance"
566,2025-12-08 13:10:59+00:00,2025-12-08 13:10:59+00:00,1,1.215252003109638,1.312632269109347,10.080131746954976,buy,1.0,"Buy on Uniswap, Sell on Binance"
567,2025-12-08 13:43:59+00:00,2025-12-08 13:43:59+00:00,1,0.0004999999991226,0.00043499724365843236,9.869994488843531,buy,0.0,"Buy on Uniswap, Sell on Binance"
568,2025-12-08 14:31:23+00:00,2025-12-08 14:31:23+00:00,2,2.096915881344301,7.693591258386373,15.494816794388726,buy,1.0,"Buy on Uniswap, Sell on Binance"
569,2025-12-08 14:32:11+00:00,2025-12-08 14:32:11+00:00,1,1.744691307078814,11.009953791253016,15.310545450981408,buy,1.0,"Buy on Uniswap, Sell on Binance"
570,2025-12-08 14:33:11+00:00,2025-12-08 14:33:11+00:00,1,0.0002635919919964,0.000544345972995284,-11.065108157772556,sell,0.0,"Sell on Uniswap, Buy on Binance"
571,2025-12-08 14:33:23+00:00,2025-12-08 14:33:23+00:00,1,3.923495854892197,10.989993866130282,-11.801071868707822,sell,0.0,"Sell on Uniswap, Buy on Binance"
572,2025-12-08 14:33:35+00:00,2025-12-08 14:33:35+00:00,1,0.0266919037517855,0.08372736501303228,-12.136807542528004,sell,0.0,"Sell on Uniswap, Buy on Binance"
573,2025-12-08 14:38:35+00:00,2025-12-08 14:38:35+00:00,1,8.926632018713896,14.386423082662155,10.611629453583646,buy,0.0,"Buy on Uniswap, Sell on Binance"
574,2025-12-08 14:41:11+00:00,2025-12-08 14:41:11+00:00,1,0.4496618164056994,0.5592443642274647,10.243699918079983,buy,0.0,"Buy on Uniswap, Sell on Binance"
575,2025-12-08 14:42:47+00:00,2025-12-08 14:42:47+00:00,1,0.008775387609441,0.0680569829357901,16.75543895776991,buy,0.0,"Buy on Uniswap, Sell on Binance"
576,2025-12-08 14:43:23+00:00,2025-12-08 14:43:23+00:00,1,5.0848312926199055,21.397893063579453,13.208181517179582,buy,0.0,"Buy on Uniswap, Sell on Binance"
577,2025-12-08 14:43:47+00:00,2025-12-08 14:43:47+00:00,1,7.300319058812082,72.42169125288174,18.920346038227308,buy,1.0,"Buy on Uniswap, Sell on Binance"
578,2025-12-08 14:44:11+00:00,2025-12-08 14:44:11+00:00,1,0.0568801102274972,0.11301450676636966,10.986889728489587,buy,0.0,"Buy on Uniswap, Sell on Binance"
579,2025-12-08 14:44:23+00:00,2025-12-08 14:44:23+00:00,5,1.4637255675547634,3.2071307575310106,11.290835201226765,buy,0.0,"Buy on Uniswap, Sell on Binance"
580,2025-12-08 14:45:35+00:00,2025-12-08 14:45:35+00:00,2,3.6049999950311733,13.167140940992205,12.705152650715263,buy,0.0,"Buy on Uniswap, Sell on Binance"
581,2025-12-08 14:46:59+00:00,2025-12-08 14:46:59+00:00,1,5.976618229851866,17.343098035373355,-11.901824638680864,sell,0.0,"Sell on Uniswap, Buy on Binance"
582,2025-12-08 14:48:11+00:00,2025-12-08 14:48:11+00:00,1,0.0048670030486,0.006777952417048026,-10.392633690459206,sell,0.0,"Sell on Uniswap, Buy on Binance"
583,2025-12-08 14:55:23+00:00,2025-12-08 14:55:23+00:00,1,0.0057484555490999,0.0005277608486521269,-9.091809155371266,sell,0.0,"Sell on Uniswap, Buy on Binance"
584,2025-12-08 14:56:35+00:00,2025-12-08 14:56:35+00:00,1,3.1330690349172587,18.41988935801503,-14.879184005436855,sell,0.0,"Sell on Uniswap, Buy on Binance"
585,2025-12-08 14:56:59+00:00,2025-12-08 14:56:59+00:00,1,0.0301049035190754,0.1958555787071853,-15.505770017933628,sell,0.0,"Sell on Uniswap, Buy on Binance"
586,2025-12-08 15:01:47+00:00,2025-12-08 15:01:47+00:00,1,2.872090071000001,7.108513003953703,-11.47503136330215,sell,0.0,"Sell on Uniswap, Buy on Binance"
587,2025-12-08 15:02:11+00:00,2025-12-08 15:02:11+00:00,1,0.0157402938230825,0.01510997496568861,-9.959955076793449,sell,0.0,"Sell on Uniswap, Buy on Binance"
588,2025-12-08 15:02:59+00:00,2025-12-08 15:02:59+00:00,1,1.0802904455655251,7.676550002733446,16.106005643431217,buy,0.0,"Buy on Uniswap, Sell on Binance"
589,2025-12-08 15:08:11+00:00,2025-12-08 15:08:11+00:00,1,1.384483492839575,0.1723190735811892,-9.124464520142283,sell,0.0,"Sell on Uniswap, Buy on Binance"
590,2025-12-08 15:08:35+00:00,2025-12-08 15:08:35+00:00,1,0.4014220280884222,1.0372104766923977,-11.583840457464703,sell,0.0,"Sell on Uniswap, Buy on Binance"
591,2025-12-08 15:08:47+00:00,2025-12-08 15:08:47+00:00,1,2.872922904,18.14650318763944,-15.316390586873695,sell,0.0,"Sell on Uniswap, Buy on Binance"
592,2025-12-08 15:08:59+00:00,2025-12-08 15:08:59+00:00,1,1.3796174716501417,2.553909268024658,-10.851172024496009,sell,0.0,"Sell on Uniswap, Buy on Binance"
593,2025-12-08 15:15:35+00:00,2025-12-08 15:15:35+00:00,1,0.3587405389699676,0.5627193393885452,10.56859701723215,buy,0.0,"Buy on Uniswap, Sell on Binance"
594,2025-12-08 15:15:59+00:00,2025-12-08 15:15:59+00:00,1,0.9073677357770764,3.1731381555966465,12.497080654823094,buy,0.0,"Buy on Uniswap, Sell on Binance"
595,2025-12-08 15:22:47+00:00,2025-12-08 15:22:47+00:00,1,2.8917898470000005,3.583950186058898,-10.239353609937098,sell,0.0,"Sell on Uniswap, Buy on Binance"
596,2025-12-08 15:22:59+00:00,2025-12-08 15:22:59+00:00,1,0.5139350656,2.103930140415977,-13.093766472150946,sell,0.0,"Sell on Uniswap, Buy on Binance"
597,2025-12-08 15:24:47+00:00,2025-12-08 15:24:47+00:00,1,0.0056011159483976,0.000864606246190662,-9.154363211573582,sell,0.0,"Sell on Uniswap, Buy on Binance"
598,2025-12-08 15:24:59+00:00,2025-12-08 15:24:59+00:00,4,3.4158954987828665,8.548962347325839,-11.31257578356724,sell,0.0,"Sell on Uniswap, Buy on Binance"
599,2025-12-08 15:25:11+00:00,2025-12-08 15:25:11+00:00,1,0.160972204,0.22476907508002328,-10.396322281081666,sell,0.0,"Sell on Uniswap, Buy on Binance"
600,2025-12-08 15:52:23+00:00,2025-12-08 15:52:23+00:00,1,3.5286118997144627,3.6897118078576674,10.045655320766855,buy,0.0,"Buy on Uniswap, Sell on Binance"
601,2025-12-08 15:52:59+00:00,2025-12-08 15:52:59+00:00,1,0.355445977518816,0.6275253308110251,10.7654590866141,buy,0.0,"Buy on Uniswap, Sell on Binance"
602,2025-12-08 16:13:35+00:00,2025-12-08 16:13:35+00:00,1,6.393418675666156,45.989703179140726,-16.193288209668026,sell,1.0,"Sell on Uniswap, Buy on Binance"
603,2025-12-08 17:05:23+00:00,2025-12-08 17:05:23+00:00,1,3.0203265070000005e-08,4.892114800889171e-07,-25.197304462120428,sell,1.0,"Sell on Uniswap, Buy on Binance"
604,2025-12-08 18:57:11+00:00,2025-12-08 18:57:11+00:00,1,0.2804953243352922,0.4060693962056375,-10.447686863115905,sell,0.0,"Sell on Uniswap, Buy on Binance"
605,2025-12-08 18:57:23+00:00,2025-12-08 18:57:23+00:00,1,0.0344978563937164,0.014054014586936179,-9.407388054102285,sell,0.0,"Sell on Uniswap, Buy on Binance"
606,2025-12-08 18:57:35+00:00,2025-12-08 18:57:35+00:00,1,0.2119917908217279,0.22150237557805819,-10.044862986059343,sell,0.0,"Sell on Uniswap, Buy on Binance"
607,2025-12-08 20:46:59+00:00,2025-12-08 20:46:59+00:00,1,24.348822107064063,38.98815510548957,10.601233724327813,buy,1.0,"Buy on Uniswap, Sell on Binance"
608,2025-12-09 00:01:23+00:00,2025-12-09 00:01:23+00:00,1,33.70615536987672,6.100204156720308,-9.180981903446991,sell,1.0,"Sell on Uniswap, Buy on Binance"
609,2025-12-09 00:34:59+00:00,2025-12-09 00:34:59+00:00,1,1.2349850959962436,0.7967513979663707,9.645150618051503,buy,0.0,"Buy on Uniswap, Sell on Binance"
610,2025-12-09 08:44:11+00:00,2025-12-09 08:44:11+00:00,2,79.6121779113675,823.4078842745696,-24.30483663609448,sell,0.5,"Sell on Uniswap, Buy on Binance"
611,2025-12-09 12:09:11+00:00,2025-12-09 12:09:11+00:00,1,0.2742004792299009,0.1759796153043147,9.641791786063095,buy,1.0,"Buy on Uniswap, Sell on Binance"
612,2025-12-09 12:10:11+00:00,2025-12-09 12:10:11+00:00,1,0.009733857634432,0.011187693521106932,10.149358655250126,buy,1.0,"Buy on Uniswap, Sell on Binance"
613,2025-12-09 12:14:23+00:00,2025-12-09 12:14:23+00:00,1,0.164755482297224,0.26819187527042204,10.627817609046815,buy,0.0,"Buy on Uniswap, Sell on Binance"
614,2025-12-09 12:15:11+00:00,2025-12-09 12:15:11+00:00,2,0.9119999999429947,2.5392874889455386,11.705368880286187,buy,0.0,"Buy on Uniswap, Sell on Binance"
615,2025-12-09 14:39:11+00:00,2025-12-09 14:39:11+00:00,1,2.0713782131241976,5.2266158666985785,-11.523255209301169,sell,1.0,"Sell on Uniswap, Buy on Binance"
616,2025-12-09 14:57:47+00:00,2025-12-09 14:57:47+00:00,1,1.4519298279036383,3.36402580060552,11.316934149264398,buy,1.0,"Buy on Uniswap, Sell on Binance"
617,2025-12-09 14:58:35+00:00,2025-12-09 14:58:35+00:00,1,0.204362492907868,1.0217906757707886,13.99989338176374,buy,1.0,"Buy on Uniswap, Sell on Binance"
618,2025-12-09 15:00:23+00:00,2025-12-09 15:00:23+00:00,1,2.3453139398480003e-06,1.8377770210506437e-05,16.83595317379877,buy,1.0,"Buy on Uniswap, Sell on Binance"
619,2025-12-09 15:00:35+00:00,2025-12-09 15:00:35+00:00,1,7.49999999299924,81.28908448786088,19.838544608498523,buy,1.0,"Buy on Uniswap, Sell on Binance"
620,2025-12-09 15:01:35+00:00,2025-12-09 15:01:35+00:00,1,0.547946866628176,5.136524329258166,18.374128482321794,buy,1.0,"Buy on Uniswap, Sell on Binance"
621,2025-12-09 15:01:47+00:00,2025-12-09 15:01:47+00:00,2,1.7885435185602263,31.633104685094615,25.684738738848182,buy,1.0,"Buy on Uniswap, Sell on Binance"
622,2025-12-09 15:01:59+00:00,2025-12-09 15:01:59+00:00,1,9.246878988725582,231.6993921213885,34.0570373424257,buy,1.0,"Buy on Uniswap, Sell on Binance"
623,2025-12-09 15:02:11+00:00,2025-12-09 15:02:11+00:00,2,8.062500171756698,106.82802757352282,22.245404448395448,buy,0.0,"Buy on Uniswap, Sell on Binance"
624,2025-12-09 15:02:23+00:00,2025-12-09 15:02:23+00:00,1,10.628565258952449,24.260730824557697,11.282596967085738,buy,0.0,"Buy on Uniswap, Sell on Binance"
625,2025-12-09 15:02:59+00:00,2025-12-09 15:02:59+00:00,2,16.800687390215028,5.539624017762792,-11.73564310241045,sell,0.0,"Sell on Uniswap, Buy on Binance"
626,2025-12-09 15:03:11+00:00,2025-12-09 15:03:11+00:00,1,1.4629464253804902,8.303937500780837,-14.676173342179027,sell,0.0,"Sell on Uniswap, Buy on Binance"
627,2025-12-09 15:03:35+00:00,2025-12-09 15:03:35+00:00,1,15.182813644129386,82.32111299169958,-14.421993243230645,sell,0.0,"Sell on Uniswap, Buy on Binance"
628,2025-12-09 15:03:59+00:00,2025-12-09 15:03:59+00:00,2,8.197459155757151,8.659362193769681,-10.056607570784308,sell,0.0,"Sell on Uniswap, Buy on Binance"
629,2025-12-09 15:07:23+00:00,2025-12-09 15:07:23+00:00,2,1.2657303206349588,0.822926666983632,-11.439708895957892,sell,0.0,"Sell on Uniswap, Buy on Binance"
630,2025-12-09 15:07:35+00:00,2025-12-09 15:07:35+00:00,1,0.1768169298004403,1.3260451837334442,-16.499537432473517,sell,0.0,"Sell on Uniswap, Buy on Binance"
631,2025-12-09 15:07:47+00:00,2025-12-09 15:07:47+00:00,1,0.0317294053,0.34190412836249723,-19.775623593629007,sell,0.0,"Sell on Uniswap, Buy on Binance"
632,2025-12-09 15:36:59+00:00,2025-12-09 15:36:59+00:00,1,0.0015864745252301,0.0004938897297355869,9.31131273895744,buy,0.0,"Buy on Uniswap, Sell on Binance"
633,2025-12-09 15:38:47+00:00,2025-12-09 15:38:47+00:00,1,1.4364614530765485,2.1625554127259385,10.505474030016103,buy,0.0,"Buy on Uniswap, Sell on Binance"
634,2025-12-09 15:39:47+00:00,2025-12-09 15:39:47+00:00,1,0.3894513984070459,0.8179120857171587,11.100164716477138,buy,0.0,"Buy on Uniswap, Sell on Binance"
635,2025-12-09 15:39:59+00:00,2025-12-09 15:39:59+00:00,2,1.466032542235106,4.048397424711136,11.550097486257755,buy,0.0,"Buy on Uniswap, Sell on Binance"
636,2025-12-09 15:40:11+00:00,2025-12-09 15:40:11+00:00,3,0.0726864258299265,0.29328159319292335,13.09944009748339,buy,0.0,"Buy on Uniswap, Sell on Binance"
637,2025-12-09 15:40:23+00:00,2025-12-09 15:40:23+00:00,3,2.14983672593782,22.85783758689719,19.891494533699188,buy,0.0,"Buy on Uniswap, Sell on Binance"
638,2025-12-09 15:40:59+00:00,2025-12-09 15:40:59+00:00,5,5.093118233215358,41.661446773244364,17.894027026088132,buy,0.0,"Buy on Uniswap, Sell on Binance"
639,2025-12-09 15:43:35+00:00,2025-12-09 15:43:35+00:00,1,1.427549077313335,15.932613698236747,20.160816781320136,buy,0.0,"Buy on Uniswap, Sell on Binance"
640,2025-12-09 15:43:47+00:00,2025-12-09 15:43:47+00:00,1,0.0336126174157356,0.4423709910797106,22.16086116139877,buy,0.0,"Buy on Uniswap, Sell on Binance"
641,2025-12-09 15:43:59+00:00,2025-12-09 15:43:59+00:00,1,1.8443152366787785,40.50462510874459,30.961877396667205,buy,1.0,"Buy on Uniswap, Sell on Binance"
642,2025-12-09 15:44:47+00:00,2025-12-09 15:44:47+00:00,1,11.297284821454136,33.369896358709624,11.95379791570258,buy,0.0,"Buy on Uniswap, Sell on Binance"
643,2025-12-09 15:45:23+00:00,2025-12-09 15:45:23+00:00,1,0.0430777169937113,0.0030398548585375,9.070566758655787,buy,0.0,"Buy on Uniswap, Sell on Binance"
644,2025-12-09 15:48:47+00:00,2025-12-09 15:48:47+00:00,4,8.331422007210104,17.287647170311793,11.820288031559812,buy,0.0,"Buy on Uniswap, Sell on Binance"
645,2025-12-09 15:49:11+00:00,2025-12-09 15:49:11+00:00,4,3.5699091090549575,20.23154429825746,14.957656781114792,buy,0.0,"Buy on Uniswap, Sell on Binance"
646,2025-12-09 15:49:35+00:00,2025-12-09 15:49:35+00:00,1,0.0112828079028415,0.10262625540731833,18.095808090597075,buy,0.0,"Buy on Uniswap, Sell on Binance"
647,2025-12-09 15:49:59+00:00,2025-12-09 15:49:59+00:00,2,1.7801572351687538,12.26520253925619,16.10190626405665,buy,0.0,"Buy on Uniswap, Sell on Binance"
648,2025-12-09 15:50:35+00:00,2025-12-09 15:50:35+00:00,5,3.559393617938499,1.1765440842404946,9.710466966174772,buy,0.0,"Buy on Uniswap, Sell on Binance"
649,2025-12-09 15:50:47+00:00,2025-12-09 15:50:47+00:00,4,0.11776810304008259,0.05135574347471783,9.665063601864745,buy,0.0,"Buy on Uniswap, Sell on Binance"
650,2025-12-09 15:51:47+00:00,2025-12-09 15:51:47+00:00,1,4.15631244281736,3.397809005136005,-9.817505674051972,sell,0.0,"Sell on Uniswap, Buy on Binance"
651,2025-12-09 15:53:23+00:00,2025-12-09 15:53:23+00:00,2,9.741998967832076,10.837082605525774,10.230340779467042,buy,0.0,"Buy on Uniswap, Sell on Binance"
652,2025-12-09 15:53:47+00:00,2025-12-09 15:53:47+00:00,2,2.9032542103507906,7.1925332352993125,11.46169715417409,buy,0.0,"Buy on Uniswap, Sell on Binance"
653,2025-12-09 15:59:47+00:00,2025-12-09 15:59:47+00:00,5,4.702936923360836,31.856404885240252,14.68213707423638,buy,0.0,"Buy on Uniswap, Sell on Binance"
654,2025-12-09 16:00:11+00:00,2025-12-09 16:00:11+00:00,1,0.0311733712618025,0.210072701161179,15.738850905695472,buy,0.0,"Buy on Uniswap, Sell on Binance"
655,2025-12-09 16:00:23+00:00,2025-12-09 16:00:23+00:00,2,1.8131600537722947,23.14619274455841,20.958372798464325,buy,0.0,"Buy on Uniswap, Sell on Binance"
656,2025-12-09 16:00:59+00:00,2025-12-09 16:00:59+00:00,4,2.9643872677571323,17.164605155453014,14.070661140594211,buy,0.0,"Buy on Uniswap, Sell on Binance"
657,2025-12-09 16:01:47+00:00,2025-12-09 16:01:47+00:00,1,0.4401303192335457,0.19616799444021987,9.44570434225443,buy,0.0,"Buy on Uniswap, Sell on Binance"
658,2025-12-09 16:07:35+00:00,2025-12-09 16:07:35+00:00,2,31.099798296898854,171.3155519695739,12.894659969503891,buy,0.0,"Buy on Uniswap, Sell on Binance"
659,2025-12-09 16:08:35+00:00,2025-12-09 16:08:35+00:00,1,24.999999951344485,127.90694307175767,14.116277732827712,buy,0.0,"Buy on Uniswap, Sell on Binance"
660,2025-12-09 16:09:23+00:00,2025-12-09 16:09:23+00:00,1,8.803965733046947,0.06719196322764165,9.00763201098971,buy,0.0,"Buy on Uniswap, Sell on Binance"
661,2025-12-09 16:09:47+00:00,2025-12-09 16:09:47+00:00,2,4.9311663107096315,14.891470127698208,11.570699393151472,buy,0.0,"Buy on Uniswap, Sell on Binance"
662,2025-12-09 16:10:11+00:00,2025-12-09 16:10:11+00:00,1,1.3888931464692338,0.06967159492325602,9.050163394570973,buy,0.0,"Buy on Uniswap, Sell on Binance"
663,2025-12-09 16:10:47+00:00,2025-12-09 16:10:47+00:00,3,3.8928253742688006,13.020885384024231,12.084040601763263,buy,0.0,"Buy on Uniswap, Sell on Binance"
664,2025-12-09 16:10:59+00:00,2025-12-09 16:10:59+00:00,1,1.4138662119874,5.209656173762918,12.684688218441806,buy,0.0,"Buy on Uniswap, Sell on Binance"
665,2025-12-09 16:11:11+00:00,2025-12-09 16:11:11+00:00,1,1.4228426426399858,1.784443484290495,10.254139727622714,buy,0.0,"Buy on Uniswap, Sell on Binance"
666,2025-12-09 16:12:47+00:00,2025-12-09 16:12:47+00:00,1,0.1092979715973054,0.04327881684167169,9.395970906039565,buy,0.0,"Buy on Uniswap, Sell on Binance"
667,2025-12-09 16:12:59+00:00,2025-12-09 16:12:59+00:00,1,1.5999999959225883,4.833204614387684,12.020752891690336,buy,0.0,"Buy on Uniswap, Sell on Binance"
668,2025-12-09 16:13:11+00:00,2025-12-09 16:13:11+00:00,1,0.0171709560020213,0.051211100583925265,11.982425706401955,buy,0.0,"Buy on Uniswap, Sell on Binance"
669,2025-12-09 16:13:23+00:00,2025-12-09 16:13:23+00:00,1,0.0090810570774236,0.004499380741196101,9.495468831748894,buy,0.0,"Buy on Uniswap, Sell on Binance"
670,2025-12-09 16:16:47+00:00,2025-12-09 16:16:47+00:00,1,3.03385734,3.4906289889990885,-10.150558051288954,sell,0.0,"Sell on Uniswap, Buy on Binance"
671,2025-12-09 16:16:59+00:00,2025-12-09 16:16:59+00:00,1,0.0232022112320785,0.04985728998255288,-11.148816312542749,sell,0.0,"Sell on Uniswap, Buy on Binance"
672,2025-12-09 16:17:11+00:00,2025-12-09 16:17:11+00:00,1,9.579350925003247,47.41127726855059,-13.949320433057892,sell,0.0,"Sell on Uniswap, Buy on Binance"
673,2025-12-09 16:17:23+00:00,2025-12-09 16:17:23+00:00,1,3.2979889043509427,19.177945509850904,-14.815042459527376,sell,0.0,"Sell on Uniswap, Buy on Binance"
674,2025-12-09 16:23:59+00:00,2025-12-09 16:23:59+00:00,2,2.273792171098613,2.75267888382104,10.187801467434383,buy,0.0,"Buy on Uniswap, Sell on Binance"
675,2025-12-09 16:24:11+00:00,2025-12-09 16:24:11+00:00,1,10.870012475979223,43.217493613591614,12.975845815181401,buy,0.0,"Buy on Uniswap, Sell on Binance"
676,2025-12-09 16:29:47+00:00,2025-12-09 16:29:47+00:00,1,1.1576026759225515,0.5523010019001088,9.47710757187042,buy,0.0,"Buy on Uniswap, Sell on Binance"
677,2025-12-09 16:29:59+00:00,2025-12-09 16:29:59+00:00,1,0.002999979172086,0.006963486993613005,11.321178446306021,buy,0.0,"Buy on Uniswap, Sell on Binance"
678,2025-12-09 16:31:11+00:00,2025-12-09 16:31:11+00:00,1,0.5975547935137135,1.33077532792493,11.227034813158753,buy,0.0,"Buy on Uniswap, Sell on Binance"
679,2025-12-09 16:31:59+00:00,2025-12-09 16:31:59+00:00,1,0.2597493215604161,1.5109637476970197,14.817007484832175,buy,0.0,"Buy on Uniswap, Sell on Binance"
680,2025-12-09 16:32:23+00:00,2025-12-09 16:32:23+00:00,1,0.1914141342826293,0.8295270444201205,13.333677068984343,buy,0.0,"Buy on Uniswap, Sell on Binance"
681,2025-12-09 16:32:35+00:00,2025-12-09 16:32:35+00:00,1,8.469802282996909,39.98390365743176,13.720759980159073,buy,0.0,"Buy on Uniswap, Sell on Binance"
682,2025-12-09 16:33:11+00:00,2025-12-09 16:33:11+00:00,2,1.398903750864887,1.0486145762600743,9.828113797044352,buy,0.0,"Buy on Uniswap, Sell on Binance"
683,2025-12-09 16:33:23+00:00,2025-12-09 16:33:23+00:00,5,1.7040184039112345,5.263254709135064,11.747907352481343,buy,0.0,"Buy on Uniswap, Sell on Binance"
684,2025-12-09 16:33:35+00:00,2025-12-09 16:33:35+00:00,5,0.2920911625579319,1.2760320776172585,13.371721885555871,buy,0.0,"Buy on Uniswap, Sell on Binance"
685,2025-12-09 16:33:47+00:00,2025-12-09 16:33:47+00:00,4,1.696600130406775,3.894235076902001,11.89859296255247,buy,0.0,"Buy on Uniswap, Sell on Binance"
686,2025-12-09 16:35:23+00:00,2025-12-09 16:35:23+00:00,2,10.035821384035653,7.573118803372364,10.808131644665082,buy,0.0,"Buy on Uniswap, Sell on Binance"
687,2025-12-09 16:46:23+00:00,2025-12-09 16:46:23+00:00,1,0.4199999990439348,0.28379180831022166,9.675694783229119,buy,0.0,"Buy on Uniswap, Sell on Binance"
688,2025-12-09 16:49:11+00:00,2025-12-09 16:49:11+00:00,2,1.3406372257856862,2.846578962944639,12.322393583657231,buy,0.0,"Buy on Uniswap, Sell on Binance"
689,2025-12-09 16:49:47+00:00,2025-12-09 16:49:47+00:00,1,2.74720161434137,33.21361952006908,21.089982528651035,buy,1.0,"Buy on Uniswap, Sell on Binance"
690,2025-12-09 16:50:11+00:00,2025-12-09 16:50:11+00:00,1,8.969999973841546,123.22212315760794,22.737137515824998,buy,1.0,"Buy on Uniswap, Sell on Binance"
691,2025-12-09 16:50:23+00:00,2025-12-09 16:50:23+00:00,1,1.3609529823619126,13.10797751383567,18.631469774280504,buy,0.0,"Buy on Uniswap, Sell on Binance"
692,2025-12-09 16:50:35+00:00,2025-12-09 16:50:35+00:00,2,0.0823727109887678,0.4548045807855596,14.479482858113442,buy,0.0,"Buy on Uniswap, Sell on Binance"
693,2025-12-09 16:56:11+00:00,2025-12-09 16:56:11+00:00,1,1.073636846858526,1.1057778465125496,10.0299365653741,buy,0.0,"Buy on Uniswap, Sell on Binance"
694,2025-12-09 16:56:47+00:00,2025-12-09 16:56:47+00:00,1,0.0233883033272952,0.041049671123312405,10.755136768531884,buy,0.0,"Buy on Uniswap, Sell on Binance"
695,2025-12-09 16:57:23+00:00,2025-12-09 16:57:23+00:00,3,6.480495574740273,30.771305663030624,14.129623549785265,buy,0.0,"Buy on Uniswap, Sell on Binance"
696,2025-12-09 16:57:47+00:00,2025-12-09 16:57:47+00:00,1,1.352364048237807,3.4447093332976615,11.547176063861116,buy,0.0,"Buy on Uniswap, Sell on Binance"
697,2025-12-09 17:01:47+00:00,2025-12-09 17:01:47+00:00,1,4.783207195441396,4.589870642159952,9.959580142489813,buy,0.0,"Buy on Uniswap, Sell on Binance"
698,2025-12-09 17:02:47+00:00,2025-12-09 17:02:47+00:00,1,9.189999978400834,12.489204961956771,10.358999454984769,buy,0.0,"Buy on Uniswap, Sell on Binance"
699,2025-12-09 17:03:23+00:00,2025-12-09 17:03:23+00:00,1,3.000088563283787,2.759541503077409,9.919820013598837,buy,0.0,"Buy on Uniswap, Sell on Binance"
700,2025-12-09 17:03:35+00:00,2025-12-09 17:03:35+00:00,2,1.9038734191917495,4.7675677507410485,11.69875459015202,buy,0.0,"Buy on Uniswap, Sell on Binance"
701,2025-12-09 17:03:59+00:00,2025-12-09 17:03:59+00:00,1,0.0142366375494098,0.03705585762990818,11.602851797083531,buy,0.0,"Buy on Uniswap, Sell on Binance"
702,2025-12-09 17:04:47+00:00,2025-12-09 17:04:47+00:00,1,4.537085420670776,24.381464077186425,14.37381640779904,buy,0.0,"Buy on Uniswap, Sell on Binance"
703,2025-12-09 17:05:11+00:00,2025-12-09 17:05:11+00:00,4,4.033140125287767,13.32365664001742,13.458271225705062,buy,0.0,"Buy on Uniswap, Sell on Binance"
704,2025-12-09 17:06:47+00:00,2025-12-09 17:06:47+00:00,2,9.402897407500083,8.843259118008561,-9.983747013037373,sell,0.0,"Sell on Uniswap, Buy on Binance"
705,2025-12-09 17:06:59+00:00,2025-12-09 17:06:59+00:00,2,0.3701198310837886,0.5728112002715734,-10.606409675142231,sell,0.0,"Sell on Uniswap, Buy on Binance"
706,2025-12-09 17:12:23+00:00,2025-12-09 17:12:23+00:00,1,2.072560089925372,4.496699212502642,11.169635145615757,buy,0.0,"Buy on Uniswap, Sell on Binance"
707,2025-12-09 17:17:23+00:00,2025-12-09 17:17:23+00:00,1,1.792167022055455,0.12620920405587072,-9.07042267964016,sell,0.0,"Sell on Uniswap, Buy on Binance"
708,2025-12-09 17:17:35+00:00,2025-12-09 17:17:35+00:00,1,2.948086703513,5.770457022542406,-10.957356619011989,sell,0.0,"Sell on Uniswap, Buy on Binance"
709,2025-12-09 17:20:23+00:00,2025-12-09 17:20:23+00:00,1,1.8403194009614483,1.512740486826168,9.821998880213869,buy,0.0,"Buy on Uniswap, Sell on Binance"
710,2025-12-09 18:24:23+00:00,2025-12-09 18:24:23+00:00,2,0.0159554088151339,0.01273995460125342,9.787751020618543,buy,0.0,"Buy on Uniswap, Sell on Binance"
711,2025-12-09 18:54:35+00:00,2025-12-09 18:54:35+00:00,1,11.999999999486528,38.08317490175822,12.173597908615648,buy,1.0,"Buy on Uniswap, Sell on Binance"
712,2025-12-09 20:16:11+00:00,2025-12-09 20:16:11+00:00,2,0.1474749539944004,0.21745159054790536,-9.986589930750142,sell,0.0,"Sell on Uniswap, Buy on Binance"
713,2025-12-09 20:17:35+00:00,2025-12-09 20:17:35+00:00,1,7.5175484905875e-05,0.00017230575123897948,-11.292047087620631,sell,0.0,"Sell on Uniswap, Buy on Binance"
714,2025-12-09 20:25:59+00:00,2025-12-09 20:25:59+00:00,1,0.060123005009233,0.008420891218020221,-9.140061050120948,sell,0.0,"Sell on Uniswap, Buy on Binance"
715,2025-12-09 20:27:11+00:00,2025-12-09 20:27:11+00:00,1,0.5199999986864863,0.45011965149489586,9.865614716599794,buy,0.0,"Buy on Uniswap, Sell on Binance"
716,2025-12-09 20:27:23+00:00,2025-12-09 20:27:23+00:00,1,1.353895960795099,4.009555628271573,11.961494637975647,buy,0.0,"Buy on Uniswap, Sell on Binance"
717,2025-12-09 20:27:35+00:00,2025-12-09 20:27:35+00:00,1,0.593999999546062,2.1479174951000135,12.616022721786976,buy,0.0,"Buy on Uniswap, Sell on Binance"
718,2025-12-09 20:27:59+00:00,2025-12-09 20:27:59+00:00,1,1.2749999961331298,6.238268168603379,13.892759362763172,buy,1.0,"Buy on Uniswap, Sell on Binance"
719,2025-12-09 20:32:23+00:00,2025-12-09 20:32:23+00:00,1,1.2042459874217637,0.41260141861080885,-9.342622207522709,sell,0.0,"Sell on Uniswap, Buy on Binance"
720,2025-12-09 21:19:59+00:00,2025-12-09 21:19:59+00:00,1,0.0629999999622453,0.10729187461211642,10.703045629784356,buy,0.0,"Buy on Uniswap, Sell on Binance"
721,2025-12-09 21:20:23+00:00,2025-12-09 21:20:23+00:00,1,1.6836316708384609,0.677510743952355,9.40241031081041,buy,0.0,"Buy on Uniswap, Sell on Binance"
722,2025-12-09 21:47:59+00:00,2025-12-09 21:47:59+00:00,2,0.5404483226771148,2.0524907662014886,-12.860131404515414,sell,1.0,"Sell on Uniswap, Buy on Binance"
723,2025-12-09 21:49:59+00:00,2025-12-09 21:49:59+00:00,1,2.9980408620105043,10.65694148795623,-12.554635169585254,sell,0.0,"Sell on Uniswap, Buy on Binance"
724,2025-12-09 22:37:47+00:00,2025-12-09 22:37:47+00:00,1,0.615526749527659,0.6908045245986585,10.12229813753629,buy,0.0,"Buy on Uniswap, Sell on Binance"
725,2025-12-09 22:37:59+00:00,2025-12-09 22:37:59+00:00,1,0.3199999995975413,1.8012966595268327,14.629052068100918,buy,1.0,"Buy on Uniswap, Sell on Binance"
726,2025-12-09 22:38:23+00:00,2025-12-09 22:38:23+00:00,2,0.30199594716775413,0.5357424836505507,9.920144451517217,buy,0.0,"Buy on Uniswap, Sell on Binance"
727,2025-12-09 22:38:59+00:00,2025-12-09 22:38:59+00:00,1,3.0005343073352786,0.2981320997057824,-9.099359670368358,sell,0.0,"Sell on Uniswap, Buy on Binance"
728,2025-12-10 02:09:35+00:00,2025-12-10 02:09:35+00:00,2,12.572334043462828,5.836494481020505,9.698102457678033,buy,1.0,"Buy on Uniswap, Sell on Binance"
729,2025-12-10 10:02:47+00:00,2025-12-10 10:02:47+00:00,1,1.3628705574843023,2.0935072495921956,10.53610131064579,buy,1.0,"Buy on Uniswap, Sell on Binance"
730,2025-12-10 10:04:47+00:00,2025-12-10 10:04:47+00:00,1,2.896764868217567,0.2638114898777508,-9.091071074760748,sell,1.0,"Sell on Uniswap, Buy on Binance"
731,2025-12-10 12:42:11+00:00,2025-12-10 12:42:11+00:00,1,0.2399999999444435,0.4122708159443468,10.717795066832423,buy,1.0,"Buy on Uniswap, Sell on Binance"
732,2025-12-10 14:42:11+00:00,2025-12-10 14:42:11+00:00,1,0.0026124942079005,0.00214959801072783,-9.822814459923848,sell,1.0,"Sell on Uniswap, Buy on Binance"
733,2025-12-10 14:43:11+00:00,2025-12-10 14:43:11+00:00,1,2.7573089389679657,4.403859277428462,-10.59715845228311,sell,1.0,"Sell on Uniswap, Buy on Binance"
734,2025-12-10 14:43:35+00:00,2025-12-10 14:43:35+00:00,1,0.851185994997304,2.235626172966796,-11.62648373693446,sell,1.0,"Sell on Uniswap, Buy on Binance"
735,2025-12-10 16:01:35+00:00,2025-12-10 16:01:35+00:00,1,0.150036342,0.0371983529240139,-9.247928951267113,sell,1.0,"Sell on Uniswap, Buy on Binance"
736,2025-12-10 16:03:11+00:00,2025-12-10 16:03:11+00:00,1,0.1867194994792378,0.09019424291702886,9.483046726070825,buy,0.0,"Buy on Uniswap, Sell on Binance"
737,2025-12-10 16:25:47+00:00,2025-12-10 16:25:47+00:00,2,1.0910046096313621,1.2682368087308709,10.248246209995614,buy,0.0,"Buy on Uniswap, Sell on Binance"
738,2025-12-10 16:26:11+00:00,2025-12-10 16:26:11+00:00,1,0.0099699999862796,0.024438782662562084,11.451231965515944,buy,0.0,"Buy on Uniswap, Sell on Binance"
739,2025-12-10 17:14:23+00:00,2025-12-10 17:14:23+00:00,1,0.007470660221221,0.004980105823332517,9.666621915046562,buy,0.0,"Buy on Uniswap, Sell on Binance"
740,2025-12-10 17:16:59+00:00,2025-12-10 17:16:59+00:00,1,0.0008839162336537,0.007258860270955369,17.21215856727804,buy,1.0,"Buy on Uniswap, Sell on Binance"
741,2025-12-10 18:10:11+00:00,2025-12-10 18:10:11+00:00,1,1.753619964e-08,8.395553975026026e-07,-56.875561110035505,sell,1.0,"Sell on Uniswap, Buy on Binance"
742,2025-12-10 18:34:11+00:00,2025-12-10 18:34:11+00:00,1,3.057115427287525,0.5335580538081979,9.174529901306869,buy,0.0,"Buy on Uniswap, Sell on Binance"
743,2025-12-10 18:34:35+00:00,2025-12-10 18:34:35+00:00,3,2.8469118187926137,10.404861464200076,13.117854024727876,buy,0.0,"Buy on Uniswap, Sell on Binance"
744,2025-12-10 18:36:11+00:00,2025-12-10 18:36:11+00:00,2,1.1963205266849544,5.76695752139941,13.968268135807193,buy,0.0,"Buy on Uniswap, Sell on Binance"
745,2025-12-10 18:36:23+00:00,2025-12-10 18:36:23+00:00,7,0.5234940834921593,3.6801440502491527,17.483877401476157,buy,0.0,"Buy on Uniswap, Sell on Binance"
746,2025-12-10 18:37:11+00:00,2025-12-10 18:37:11+00:00,1,0.3616370330354068,0.19305012205303398,9.533822878792762,buy,0.0,"Buy on Uniswap, Sell on Binance"
747,2025-12-10 18:37:35+00:00,2025-12-10 18:37:35+00:00,2,0.0429815996269145,0.013650742107161442,9.485357692948583,buy,0.0,"Buy on Uniswap, Sell on Binance"
748,2025-12-10 18:37:47+00:00,2025-12-10 18:37:47+00:00,2,9.161758103252419,50.032661029550916,12.763402240546611,buy,0.0,"Buy on Uniswap, Sell on Binance"
749,2025-12-10 18:37:59+00:00,2025-12-10 18:37:59+00:00,4,1.3619017063408363,4.850000376201136,12.66941144841121,buy,0.0,"Buy on Uniswap, Sell on Binance"
750,2025-12-10 18:38:47+00:00,2025-12-10 18:38:47+00:00,1,0.0169672971381246,0.007543969540842307,9.444618225249997,buy,0.0,"Buy on Uniswap, Sell on Binance"
751,2025-12-10 18:38:59+00:00,2025-12-10 18:38:59+00:00,4,1.3668428974995257,1.073713940304518,9.891273149714834,buy,0.0,"Buy on Uniswap, Sell on Binance"
752,2025-12-10 18:39:23+00:00,2025-12-10 18:39:23+00:00,1,1.091704771185727,1.7429065661894485,-10.5964999074763,sell,0.0,"Sell on Uniswap, Buy on Binance"
753,2025-12-10 18:39:47+00:00,2025-12-10 18:39:47+00:00,1,2.873499278663847,15.065648169052956,-14.242962224113853,sell,0.0,"Sell on Uniswap, Buy on Binance"
754,2025-12-10 18:40:35+00:00,2025-12-10 18:40:35+00:00,2,0.5121159106753608,8.512487754203407,-24.507928243282095,sell,1.0,"Sell on Uniswap, Buy on Binance"
755,2025-12-10 18:40:59+00:00,2025-12-10 18:40:59+00:00,1,2.105249996852248,23.55614670676281,-20.189239635190006,sell,0.0,"Sell on Uniswap, Buy on Binance"
756,2025-12-10 18:52:47+00:00,2025-12-10 18:52:47+00:00,3,1.718636016940912,8.014572414094074,-12.283930912328136,sell,0.0,"Sell on Uniswap, Buy on Binance"
757,2025-12-10 18:52:59+00:00,2025-12-10 18:52:59+00:00,1,0.4996651985,4.431118758114998,-17.86817567326534,sell,0.0,"Sell on Uniswap, Buy on Binance"
758,2025-12-10 18:55:11+00:00,2025-12-10 18:55:11+00:00,3,2.349496745055483,5.544148938811503,-11.066505905985196,sell,0.0,"Sell on Uniswap, Buy on Binance"
759,2025-12-10 18:55:23+00:00,2025-12-10 18:55:23+00:00,1,0.4913072181754883,3.7746795586985247,-16.682931206905778,sell,0.0,"Sell on Uniswap, Buy on Binance"
760,2025-12-10 18:55:59+00:00,2025-12-10 18:55:59+00:00,1,0.0847794730304481,0.9687214027735316,-20.42636735222004,sell,0.0,"Sell on Uniswap, Buy on Binance"
761,2025-12-10 18:57:11+00:00,2025-12-10 18:57:11+00:00,1,3.2425004712336167,10.708943716715437,12.302680697110645,buy,0.0,"Buy on Uniswap, Sell on Binance"
762,2025-12-10 18:58:35+00:00,2025-12-10 18:58:35+00:00,1,0.0004746440456831,0.0017179850777882988,12.619523079270493,buy,0.0,"Buy on Uniswap, Sell on Binance"
763,2025-12-10 18:59:11+00:00,2025-12-10 18:59:11+00:00,1,1.655438698145012,9.807622933311142,14.924485723513044,buy,0.0,"Buy on Uniswap, Sell on Binance"
764,2025-12-10 18:59:23+00:00,2025-12-10 18:59:23+00:00,2,5.82951133885196,63.00046261706841,20.1789326852263,buy,0.0,"Buy on Uniswap, Sell on Binance"
765,2025-12-10 18:59:35+00:00,2025-12-10 18:59:35+00:00,1,0.0388044235262612,0.6044186395096237,24.576024189628242,buy,0.0,"Buy on Uniswap, Sell on Binance"
766,2025-12-10 18:59:59+00:00,2025-12-10 18:59:59+00:00,1,1.950485291332791,31.09500942631835,24.942191189286405,buy,0.0,"Buy on Uniswap, Sell on Binance"
767,2025-12-10 19:00:35+00:00,2025-12-10 19:00:35+00:00,1,30.8037919818368,197.16818683967858,-15.400776467908145,sell,0.0,"Sell on Uniswap, Buy on Binance"
768,2025-12-10 19:00:47+00:00,2025-12-10 19:00:47+00:00,2,16.34061778042575,381.1360004244896,-33.06934893590096,sell,1.0,"Sell on Uniswap, Buy on Binance"
769,2025-12-10 19:00:59+00:00,2025-12-10 19:00:59+00:00,1,0.0299180408970662,0.3889413417955033,-22.000227626323067,sell,0.0,"Sell on Uniswap, Buy on Binance"
770,2025-12-10 19:01:35+00:00,2025-12-10 19:01:35+00:00,4,11.229874616805429,18.4726224325351,-10.426211068832345,sell,0.0,"Sell on Uniswap, Buy on Binance"
771,2025-12-10 19:01:47+00:00,2025-12-10 19:01:47+00:00,2,2.040235815384178,14.162706481506671,-16.534565415875477,sell,0.0,"Sell on Uniswap, Buy on Binance"
772,2025-12-10 19:02:11+00:00,2025-12-10 19:02:11+00:00,2,0.2853444556517233,2.6438717229168374,-17.96296742334789,sell,0.0,"Sell on Uniswap, Buy on Binance"
773,2025-12-10 19:02:23+00:00,2025-12-10 19:02:23+00:00,1,4.420545149999999,59.75094019050174,-22.516645156424147,sell,0.0,"Sell on Uniswap, Buy on Binance"
774,2025-12-10 19:02:47+00:00,2025-12-10 19:02:47+00:00,1,5.651652705455249,91.09467975391834,-25.118237354887242,sell,0.0,"Sell on Uniswap, Buy on Binance"
775,2025-12-10 19:03:23+00:00,2025-12-10 19:03:23+00:00,1,15.37944485522361,7.40462659275095,-9.481462540582925,sell,0.0,"Sell on Uniswap, Buy on Binance"
776,2025-12-10 19:03:35+00:00,2025-12-10 19:03:35+00:00,1,8.407918169455249,1.671073432094314,-9.198749963833507,sell,0.0,"Sell on Uniswap, Buy on Binance"
777,2025-12-10 19:04:23+00:00,2025-12-10 19:04:23+00:00,1,0.78849999865955,0.030124502020767014,9.038204821904856,buy,0.0,"Buy on Uniswap, Sell on Binance"
778,2025-12-10 19:05:11+00:00,2025-12-10 19:05:11+00:00,2,4.60731893751387,38.47573905135707,16.62989203613961,buy,0.0,"Buy on Uniswap, Sell on Binance"
779,2025-12-10 19:05:47+00:00,2025-12-10 19:05:47+00:00,2,8.459997215715363,70.06489243596499,15.861672494641425,buy,0.0,"Buy on Uniswap, Sell on Binance"
780,2025-12-10 19:05:59+00:00,2025-12-10 19:05:59+00:00,5,7.995425411283191,92.36766102937202,22.459677918127728,buy,0.0,"Buy on Uniswap, Sell on Binance"
781,2025-12-10 19:06:11+00:00,2025-12-10 19:06:11+00:00,2,1.4885724848288473,11.414427505159164,15.335526636772101,buy,0.0,"Buy on Uniswap, Sell on Binance"
782,2025-12-10 19:06:23+00:00,2025-12-10 19:06:23+00:00,1,6.964508232129111,26.10323357578205,12.74803686143423,buy,0.0,"Buy on Uniswap, Sell on Binance"
783,2025-12-10 19:06:59+00:00,2025-12-10 19:06:59+00:00,1,4.430954114999999,0.7772253135022711,-9.1754081160243,sell,0.0,"Sell on Uniswap, Buy on Binance"
784,2025-12-10 19:07:11+00:00,2025-12-10 19:07:11+00:00,2,20.56418505709098,86.9082999061963,-13.47783135573627,sell,0.0,"Sell on Uniswap, Buy on Binance"
785,2025-12-10 19:14:59+00:00,2025-12-10 19:14:59+00:00,2,0.9566362243870983,1.8156570695099155,10.86261113940509,buy,0.0,"Buy on Uniswap, Sell on Binance"
786,2025-12-10 19:15:11+00:00,2025-12-10 19:15:11+00:00,2,2.9077999943494093,4.673261063912607,10.46662092434076,buy,0.0,"Buy on Uniswap, Sell on Binance"
787,2025-12-10 19:16:35+00:00,2025-12-10 19:16:35+00:00,1,1.9535719366034283,4.109659904136644,-11.103664486131947,sell,0.0,"Sell on Uniswap, Buy on Binance"
788,2025-12-10 19:16:59+00:00,2025-12-10 19:16:59+00:00,1,0.0822582291999999,0.5202630523720081,-15.324753856627012,sell,0.0,"Sell on Uniswap, Buy on Binance"
789,2025-12-10 19:17:23+00:00,2025-12-10 19:17:23+00:00,1,0.3084805114501521,1.1859269451316816,-12.844414480372507,sell,0.0,"Sell on Uniswap, Buy on Binance"
790,2025-12-10 19:20:47+00:00,2025-12-10 19:20:47+00:00,1,0.2958614310549999,0.2202483672083037,9.74443081824802,buy,0.0,"Buy on Uniswap, Sell on Binance"
791,2025-12-10 19:20:59+00:00,2025-12-10 19:20:59+00:00,1,0.0591457506375,0.023021301329017942,9.389230013667657,buy,0.0,"Buy on Uniswap, Sell on Binance"
792,2025-12-10 19:22:59+00:00,2025-12-10 19:22:59+00:00,1,0.2255624998988328,0.23122584407773836,-10.025107649460551,sell,0.0,"Sell on Uniswap, Buy on Binance"
793,2025-12-10 19:23:11+00:00,2025-12-10 19:23:11+00:00,1,0.001175762496,0.00221190947566487,-10.881255341269934,sell,0.0,"Sell on Uniswap, Buy on Binance"
794,2025-12-10 19:29:47+00:00,2025-12-10 19:29:47+00:00,2,1.3449939148528158,2.2853972029395377,10.754337535239983,buy,0.0,"Buy on Uniswap, Sell on Binance"
795,2025-12-10 19:31:11+00:00,2025-12-10 19:31:11+00:00,1,7.533670686133838,8.154995807839935,10.082473092811142,buy,0.0,"Buy on Uniswap, Sell on Binance"
796,2025-12-10 19:33:35+00:00,2025-12-10 19:33:35+00:00,1,4.217701807367535,5.244334463746907,10.243410440867592,buy,0.0,"Buy on Uniswap, Sell on Binance"
797,2025-12-10 19:33:47+00:00,2025-12-10 19:33:47+00:00,1,2.9906448119728197,19.56974839195674,15.543655172159106,buy,0.0,"Buy on Uniswap, Sell on Binance"
798,2025-12-10 19:35:47+00:00,2025-12-10 19:35:47+00:00,3,9.242403389502247,30.513427172151964,-12.525210260888798,sell,0.0,"Sell on Uniswap, Buy on Binance"
799,2025-12-10 19:39:11+00:00,2025-12-10 19:39:11+00:00,1,2.4875448291600715,1.4365812826220057,-9.577509705868124,sell,0.0,"Sell on Uniswap, Buy on Binance"
800,2025-12-10 19:39:47+00:00,2025-12-10 19:39:47+00:00,1,0.6420606808015955,1.607627239844701,-11.503855613518681,sell,0.0,"Sell on Uniswap, Buy on Binance"
801,2025-12-10 19:40:23+00:00,2025-12-10 19:40:23+00:00,1,0.2861298916486783,0.22747473000405624,-9.795005124048203,sell,0.0,"Sell on Uniswap, Buy on Binance"
802,2025-12-10 19:40:35+00:00,2025-12-10 19:40:35+00:00,1,0.5104202158110421,1.1771340714177612,-11.306205818175386,sell,0.0,"Sell on Uniswap, Buy on Binance"
803,2025-12-10 19:48:59+00:00,2025-12-10 19:48:59+00:00,2,42.749728127936,336.95433947549384,19.222310527958825,buy,0.0,"Buy on Uniswap, Sell on Binance"
804,2025-12-10 19:50:59+00:00,2025-12-10 19:50:59+00:00,1,1.4284999984780309,0.2831648736887064,9.198225323059432,buy,0.0,"Buy on Uniswap, Sell on Binance"
805,2025-12-10 20:00:11+00:00,2025-12-10 20:00:11+00:00,1,2.36174607428608,11.142959301131116,-13.71810217976099,sell,0.0,"Sell on Uniswap, Buy on Binance"
806,2025-12-10 20:00:59+00:00,2025-12-10 20:00:59+00:00,2,1.0408194107988868,1.16221802480788,-10.091178240925274,sell,0.0,"Sell on Uniswap, Buy on Binance"
807,2025-12-10 20:06:47+00:00,2025-12-10 20:06:47+00:00,1,7.382960753040126,15.12809394186033,11.049055175544709,buy,0.0,"Buy on Uniswap, Sell on Binance"
808,2025-12-10 20:06:59+00:00,2025-12-10 20:06:59+00:00,1,3.42880725061963,18.599738586804726,14.424550646130228,buy,0.0,"Buy on Uniswap, Sell on Binance"
809,2025-12-10 20:07:23+00:00,2025-12-10 20:07:23+00:00,1,2.507399997896988,11.317476386766275,13.513630213072702,buy,0.0,"Buy on Uniswap, Sell on Binance"
810,2025-12-10 20:07:47+00:00,2025-12-10 20:07:47+00:00,1,0.0549720949610077,0.12980718353654502,11.361328663726908,buy,0.0,"Buy on Uniswap, Sell on Binance"
811,2025-12-10 20:08:11+00:00,2025-12-10 20:08:11+00:00,1,0.2807781524156773,0.5440466217111473,10.937638726626119,buy,0.0,"Buy on Uniswap, Sell on Binance"
812,2025-12-10 20:08:23+00:00,2025-12-10 20:08:23+00:00,2,0.49817794997212317,3.104620837418349,15.233477168752415,buy,0.0,"Buy on Uniswap, Sell on Binance"
813,2025-12-10 20:08:47+00:00,2025-12-10 20:08:47+00:00,1,2.5337486499e-08,4.6646595287149034e-07,-27.410111551116188,sell,1.0,"Sell on Uniswap, Buy on Binance"
814,2025-12-10 20:11:47+00:00,2025-12-10 20:11:47+00:00,1,0.0608429696029081,0.021670268024996272,9.356167165515217,buy,0.0,"Buy on Uniswap, Sell on Binance"
815,2025-12-10 20:12:35+00:00,2025-12-10 20:12:35+00:00,2,5.066565411466049,13.433462236023663,11.059865147651408,buy,0.0,"Buy on Uniswap, Sell on Binance"
816,2025-12-10 20:12:59+00:00,2025-12-10 20:12:59+00:00,1,1.2516033980047896,0.6827995892942915,9.545539897369054,buy,0.0,"Buy on Uniswap, Sell on Binance"
817,2025-12-10 20:13:11+00:00,2025-12-10 20:13:11+00:00,4,1.9615220437821765,9.4336681723064,12.923014873340435,buy,0.0,"Buy on Uniswap, Sell on Binance"
818,2025-12-10 20:13:23+00:00,2025-12-10 20:13:23+00:00,1,3.094148047278487,3.028627162494729,9.978824256699227,buy,0.0,"Buy on Uniswap, Sell on Binance"
819,2025-12-10 20:13:35+00:00,2025-12-10 20:13:35+00:00,6,3.404922612825266,2.8764186961986518,13.188966072878202,buy,0.0,"Buy on Uniswap, Sell on Binance"
820,2025-12-10 20:13:47+00:00,2025-12-10 20:13:47+00:00,5,1.622254911485793,18.949102244613826,18.955891648977378,buy,0.0,"Buy on Uniswap, Sell on Binance"
821,2025-12-10 20:13:59+00:00,2025-12-10 20:13:59+00:00,1,0.4251052774642973,5.757409318397763,22.543490574240877,buy,0.0,"Buy on Uniswap, Sell on Binance"
822,2025-12-10 20:14:11+00:00,2025-12-10 20:14:11+00:00,1,1.3339514405004058,9.1838143401917,15.884669157631834,buy,0.0,"Buy on Uniswap, Sell on Binance"
823,2025-12-10 20:14:23+00:00,2025-12-10 20:14:23+00:00,1,0.3141545428228688,1.8662387965050171,14.940511888625679,buy,0.0,"Buy on Uniswap, Sell on Binance"
824,2025-12-10 20:14:35+00:00,2025-12-10 20:14:35+00:00,1,0.2072447417139813,1.1612848519625694,14.603446641677692,buy,0.0,"Buy on Uniswap, Sell on Binance"
825,2025-12-10 20:15:35+00:00,2025-12-10 20:15:35+00:00,1,0.2288118094296499,0.13271501881775055,9.580018221736736,buy,0.0,"Buy on Uniswap, Sell on Binance"
826,2025-12-10 20:15:47+00:00,2025-12-10 20:15:47+00:00,3,28.7180110916129,371.7764224875909,21.358930210395556,buy,0.3333333333333333,"Buy on Uniswap, Sell on Binance"
827,2025-12-10 20:15:59+00:00,2025-12-10 20:15:59+00:00,1,1.324302467426144,12.380610717762053,18.348778713540014,buy,0.0,"Buy on Uniswap, Sell on Binance"
828,2025-12-10 20:17:35+00:00,2025-12-10 20:17:35+00:00,1,0.289736274647293,0.3339605505777776,-10.15263631032849,sell,0.0,"Sell on Uniswap, Buy on Binance"
829,2025-12-10 20:17:47+00:00,2025-12-10 20:17:47+00:00,1,3.0074737545361567,19.265562898899677,-15.40589560252738,sell,0.0,"Sell on Uniswap, Buy on Binance"
830,2025-12-10 20:17:59+00:00,2025-12-10 20:17:59+00:00,3,6.807037379290676,44.540944110375506,-15.002117772701391,sell,0.0,"Sell on Uniswap, Buy on Binance"
831,2025-12-10 20:18:23+00:00,2025-12-10 20:18:23+00:00,4,6.673955825708935,77.76798716752026,-20.603281575818755,sell,0.25,"Sell on Uniswap, Buy on Binance"
832,2025-12-10 20:18:35+00:00,2025-12-10 20:18:35+00:00,1,0.0186977896229332,0.32155637539226317,-26.19756088162785,sell,1.0,"Sell on Uniswap, Buy on Binance"
833,2025-12-10 20:18:47+00:00,2025-12-10 20:18:47+00:00,3,5.9674840943738685,118.31187663742732,-28.503853284435838,sell,1.0,"Sell on Uniswap, Buy on Binance"
834,2025-12-10 20:18:59+00:00,2025-12-10 20:18:59+00:00,1,0.0005487161477687,0.007992667708426767,-23.56612447242196,sell,0.0,"Sell on Uniswap, Buy on Binance"
835,2025-12-10 20:21:23+00:00,2025-12-10 20:21:23+00:00,2,2.1363368123057347,6.519289460501593,-13.558806811334762,sell,0.0,"Sell on Uniswap, Buy on Binance"
836,2025-12-10 20:21:35+00:00,2025-12-10 20:21:35+00:00,1,1.46008834,16.290203000267134,-20.156998213044517,sell,0.0,"Sell on Uniswap, Buy on Binance"
837,2025-12-10 20:22:59+00:00,2025-12-10 20:22:59+00:00,1,5.897269738440981,1.7918296038549417,9.303840536947973,buy,0.0,"Buy on Uniswap, Sell on Binance"
838,2025-12-10 20:24:47+00:00,2025-12-10 20:24:47+00:00,1,0.0124460581378982,0.003648668629385829,9.293158571891581,buy,0.0,"Buy on Uniswap, Sell on Binance"
839,2025-12-10 20:30:23+00:00,2025-12-10 20:30:23+00:00,1,4.035636022075607,2.6450956747253853,-9.655434647786933,sell,0.0,"Sell on Uniswap, Buy on Binance"
840,2025-12-10 20:30:59+00:00,2025-12-10 20:30:59+00:00,3,16.260325208436285,101.58851020432444,-16.67271795558069,sell,0.0,"Sell on Uniswap, Buy on Binance"
841,2025-12-10 20:31:11+00:00,2025-12-10 20:31:11+00:00,4,3.8284806047749997,28.22475954507765,-13.110509640366445,sell,0.0,"Sell on Uniswap, Buy on Binance"
842,2025-12-10 20:32:11+00:00,2025-12-10 20:32:11+00:00,2,9.541476727548899,29.003779173519327,12.785363054774962,buy,0.0,"Buy on Uniswap, Sell on Binance"
843,2025-12-10 20:34:59+00:00,2025-12-10 20:34:59+00:00,2,0.8320889301527481,2.6435169955833127,-12.162155091017894,sell,0.0,"Sell on Uniswap, Buy on Binance"
844,2025-12-10 20:35:35+00:00,2025-12-10 20:35:35+00:00,1,2.271681345563129,6.727136995165059,-11.961303093105016,sell,0.0,"Sell on Uniswap, Buy on Binance"
845,2025-12-10 20:46:47+00:00,2025-12-10 20:46:47+00:00,1,0.7092176289892838,1.3003734692873028,-10.83353235471668,sell,0.0,"Sell on Uniswap, Buy on Binance"
846,2025-12-10 20:46:59+00:00,2025-12-10 20:46:59+00:00,1,0.4398911557473512,2.621082141202999,-14.95847883495162,sell,0.0,"Sell on Uniswap, Buy on Binance"
847,2025-12-10 20:47:35+00:00,2025-12-10 20:47:35+00:00,1,3.000990772704545,4.835499155933498,-10.61130090765846,sell,0.0,"Sell on Uniswap, Buy on Binance"
848,2025-12-10 20:49:47+00:00,2025-12-10 20:49:47+00:00,1,3.0222634369239945,14.623581976605974,-13.838619227544768,sell,0.0,"Sell on Uniswap, Buy on Binance"
849,2025-12-10 20:50:11+00:00,2025-12-10 20:50:11+00:00,1,1.2949106087699769,11.846625228999027,-18.14860465947686,sell,0.0,"Sell on Uniswap, Buy on Binance"
850,2025-12-10 20:51:23+00:00,2025-12-10 20:51:23+00:00,1,7.511019902004299e-05,0.0007441987118071844,-18.90809133135963,sell,0.0,"Sell on Uniswap, Buy on Binance"
851,2025-12-10 20:57:47+00:00,2025-12-10 20:57:47+00:00,1,15.799999994157888,44.66216545329649,11.82671933353231,buy,0.0,"Buy on Uniswap, Sell on Binance"
852,2025-12-10 21:00:35+00:00,2025-12-10 21:00:35+00:00,1,1.6541637248143888,0.46072405315930753,9.27852385241431,buy,0.0,"Buy on Uniswap, Sell on Binance"
853,2025-12-10 21:00:59+00:00,2025-12-10 21:00:59+00:00,1,1.5199999966502409,2.8734087714062,10.890400511670123,buy,0.0,"Buy on Uniswap, Sell on Binance"
854,2025-12-10 21:03:11+00:00,2025-12-10 21:03:11+00:00,1,0.5917899043130278,0.970869725012793,-10.640564865904253,sell,0.0,"Sell on Uniswap, Buy on Binance"
855,2025-12-10 21:04:23+00:00,2025-12-10 21:04:23+00:00,1,0.0025062499944462,0.004215947187575131,-10.682173445154149,sell,0.0,"Sell on Uniswap, Buy on Binance"
856,2025-12-10 21:04:59+00:00,2025-12-10 21:04:59+00:00,1,2.685532518,12.811717862639888,-13.770643355374887,sell,0.0,"Sell on Uniswap, Buy on Binance"
857,2025-12-10 21:10:35+00:00,2025-12-10 21:10:35+00:00,1,6.351927327250526,8.861232284543146,10.395046232114055,buy,0.0,"Buy on Uniswap, Sell on Binance"
858,2025-12-10 21:10:47+00:00,2025-12-10 21:10:47+00:00,1,1.1562825348355474,4.7935995559161695,13.145699179481198,buy,0.0,"Buy on Uniswap, Sell on Binance"
859,2025-12-10 21:10:59+00:00,2025-12-10 21:10:59+00:00,1,9.256799999820856,79.34629740254186,17.571676756987017,buy,0.0,"Buy on Uniswap, Sell on Binance"
860,2025-12-10 21:27:59+00:00,2025-12-10 21:27:59+00:00,1,5.93494384,16.094499705601883,-11.711820050786173,sell,0.0,"Sell on Uniswap, Buy on Binance"
861,2025-12-10 21:29:59+00:00,2025-12-10 21:29:59+00:00,1,1.1051568248065582,0.6945584138103869,-9.628470456156265,sell,0.0,"Sell on Uniswap, Buy on Binance"
862,2025-12-10 21:30:11+00:00,2025-12-10 21:30:11+00:00,1,0.8486764303862387,1.5632978285548873,-10.842042234922701,sell,0.0,"Sell on Uniswap, Buy on Binance"
863,2025-12-10 21:58:35+00:00,2025-12-10 21:58:35+00:00,1,5.731570142313965,0.18904499886307366,9.032983108322696,buy,0.0,"Buy on Uniswap, Sell on Binance"
864,2025-12-10 22:12:59+00:00,2025-12-10 22:12:59+00:00,1,0.1665929350244959,0.9674209252818095,-14.807094551395949,sell,1.0,"Sell on Uniswap, Buy on Binance"
865,2025-12-10 22:18:11+00:00,2025-12-10 22:18:11+00:00,1,0.0155198424486397,0.030306959001596526,-10.952787800642454,sell,0.0,"Sell on Uniswap, Buy on Binance"
866,2025-12-11 00:33:47+00:00,2025-12-11 00:33:47+00:00,1,2.725100658,4.6451639908817945,-10.704584370946122,sell,1.0,"Sell on Uniswap, Buy on Binance"
867,2025-12-11 00:33:59+00:00,2025-12-11 00:33:59+00:00,1,0.0331160883567829,0.048670801171114664,-10.469702600341861,sell,0.0,"Sell on Uniswap, Buy on Binance"
868,2025-12-11 00:34:11+00:00,2025-12-11 00:34:11+00:00,1,0.0218583445411707,0.0023872034362191117,-9.109212453473901,sell,0.0,"Sell on Uniswap, Buy on Binance"
869,2025-12-11 00:37:47+00:00,2025-12-11 00:37:47+00:00,1,0.0048833515802938,0.008884739365047125,-10.819393754261,sell,0.0,"Sell on Uniswap, Buy on Binance"
870,2025-12-11 00:37:59+00:00,2025-12-11 00:37:59+00:00,1,0.0048071639315638,0.014448197792934298,-12.005555458191793,sell,0.0,"Sell on Uniswap, Buy on Binance"
871,2025-12-11 00:38:11+00:00,2025-12-11 00:38:11+00:00,1,2.72810997,11.837943559440191,-13.33924720396817,sell,1.0,"Sell on Uniswap, Buy on Binance"
872,2025-12-11 00:47:47+00:00,2025-12-11 00:47:47+00:00,4,0.0576432796278452,0.06380094645710108,-10.352072574500994,sell,0.0,"Sell on Uniswap, Buy on Binance"
873,2025-12-11 00:47:59+00:00,2025-12-11 00:47:59+00:00,2,0.0364716616482608,0.01200568754832483,-9.327140208562469,sell,0.0,"Sell on Uniswap, Buy on Binance"
874,2025-12-11 00:52:47+00:00,2025-12-11 00:52:47+00:00,1,3.56849999714716,0.501612195590726,9.140566679554922,buy,0.0,"Buy on Uniswap, Sell on Binance"
875,2025-12-11 00:52:59+00:00,2025-12-11 00:52:59+00:00,1,0.0969999997686988,0.0764252452621857,9.787889128293045,buy,0.0,"Buy on Uniswap, Sell on Binance"
876,2025-12-11 01:21:23+00:00,2025-12-11 01:21:23+00:00,2,160.06794262540723,5636.447912989745,64.23662756111867,buy,1.0,"Buy on Uniswap, Sell on Binance"
877,2025-12-11 01:23:11+00:00,2025-12-11 01:23:11+00:00,1,0.8237460012231975,0.22561630868595375,9.27389062690554,buy,0.0,"Buy on Uniswap, Sell on Binance"
878,2025-12-11 01:23:59+00:00,2025-12-11 01:23:59+00:00,1,7.499999993882148,2.8668221435930588,9.382242952790875,buy,0.0,"Buy on Uniswap, Sell on Binance"
879,2025-12-11 01:26:11+00:00,2025-12-11 01:26:11+00:00,1,1.3925035090228652,6.208237737731024,13.458328253756008,buy,0.0,"Buy on Uniswap, Sell on Binance"
880,2025-12-11 02:12:59+00:00,2025-12-11 02:12:59+00:00,2,1.7710003371201317,0.08792374213355304,-9.307120439202663,sell,0.0,"Sell on Uniswap, Buy on Binance"
881,2025-12-11 02:17:47+00:00,2025-12-11 02:17:47+00:00,2,0.0368480960350206,0.04192082102494211,-10.63781625820593,sell,0.0,"Sell on Uniswap, Buy on Binance"
882,2025-12-11 02:17:59+00:00,2025-12-11 02:17:59+00:00,1,0.0069175161257894,0.031778300451792946,-13.593888886405239,sell,0.0,"Sell on Uniswap, Buy on Binance"
883,2025-12-11 02:18:59+00:00,2025-12-11 02:18:59+00:00,1,8.308858282857885,5.768780260904944,9.694292773389407,buy,0.0,"Buy on Uniswap, Sell on Binance"
884,2025-12-11 02:23:59+00:00,2025-12-11 02:23:59+00:00,1,1.060110602549071,0.09253719234166419,-9.087290130029032,sell,0.0,"Sell on Uniswap, Buy on Binance"
885,2025-12-11 02:26:35+00:00,2025-12-11 02:26:35+00:00,1,10.390957333778424,12.779300131383113,-10.229848195973318,sell,0.0,"Sell on Uniswap, Buy on Binance"
886,2025-12-11 02:38:11+00:00,2025-12-11 02:38:11+00:00,1,28.712143547165685,2.720607774363948,-9.09475460339263,sell,0.0,"Sell on Uniswap, Buy on Binance"
887,2025-12-11 03:02:11+00:00,2025-12-11 03:02:11+00:00,4,1.236039503003838,1.38482684342144,-9.976538358016228,sell,0.0,"Sell on Uniswap, Buy on Binance"
888,2025-12-11 03:02:35+00:00,2025-12-11 03:02:35+00:00,1,2.808072909,6.837620907509606,-11.434986956925059,sell,0.0,"Sell on Uniswap, Buy on Binance"
889,2025-12-11 03:10:59+00:00,2025-12-11 03:10:59+00:00,2,2.8330155949332836,1.263677279251741,-9.902847423820958,sell,0.0,"Sell on Uniswap, Buy on Binance"
890,2025-12-11 04:48:59+00:00,2025-12-11 04:48:59+00:00,1,0.8293752343935171,0.31349546926588984,9.37798990886813,buy,1.0,"Buy on Uniswap, Sell on Binance"
891,2025-12-11 08:16:47+00:00,2025-12-11 08:16:47+00:00,1,9.0980445164,78.8578046466668,-17.667555374621315,sell,1.0,"Sell on Uniswap, Buy on Binance"
892,2025-12-11 08:19:23+00:00,2025-12-11 08:19:23+00:00,2,36.89396162968356,104.57091916454996,-14.732418369976358,sell,1.0,"Sell on Uniswap, Buy on Binance"
893,2025-12-11 10:17:35+00:00,2025-12-11 10:17:35+00:00,2,104.0307818869169,2152.404379297384,23.759652525431193,buy,1.0,"Buy on Uniswap, Sell on Binance"
894,2025-12-11 10:17:47+00:00,2025-12-11 10:17:47+00:00,1,0.1979999999458084,0.4442904743097991,11.243891285007066,buy,0.0,"Buy on Uniswap, Sell on Binance"
895,2025-12-11 14:14:23+00:00,2025-12-11 14:14:23+00:00,1,9.333235806653745,4.395996781586231,-9.471004576832001,sell,1.0,"Sell on Uniswap, Buy on Binance"
896,2025-12-11 14:29:59+00:00,2025-12-11 14:29:59+00:00,1,0.0001180626653453,0.0008835646698520594,-16.483861788719423,sell,1.0,"Sell on Uniswap, Buy on Binance"
897,2025-12-11 14:31:11+00:00,2025-12-11 14:31:11+00:00,1,22.35105777340769,13.440552495207056,9.601338542071062,buy,0.0,"Buy on Uniswap, Sell on Binance"
898,2025-12-11 14:41:23+00:00,2025-12-11 14:41:23+00:00,1,30.96799994040285,117.99738516163961,12.810300484006802,buy,0.0,"Buy on Uniswap, Sell on Binance"
899,2025-12-11 14:42:59+00:00,2025-12-11 14:42:59+00:00,1,2.7561838923005486,12.7915988767897,-13.64105421721797,sell,0.0,"Sell on Uniswap, Buy on Binance"
900,2025-12-11 14:52:11+00:00,2025-12-11 14:52:11+00:00,1,2.837066715,0.09383534088712767,-9.033074774164106,sell,0.0,"Sell on Uniswap, Buy on Binance"
901,2025-12-11 14:56:47+00:00,2025-12-11 14:56:47+00:00,1,5.277560568929302,4.759472688349998,9.901831940379907,buy,0.0,"Buy on Uniswap, Sell on Binance"
902,2025-12-11 14:57:35+00:00,2025-12-11 14:57:35+00:00,1,0.5196257640974064,1.7007447462582168,12.27301851403081,buy,0.0,"Buy on Uniswap, Sell on Binance"
903,2025-12-11 15:23:11+00:00,2025-12-11 15:23:11+00:00,1,2.043835802166486,2.440737805597603,10.194194662316022,buy,0.0,"Buy on Uniswap, Sell on Binance"
904,2025-12-11 15:25:35+00:00,2025-12-11 15:25:35+00:00,1,5.7008164835484525,1.8276261392495574,-9.320590242559774,sell,0.0,"Sell on Uniswap, Buy on Binance"
905,2025-12-11 15:29:23+00:00,2025-12-11 15:29:23+00:00,1,0.7818437474999999,0.6840015854877429,-9.874857140796848,sell,0.0,"Sell on Uniswap, Buy on Binance"
906,2025-12-11 15:38:11+00:00,2025-12-11 15:38:11+00:00,1,0.0006420070113195,0.00027648580562392584,-9.430658545388269,sell,0.0,"Sell on Uniswap, Buy on Binance"
907,2025-12-11 15:38:23+00:00,2025-12-11 15:38:23+00:00,1,0.0918631907416158,0.05246721828271075,-9.571145176420941,sell,0.0,"Sell on Uniswap, Buy on Binance"
908,2025-12-11 16:23:47+00:00,2025-12-11 16:23:47+00:00,1,1.036138116096053,1.8026088961999058,10.739738040901102,buy,1.0,"Buy on Uniswap, Sell on Binance"
909,2025-12-11 16:36:23+00:00,2025-12-11 16:36:23+00:00,1,0.0019731561421514,0.0028782645476200072,10.458710989025803,buy,1.0,"Buy on Uniswap, Sell on Binance"
910,2025-12-11 16:36:35+00:00,2025-12-11 16:36:35+00:00,1,0.206246565587648,0.6052328368536278,11.934511103877867,buy,1.0,"Buy on Uniswap, Sell on Binance"
911,2025-12-11 16:40:47+00:00,2025-12-11 16:40:47+00:00,1,0.0249999999407872,0.05079881170352965,11.03195247295389,buy,0.0,"Buy on Uniswap, Sell on Binance"
912,2025-12-11 18:41:47+00:00,2025-12-11 18:41:47+00:00,1,0.2198280794800388,0.3769707525729258,10.71484349708453,buy,1.0,"Buy on Uniswap, Sell on Binance"
913,2025-12-11 18:43:35+00:00,2025-12-11 18:43:35+00:00,6,1.7898949895505138,5.46278055799843,11.684555910650412,buy,0.5,"Buy on Uniswap, Sell on Binance"
914,2025-12-11 18:45:47+00:00,2025-12-11 18:45:47+00:00,1,0.7899999984328498,0.9334587143194146,10.18159331160905,buy,0.0,"Buy on Uniswap, Sell on Binance"
915,2025-12-11 18:46:11+00:00,2025-12-11 18:46:11+00:00,2,2.408437039564917,1.8436198364747582,9.825151764224984,buy,0.0,"Buy on Uniswap, Sell on Binance"
916,2025-12-11 18:48:35+00:00,2025-12-11 18:48:35+00:00,1,4.437779781463879,1.1309699988684132,9.254850410467043,buy,0.0,"Buy on Uniswap, Sell on Binance"
917,2025-12-11 18:50:47+00:00,2025-12-11 18:50:47+00:00,1,4.9500357090485e-05,9.311203551455953e-06,-9.18810376528063,sell,0.0,"Sell on Uniswap, Buy on Binance"
918,2025-12-11 18:50:59+00:00,2025-12-11 18:50:59+00:00,1,5.231538528617262,13.016617720017187,-11.488105104992428,sell,1.0,"Sell on Uniswap, Buy on Binance"
919,2025-12-11 19:04:35+00:00,2025-12-11 19:04:35+00:00,1,0.0175215251519886,0.009462581202560615,-9.540054653945845,sell,0.0,"Sell on Uniswap, Buy on Binance"
920,2025-12-11 19:21:11+00:00,2025-12-11 19:21:11+00:00,1,5.410435995845123,3.1321122424358006,9.578902004356223,buy,0.0,"Buy on Uniswap, Sell on Binance"
921,2025-12-11 19:52:11+00:00,2025-12-11 19:52:11+00:00,1,0.116142152922673,0.0957088048810729,-9.824066047275664,sell,0.0,"Sell on Uniswap, Buy on Binance"
922,2025-12-11 19:56:47+00:00,2025-12-11 19:56:47+00:00,1,0.0017983784554594,0.0022412151569852594,-10.246242219028773,sell,0.0,"Sell on Uniswap, Buy on Binance"
923,2025-12-11 21:01:59+00:00,2025-12-11 21:01:59+00:00,1,4.148764548381556,1.5641235533653763,-9.377009477188949,sell,0.0,"Sell on Uniswap, Buy on Binance"
924,2025-12-11 21:16:47+00:00,2025-12-11 21:16:47+00:00,1,1.400672232887476,4.712374980782931,12.364366673471068,buy,1.0,"Buy on Uniswap, Sell on Binance"
925,2025-12-11 21:16:59+00:00,2025-12-11 21:16:59+00:00,2,0.36595925125088524,1.426966931102959,12.923498593019076,buy,1.0,"Buy on Uniswap, Sell on Binance"
926,2025-12-11 21:17:11+00:00,2025-12-11 21:17:11+00:00,3,2.29877476405715,1.50446859964057,9.753983359950931,buy,0.0,"Buy on Uniswap, Sell on Binance"
927,2025-12-11 21:29:23+00:00,2025-12-11 21:29:23+00:00,1,2.1707683910287874,14.72014271727802,15.781074746671493,buy,1.0,"Buy on Uniswap, Sell on Binance"
928,2025-12-11 22:01:11+00:00,2025-12-11 22:01:11+00:00,1,3.0673424,0.9468824279992807,-9.308697988199583,sell,0.0,"Sell on Uniswap, Buy on Binance"
929,2025-12-11 22:31:35+00:00,2025-12-11 22:31:35+00:00,1,2.2236044460351376,0.3593070340077817,9.161587657664768,buy,0.0,"Buy on Uniswap, Sell on Binance"
930,2025-12-11 23:10:35+00:00,2025-12-11 23:10:35+00:00,1,8.370551185521007,6.141504197135741,9.733703678648908,buy,0.0,"Buy on Uniswap, Sell on Binance"
931,2025-12-12 00:52:59+00:00,2025-12-12 00:52:59+00:00,1,2.7902853180000005,1.3019465968186195,-9.466599809137733,sell,1.0,"Sell on Uniswap, Buy on Binance"
932,2025-12-12 00:53:59+00:00,2025-12-12 00:53:59+00:00,1,0.0490212519755855,0.006915664918360059,-9.141074832642062,sell,0.0,"Sell on Uniswap, Buy on Binance"
933,2025-12-12 00:56:23+00:00,2025-12-12 00:56:23+00:00,1,0.4103574604220826,0.1431372286903003,-9.3488110793528,sell,0.0,"Sell on Uniswap, Buy on Binance"
934,2025-12-12 00:56:59+00:00,2025-12-12 00:56:59+00:00,1,0.0925401121334919,0.36339864628659707,-12.92693112109464,sell,1.0,"Sell on Uniswap, Buy on Binance"
935,2025-12-12 00:58:23+00:00,2025-12-12 00:58:23+00:00,2,0.0294372466231914,0.046694506298100756,-10.563793086511396,sell,0.0,"Sell on Uniswap, Buy on Binance"
936,2025-12-12 00:58:35+00:00,2025-12-12 00:58:35+00:00,1,0.014637806668226,0.04694235715776659,-12.20692561541091,sell,0.0,"Sell on Uniswap, Buy on Binance"
937,2025-12-12 00:58:47+00:00,2025-12-12 00:58:47+00:00,1,2.807688312,17.285571989820397,-15.156513853743036,sell,1.0,"Sell on Uniswap, Buy on Binance"
938,2025-12-12 00:58:59+00:00,2025-12-12 00:58:59+00:00,2,0.0160444962351086,0.10778336102593722,-15.718229348350178,sell,1.0,"Sell on Uniswap, Buy on Binance"
939,2025-12-12 00:59:23+00:00,2025-12-12 00:59:23+00:00,1,0.0154121348578722,0.01791959835092814,-10.162694105403261,sell,0.0,"Sell on Uniswap, Buy on Binance"
940,2025-12-12 00:59:59+00:00,2025-12-12 00:59:59+00:00,2,2.8660579274186375,5.719554826983943,11.201602316213666,buy,0.5,"Buy on Uniswap, Sell on Binance"
941,2025-12-12 01:00:23+00:00,2025-12-12 01:00:23+00:00,1,0.4234496056341678,0.7394410490014155,10.746231521207847,buy,0.0,"Buy on Uniswap, Sell on Binance"
942,2025-12-12 01:04:47+00:00,2025-12-12 01:04:47+00:00,1,3.904055298028323,5.177279915759814,10.32612873551625,buy,0.0,"Buy on Uniswap, Sell on Binance"
943,2025-12-12 01:16:11+00:00,2025-12-12 01:16:11+00:00,1,0.3203786374333363,1.263284147120277,12.943097321472123,buy,0.0,"Buy on Uniswap, Sell on Binance"
944,2025-12-12 01:18:11+00:00,2025-12-12 01:18:11+00:00,1,1.9705322519808608,1.8108174609850072,9.91894840044597,buy,0.0,"Buy on Uniswap, Sell on Binance"
945,2025-12-12 05:08:11+00:00,2025-12-12 05:08:11+00:00,1,0.0022740283183961,0.0009683793218808176,-9.42584312343297,sell,0.0,"Sell on Uniswap, Buy on Binance"
946,2025-12-12 09:28:59+00:00,2025-12-12 09:28:59+00:00,1,0.1376251964806767,0.0696870415525629,-9.506353802461945,sell,1.0,"Sell on Uniswap, Buy on Binance"
947,2025-12-12 14:30:59+00:00,2025-12-12 14:30:59+00:00,1,1.0024127733570751,2.495315975181949,11.489309834735195,buy,1.0,"Buy on Uniswap, Sell on Binance"
948,2025-12-12 14:35:47+00:00,2025-12-12 14:35:47+00:00,1,0.0087869937413742,0.0010762144636247597,9.122478118831168,buy,0.0,"Buy on Uniswap, Sell on Binance"
949,2025-12-12 14:53:47+00:00,2025-12-12 14:53:47+00:00,2,0.13317195289782702,0.02983707847346088,-222.58512614725146,buy,0.5,"Sell on Uniswap, Buy on Binance"
950,2025-12-12 14:59:59+00:00,2025-12-12 14:59:59+00:00,1,0.0007344545640935,0.0022565879306476145,-12.07246770728807,sell,0.0,"Sell on Uniswap, Buy on Binance"
951,2025-12-12 15:23:23+00:00,2025-12-12 15:23:23+00:00,1,0.7442224417535075,0.8362251783327043,-10.123622631376747,sell,0.0,"Sell on Uniswap, Buy on Binance"
952,2025-12-12 15:25:47+00:00,2025-12-12 15:25:47+00:00,2,0.041551566171916396,0.08293112827917208,-11.61274048352584,sell,0.0,"Sell on Uniswap, Buy on Binance"
953,2025-12-12 15:25:59+00:00,2025-12-12 15:25:59+00:00,1,0.0292150974601629,0.15561925801632412,-14.32667256128525,sell,0.0,"Sell on Uniswap, Buy on Binance"
954,2025-12-12 15:26:23+00:00,2025-12-12 15:26:23+00:00,1,0.0128510456050537,0.03855912566004436,-12.000466020047497,sell,0.0,"Sell on Uniswap, Buy on Binance"
955,2025-12-12 15:26:35+00:00,2025-12-12 15:26:35+00:00,1,2.821480722,8.034988343399421,-11.847791331958433,sell,0.0,"Sell on Uniswap, Buy on Binance"
956,2025-12-12 15:27:11+00:00,2025-12-12 15:27:11+00:00,1,0.0157432138418087,0.05044639135724067,-12.204326121981012,sell,0.0,"Sell on Uniswap, Buy on Binance"
957,2025-12-12 15:27:23+00:00,2025-12-12 15:27:23+00:00,2,1.2653079311176594,3.218707513487846,-12.090064936827957,sell,0.0,"Sell on Uniswap, Buy on Binance"
958,2025-12-12 15:27:35+00:00,2025-12-12 15:27:35+00:00,2,0.053663514210803405,0.26127359614349044,-14.269558519773682,sell,0.0,"Sell on Uniswap, Buy on Binance"
959,2025-12-12 15:27:47+00:00,2025-12-12 15:27:47+00:00,2,0.5607700835885809,3.9703266462074205,-16.617156466579445,sell,0.0,"Sell on Uniswap, Buy on Binance"
960,2025-12-12 15:28:11+00:00,2025-12-12 15:28:11+00:00,2,5.383031722007241,34.44863813521722,-15.400622535426464,sell,0.0,"Sell on Uniswap, Buy on Binance"
961,2025-12-12 15:28:23+00:00,2025-12-12 15:28:23+00:00,1,0.0027429623123085,0.010077944286496462,-12.674109644625332,sell,0.0,"Sell on Uniswap, Buy on Binance"
962,2025-12-12 15:28:35+00:00,2025-12-12 15:28:35+00:00,1,2.1029608727497973,13.141681820018528,-15.249132825203105,sell,0.0,"Sell on Uniswap, Buy on Binance"
963,2025-12-12 15:28:47+00:00,2025-12-12 15:28:47+00:00,2,2.8804877537155815,25.313356746261217,-17.341165499273075,sell,0.0,"Sell on Uniswap, Buy on Binance"
964,2025-12-12 15:28:59+00:00,2025-12-12 15:28:59+00:00,2,6.86454801789633,71.17081053520468,-17.374156343590812,sell,0.0,"Sell on Uniswap, Buy on Binance"
965,2025-12-12 15:29:11+00:00,2025-12-12 15:29:11+00:00,1,2.6290763300553133,2.360855627998277,-9.897979111906807,sell,0.0,"Sell on Uniswap, Buy on Binance"
966,2025-12-12 15:29:23+00:00,2025-12-12 15:29:23+00:00,5,0.2629969798683933,0.4967586344994337,-10.698176290224637,sell,0.0,"Sell on Uniswap, Buy on Binance"
967,2025-12-12 15:29:35+00:00,2025-12-12 15:29:35+00:00,2,8.817753394802411,28.79512474211994,-11.206605999075691,sell,0.0,"Sell on Uniswap, Buy on Binance"
968,2025-12-12 15:33:23+00:00,2025-12-12 15:33:23+00:00,1,0.0004558528061443,0.0004306319930329831,-9.944673340228746,sell,0.0,"Sell on Uniswap, Buy on Binance"
969,2025-12-12 15:33:35+00:00,2025-12-12 15:33:35+00:00,2,2.8588908413787766,6.321805373451093,-11.836600239029622,sell,0.0,"Sell on Uniswap, Buy on Binance"
970,2025-12-12 15:33:47+00:00,2025-12-12 15:33:47+00:00,3,0.3305690478267565,2.534069182111398,-16.290234738542193,sell,0.0,"Sell on Uniswap, Buy on Binance"
971,2025-12-12 15:34:11+00:00,2025-12-12 15:34:11+00:00,3,0.46107386691187213,0.579058570911057,-11.269978386576136,sell,0.0,"Sell on Uniswap, Buy on Binance"
972,2025-12-12 15:34:23+00:00,2025-12-12 15:34:23+00:00,1,2.0488363082062344,0.6224604329911049,-9.30381169569182,sell,0.0,"Sell on Uniswap, Buy on Binance"
973,2025-12-12 15:34:35+00:00,2025-12-12 15:34:35+00:00,5,4.588261813997464,22.66371513334055,-14.36585077940308,sell,0.0,"Sell on Uniswap, Buy on Binance"
974,2025-12-12 15:34:47+00:00,2025-12-12 15:34:47+00:00,1,0.2451960521596152,2.697787675014957,-20.002573863867838,sell,0.0,"Sell on Uniswap, Buy on Binance"
975,2025-12-12 15:34:59+00:00,2025-12-12 15:34:59+00:00,8,1.7450524223418238,22.33216207991748,-21.941170403881983,sell,0.0,"Sell on Uniswap, Buy on Binance"
976,2025-12-12 15:35:11+00:00,2025-12-12 15:35:11+00:00,3,0.1120778804590089,0.9013150580344703,-17.228256090284656,sell,0.0,"Sell on Uniswap, Buy on Binance"
977,2025-12-12 15:36:11+00:00,2025-12-12 15:36:11+00:00,1,1.902823518524646,3.406023038844595,10.789983677248983,buy,0.0,"Buy on Uniswap, Sell on Binance"
978,2025-12-12 15:39:23+00:00,2025-12-12 15:39:23+00:00,1,0.0308381807352317,0.026650772133584317,-9.864213500867663,sell,0.0,"Sell on Uniswap, Buy on Binance"
979,2025-12-12 15:39:47+00:00,2025-12-12 15:39:47+00:00,1,4.727501180063146,36.08140360233116,-16.63223576854807,sell,0.0,"Sell on Uniswap, Buy on Binance"
980,2025-12-12 15:39:59+00:00,2025-12-12 15:39:59+00:00,2,10.658755742570783,134.20104553160823,-22.33339576406047,sell,0.0,"Sell on Uniswap, Buy on Binance"
981,2025-12-12 15:40:35+00:00,2025-12-12 15:40:35+00:00,6,16.153798669627065,34.595812285139196,-10.186608659221823,sell,0.0,"Sell on Uniswap, Buy on Binance"
982,2025-12-12 15:40:47+00:00,2025-12-12 15:40:47+00:00,6,4.953998575285102,8.980036615755537,-10.980598001702825,sell,0.0,"Sell on Uniswap, Buy on Binance"
983,2025-12-12 15:40:59+00:00,2025-12-12 15:40:59+00:00,1,0.0352666608203865,0.029829155681414535,-9.84581740906333,sell,0.0,"Sell on Uniswap, Buy on Binance"
984,2025-12-12 15:41:11+00:00,2025-12-12 15:41:11+00:00,5,0.1365866044873234,0.07676091248417513,-9.590121476410696,sell,0.0,"Sell on Uniswap, Buy on Binance"
985,2025-12-12 15:42:23+00:00,2025-12-12 15:42:23+00:00,1,0.74690867325257,0.7340646256698568,9.982803724146379,buy,0.0,"Buy on Uniswap, Sell on Binance"
986,2025-12-12 15:42:35+00:00,2025-12-12 15:42:35+00:00,2,4.762330815709726,8.54548378952268,10.91313347177811,buy,0.0,"Buy on Uniswap, Sell on Binance"
987,2025-12-12 15:46:59+00:00,2025-12-12 15:46:59+00:00,1,3.193501116813072,13.203995908326291,13.134645777579408,buy,0.0,"Buy on Uniswap, Sell on Binance"
988,2025-12-12 15:47:11+00:00,2025-12-12 15:47:11+00:00,1,1.8548120982692755,8.194696081814193,13.41807344768813,buy,0.0,"Buy on Uniswap, Sell on Binance"
989,2025-12-12 15:47:23+00:00,2025-12-12 15:47:23+00:00,1,2.279938465305181,14.14128460308352,15.202485206630627,buy,0.0,"Buy on Uniswap, Sell on Binance"
990,2025-12-12 15:47:35+00:00,2025-12-12 15:47:35+00:00,1,4.292266627802357,15.153744407644988,12.530476021570848,buy,0.0,"Buy on Uniswap, Sell on Binance"
991,2025-12-12 15:49:59+00:00,2025-12-12 15:49:59+00:00,2,4.817773770671398,28.956606621657897,-14.86587982165861,sell,0.0,"Sell on Uniswap, Buy on Binance"
992,2025-12-12 15:50:11+00:00,2025-12-12 15:50:11+00:00,1,0.01926441222,0.0957838677110411,-13.972062818070299,sell,0.0,"Sell on Uniswap, Buy on Binance"
993,2025-12-12 15:50:35+00:00,2025-12-12 15:50:35+00:00,1,2.89548351,9.708566935637673,-12.353003704599814,sell,0.0,"Sell on Uniswap, Buy on Binance"
994,2025-12-12 15:50:47+00:00,2025-12-12 15:50:47+00:00,1,0.0055629840944696,0.010448243346340758,-10.878172428486323,sell,0.0,"Sell on Uniswap, Buy on Binance"
995,2025-12-12 15:51:35+00:00,2025-12-12 15:51:35+00:00,1,0.012372723708957,0.0003113424383659933,-9.025163613581753,sell,0.0,"Sell on Uniswap, Buy on Binance"
996,2025-12-12 15:51:47+00:00,2025-12-12 15:51:47+00:00,1,0.0149278629030145,0.03724040034408709,-11.494690672471734,sell,0.0,"Sell on Uniswap, Buy on Binance"
997,2025-12-12 15:52:23+00:00,2025-12-12 15:52:23+00:00,4,3.1779073385725463,3.8724967070831395,-12.004693837793411,sell,0.0,"Sell on Uniswap, Buy on Binance"
998,2025-12-12 15:52:35+00:00,2025-12-12 15:52:35+00:00,5,0.4271088515210687,0.08049119876397141,-9.768363065297763,sell,0.0,"Sell on Uniswap, Buy on Binance"
999,2025-12-12 15:52:47+00:00,2025-12-12 15:52:47+00:00,1,0.0058907073782788,0.0036237594118897765,-9.615165408699795,sell,0.0,"Sell on Uniswap, Buy on Binance"
1000,2025-12-12 15:52:59+00:00,2025-12-12 15:52:59+00:00,1,0.0751535094981835,0.07473944912729397,-9.994490471920017,sell,0.0,"Sell on Uniswap, Buy on Binance"
1001,2025-12-12 15:58:35+00:00,2025-12-12 15:58:35+00:00,1,5.794006593550009,1.6878720395582452,9.291313448182336,buy,0.0,"Buy on Uniswap, Sell on Binance"
1002,2025-12-12 15:58:59+00:00,2025-12-12 15:58:59+00:00,1,11.972584437943402,13.784137602252452,10.151308447536849,buy,0.0,"Buy on Uniswap, Sell on Binance"
1003,2025-12-12 16:02:23+00:00,2025-12-12 16:02:23+00:00,1,6.350431545155598,5.977758104241833,-9.941315257354745,sell,0.0,"Sell on Uniswap, Buy on Binance"
1004,2025-12-12 16:06:11+00:00,2025-12-12 16:06:11+00:00,1,0.8524516507481796,0.5346695974688356,9.627213985684193,buy,0.0,"Buy on Uniswap, Sell on Binance"
1005,2025-12-12 16:08:23+00:00,2025-12-12 16:08:23+00:00,1,95.14999999684063,2481.3950592990373,35.07877098666768,buy,1.0,"Buy on Uniswap, Sell on Binance"
1006,2025-12-12 16:20:35+00:00,2025-12-12 16:20:35+00:00,1,0.0826865790360711,0.045698742394681004,-9.552674242028388,sell,0.0,"Sell on Uniswap, Buy on Binance"
1007,2025-12-12 16:20:47+00:00,2025-12-12 16:20:47+00:00,2,2.9995747296,8.145062920084031,-12.140864128239627,sell,0.0,"Sell on Uniswap, Buy on Binance"
1008,2025-12-12 16:20:59+00:00,2025-12-12 16:20:59+00:00,2,0.0743456083639758,0.3591199130775188,-13.837994415104276,sell,0.0,"Sell on Uniswap, Buy on Binance"
1009,2025-12-12 16:24:47+00:00,2025-12-12 16:24:47+00:00,1,1.9251144061974703,16.37749889361585,17.5072860298028,buy,0.0,"Buy on Uniswap, Sell on Binance"
1010,2025-12-12 16:24:59+00:00,2025-12-12 16:24:59+00:00,1,0.56039782120456,4.309105034881443,16.689367930837307,buy,0.0,"Buy on Uniswap, Sell on Binance"
1011,2025-12-12 16:25:11+00:00,2025-12-12 16:25:11+00:00,1,0.2349999984327518,1.5027071887740144,15.39449871827992,buy,0.0,"Buy on Uniswap, Sell on Binance"
1012,2025-12-12 16:25:47+00:00,2025-12-12 16:25:47+00:00,1,0.0922881686450224,0.41615149263143086,13.509261574277389,buy,0.0,"Buy on Uniswap, Sell on Binance"
1013,2025-12-12 16:26:11+00:00,2025-12-12 16:26:11+00:00,1,8.264754451058996,4.847435731054779,9.586519026035148,buy,0.0,"Buy on Uniswap, Sell on Binance"
1014,2025-12-12 16:32:11+00:00,2025-12-12 16:32:11+00:00,1,0.2558923997118281,0.02490631966467059,-9.097331220828437,sell,0.0,"Sell on Uniswap, Buy on Binance"
1015,2025-12-12 16:36:35+00:00,2025-12-12 16:36:35+00:00,1,0.0053228307544448,0.004182211384631447,-9.78571188481601,sell,0.0,"Sell on Uniswap, Buy on Binance"
1016,2025-12-12 16:36:59+00:00,2025-12-12 16:36:59+00:00,1,2.606981832,18.28193442055965,-16.0126819436,sell,0.0,"Sell on Uniswap, Buy on Binance"
1017,2025-12-12 16:37:11+00:00,2025-12-12 16:37:11+00:00,1,0.0051621995635836,0.029962257938370297,-14.804164982256225,sell,0.0,"Sell on Uniswap, Buy on Binance"
1018,2025-12-12 16:56:23+00:00,2025-12-12 16:56:23+00:00,1,3.8046444207584114,1.5990112787105417,9.42027877033297,buy,0.0,"Buy on Uniswap, Sell on Binance"
1019,2025-12-12 17:20:35+00:00,2025-12-12 17:20:35+00:00,1,0.0900111618907023,0.03663028721924485,-9.406952720638401,sell,0.0,"Sell on Uniswap, Buy on Binance"
1020,2025-12-12 18:11:59+00:00,2025-12-12 18:11:59+00:00,1,0.0387011965514055,0.05376978357163926,10.389357135255977,buy,1.0,"Buy on Uniswap, Sell on Binance"
1021,2025-12-13 07:54:59+00:00,2025-12-13 07:54:59+00:00,2,72.18279607352935,1071.767733911603,29.065046675231997,buy,1.0,"Buy on Uniswap, Sell on Binance"
1022,2025-12-13 08:14:35+00:00,2025-12-13 08:14:35+00:00,1,0.3321918393753549,0.4072186135803321,10.225853754704076,buy,0.0,"Buy on Uniswap, Sell on Binance"
1023,2025-12-13 08:16:11+00:00,2025-12-13 08:16:11+00:00,3,1.5004780966725464,1.3525963046527514,9.798479275944677,buy,0.0,"Buy on Uniswap, Sell on Binance"
1024,2025-12-13 08:16:23+00:00,2025-12-13 08:16:23+00:00,1,0.1198690789124242,0.0009030396258049119,9.007533549385698,buy,0.0,"Buy on Uniswap, Sell on Binance"
1025,2025-12-13 10:19:23+00:00,2025-12-13 10:19:23+00:00,1,24.288473361358488,53.85704573740563,11.217391144191424,buy,1.0,"Buy on Uniswap, Sell on Binance"
1026,2025-12-13 23:56:23+00:00,2025-12-13 23:56:23+00:00,1,0.1833093907693354,0.10375259119901653,-9.565997141573462,sell,1.0,"Sell on Uniswap, Buy on Binance"
1027,2025-12-14 00:01:47+00:00,2025-12-14 00:01:47+00:00,1,0.0162707158062991,0.029521626869261103,-10.81440246518423,sell,1.0,"Sell on Uniswap, Buy on Binance"
1028,2025-12-14 00:33:47+00:00,2025-12-14 00:33:47+00:00,1,20.348819977114367,14.615903416949026,9.718267861890126,buy,0.0,"Buy on Uniswap, Sell on Binance"
1029,2025-12-14 00:34:11+00:00,2025-12-14 00:34:11+00:00,1,28.61999992680829,104.67223447956236,12.657310787814367,buy,1.0,"Buy on Uniswap, Sell on Binance"
1030,2025-12-14 11:43:47+00:00,2025-12-14 11:43:47+00:00,2,2.922008712715433,15.43252615566924,-12.485293511843338,sell,1.0,"Sell on Uniswap, Buy on Binance"
1031,2025-12-14 11:44:23+00:00,2025-12-14 11:44:23+00:00,1,0.0220436194290403,0.10499883472579191,-13.76323024282783,sell,1.0,"Sell on Uniswap, Buy on Binance"
1032,2025-12-14 11:44:59+00:00,2025-12-14 11:44:59+00:00,2,0.056128852583739,0.04562634846848128,-9.809736752465142,sell,0.0,"Sell on Uniswap, Buy on Binance"
1033,2025-12-14 11:45:23+00:00,2025-12-14 11:45:23+00:00,1,7.834606389164668,3.130631950902575,9.399590202161562,buy,0.0,"Buy on Uniswap, Sell on Binance"
1034,2025-12-14 11:45:47+00:00,2025-12-14 11:45:47+00:00,2,2.986601138054366,10.854106583226294,12.21639378399118,buy,0.5,"Buy on Uniswap, Sell on Binance"
1035,2025-12-14 11:45:59+00:00,2025-12-14 11:45:59+00:00,1,2.687315130915267,16.21502167623976,15.033911501371676,buy,1.0,"Buy on Uniswap, Sell on Binance"
1036,2025-12-14 11:46:11+00:00,2025-12-14 11:46:11+00:00,1,0.3299999996672376,1.598891979926901,13.845127216785386,buy,0.0,"Buy on Uniswap, Sell on Binance"
1037,2025-12-14 12:19:11+00:00,2025-12-14 12:19:11+00:00,1,0.9204057498838164,0.7830337584352839,-9.850748442775512,sell,0.0,"Sell on Uniswap, Buy on Binance"
1038,2025-12-14 14:33:59+00:00,2025-12-14 14:33:59+00:00,1,2.7647879288736e-05,2.9029616077719167e-05,-10.04997623052941,sell,1.0,"Sell on Uniswap, Buy on Binance"
1039,2025-12-14 16:31:47+00:00,2025-12-14 16:31:47+00:00,1,0.0358963928442472,0.007300539231797495,-9.203378073765634,sell,1.0,"Sell on Uniswap, Buy on Binance"
1040,2025-12-14 16:52:59+00:00,2025-12-14 16:52:59+00:00,1,1.5515854802e-08,8.252879009142638e-07,-62.18997318845004,sell,1.0,"Sell on Uniswap, Buy on Binance"
1041,2025-12-14 20:09:23+00:00,2025-12-14 20:09:23+00:00,1,0.48432473772606,0.5764332846398698,-10.19017931511462,sell,1.0,"Sell on Uniswap, Buy on Binance"
1042,2025-12-14 20:09:47+00:00,2025-12-14 20:09:47+00:00,1,0.0622657674495143,0.23428828060324566,-12.762714091546513,sell,1.0,"Sell on Uniswap, Buy on Binance"
1043,2025-12-14 20:10:11+00:00,2025-12-14 20:10:11+00:00,1,1.3916620326198137,7.245415606254335,-14.206303999409101,sell,1.0,"Sell on Uniswap, Buy on Binance"
1044,2025-12-14 20:10:23+00:00,2025-12-14 20:10:23+00:00,1,0.0916331657288493,0.1039865400595553,-10.134813353139634,sell,0.0,"Sell on Uniswap, Buy on Binance"
1045,2025-12-14 20:11:35+00:00,2025-12-14 20:11:35+00:00,1,6.072087607734509,22.518623454594874,12.708547193210961,buy,1.0,"Buy on Uniswap, Sell on Binance"
1046,2025-12-14 20:14:23+00:00,2025-12-14 20:14:23+00:00,1,5.026833854158444,1.5764222333002906,9.313601419707993,buy,0.0,"Buy on Uniswap, Sell on Binance"
1047,2025-12-14 23:32:11+00:00,2025-12-14 23:32:11+00:00,1,0.6001882514719323,7.9913133551989635,-22.314678079087116,sell,1.0,"Sell on Uniswap, Buy on Binance"
1048,2025-12-15 00:00:47+00:00,2025-12-15 00:00:47+00:00,1,0.3582006711747438,0.9623760868283566,11.686695375729414,buy,0.0,"Buy on Uniswap, Sell on Binance"
1049,2025-12-15 01:33:47+00:00,2025-12-15 01:33:47+00:00,1,1.472352179779996,1.49241136249514,10.013623902616928,buy,1.0,"Buy on Uniswap, Sell on Binance"
1050,2025-12-15 01:38:47+00:00,2025-12-15 01:38:47+00:00,1,3.9765303100510057,10.094374054625757,-11.5384878946129,sell,1.0,"Sell on Uniswap, Buy on Binance"
1051,2025-12-15 02:20:59+00:00,2025-12-15 02:20:59+00:00,1,0.0029803694821081,0.0048906380705788545,10.6409502579927,buy,0.0,"Buy on Uniswap, Sell on Binance"
1052,2025-12-15 02:21:59+00:00,2025-12-15 02:21:59+00:00,2,4.7021708190815845,1.25458221542145,-9.354114910840963,sell,0.0,"Sell on Uniswap, Buy on Binance"
1053,2025-12-15 02:39:47+00:00,2025-12-15 02:39:47+00:00,1,0.8986593787970153,0.9279285379325626,-10.032569803227034,sell,1.0,"Sell on Uniswap, Buy on Binance"
1054,2025-12-15 05:00:11+00:00,2025-12-15 05:00:11+00:00,2,61.910859784472,625.846963620911,25.369682446765864,buy,0.5,"Buy on Uniswap, Sell on Binance"
1055,2025-12-15 09:04:35+00:00,2025-12-15 09:04:35+00:00,1,1.5901176780000002e-08,8.573881537157984e-07,-62.91979257750245,sell,1.0,"Sell on Uniswap, Buy on Binance"
1056,2025-12-15 10:27:59+00:00,2025-12-15 10:27:59+00:00,2,9.19036515161444,16.566871571798153,11.083868829513449,buy,1.0,"Buy on Uniswap, Sell on Binance"
1057,2025-12-15 10:28:11+00:00,2025-12-15 10:28:11+00:00,2,1.4838660522093805,2.461444367988073,11.056589697864183,buy,0.5,"Buy on Uniswap, Sell on Binance"
1058,2025-12-15 14:34:47+00:00,2025-12-15 14:34:47+00:00,2,6.95338092923792,31.95447920769825,13.307336033130923,buy,1.0,"Buy on Uniswap, Sell on Binance"
1059,2025-12-15 14:35:35+00:00,2025-12-15 14:35:35+00:00,1,9.193149988288898,110.16984626887535,20.98390610500428,buy,1.0,"Buy on Uniswap, Sell on Binance"
1060,2025-12-15 14:35:59+00:00,2025-12-15 14:35:59+00:00,2,0.5350583564035489,5.683283825637282,18.78115834907544,buy,1.0,"Buy on Uniswap, Sell on Binance"
1061,2025-12-15 14:37:59+00:00,2025-12-15 14:37:59+00:00,3,13.905426716428554,41.72963546955104,-12.280046416974983,sell,0.0,"Sell on Uniswap, Buy on Binance"
1062,2025-12-15 14:45:23+00:00,2025-12-15 14:45:23+00:00,1,1.1330797905916126,0.7307992123594609,-9.644967122728303,sell,0.0,"Sell on Uniswap, Buy on Binance"
1063,2025-12-15 14:47:47+00:00,2025-12-15 14:47:47+00:00,4,1.2693089374832311,6.488887487663674,-12.692070085775185,sell,0.0,"Sell on Uniswap, Buy on Binance"
1064,2025-12-15 14:48:35+00:00,2025-12-15 14:48:35+00:00,2,0.25161197358949383,2.432265602747896,-18.410539463419354,sell,0.0,"Sell on Uniswap, Buy on Binance"
1065,2025-12-15 14:49:11+00:00,2025-12-15 14:49:11+00:00,9,2.9220967495979755,7.893411654080871,-11.967180040319464,sell,0.0,"Sell on Uniswap, Buy on Binance"
1066,2025-12-15 14:49:35+00:00,2025-12-15 14:49:35+00:00,8,2.9957636716608227,10.941760307489323,-13.145578755092004,sell,0.0,"Sell on Uniswap, Buy on Binance"
1067,2025-12-15 14:50:23+00:00,2025-12-15 14:50:23+00:00,5,0.0517180061074728,0.02174316605875968,-9.522207450161385,sell,0.0,"Sell on Uniswap, Buy on Binance"
1068,2025-12-15 14:50:47+00:00,2025-12-15 14:50:47+00:00,4,4.221086019254948,5.20485938328714,-10.431043863966124,sell,0.0,"Sell on Uniswap, Buy on Binance"
1069,2025-12-15 14:50:59+00:00,2025-12-15 14:50:59+00:00,2,0.1872946258354153,0.13929686315393536,-9.766266851870796,sell,0.0,"Sell on Uniswap, Buy on Binance"
1070,2025-12-15 14:51:35+00:00,2025-12-15 14:51:35+00:00,1,0.0054334499441404,0.0057745689960900315,-10.062781300178813,sell,0.0,"Sell on Uniswap, Buy on Binance"
1071,2025-12-15 14:51:59+00:00,2025-12-15 14:51:59+00:00,1,0.0591220215280934,0.10875092901864819,-10.839431842955037,sell,0.0,"Sell on Uniswap, Buy on Binance"
1072,2025-12-15 14:53:35+00:00,2025-12-15 14:53:35+00:00,1,2.9222169929999997,3.821052103989298,-10.30758671007061,sell,0.0,"Sell on Uniswap, Buy on Binance"
1073,2025-12-15 14:53:47+00:00,2025-12-15 14:53:47+00:00,1,0.006262569563857,0.0030030748047361906,-9.479527576359033,sell,0.0,"Sell on Uniswap, Buy on Binance"
1074,2025-12-15 14:54:11+00:00,2025-12-15 14:54:11+00:00,1,0.030045828642395,0.02525476003261112,-9.840541305523402,sell,0.0,"Sell on Uniswap, Buy on Binance"
1075,2025-12-15 14:55:35+00:00,2025-12-15 14:55:35+00:00,1,0.2501439202997645,0.17702762871827502,-9.707703103501899,sell,0.0,"Sell on Uniswap, Buy on Binance"
1076,2025-12-15 14:55:47+00:00,2025-12-15 14:55:47+00:00,2,6.502689583012542,30.99742404473392,-14.266132455116349,sell,0.0,"Sell on Uniswap, Buy on Binance"
1077,2025-12-15 14:57:23+00:00,2025-12-15 14:57:23+00:00,1,12.272608289121983,29.84259827295629,11.431642693216872,buy,0.0,"Buy on Uniswap, Sell on Binance"
1078,2025-12-15 14:57:47+00:00,2025-12-15 14:57:47+00:00,1,0.1539439590577994,0.6702255960324957,13.353698580539003,buy,0.0,"Buy on Uniswap, Sell on Binance"
1079,2025-12-15 14:58:35+00:00,2025-12-15 14:58:35+00:00,1,3.562709479768798,9.869251472410653,-11.770153314058916,sell,0.0,"Sell on Uniswap, Buy on Binance"
1080,2025-12-15 14:59:47+00:00,2025-12-15 14:59:47+00:00,1,2.945283705,21.194631571649285,-16.19612563491546,sell,0.0,"Sell on Uniswap, Buy on Binance"
1081,2025-12-15 15:00:35+00:00,2025-12-15 15:00:35+00:00,1,2.958892263,2.0424441285778347,-9.690273233033167,sell,0.0,"Sell on Uniswap, Buy on Binance"
1082,2025-12-15 15:01:47+00:00,2025-12-15 15:01:47+00:00,2,12.678629041264571,8.793199163380876,-11.438689638877122,sell,0.0,"Sell on Uniswap, Buy on Binance"
1083,2025-12-15 15:02:23+00:00,2025-12-15 15:02:23+00:00,2,5.03922112824481,5.870257731224483,-10.762019670205063,sell,0.0,"Sell on Uniswap, Buy on Binance"
1084,2025-12-15 15:04:11+00:00,2025-12-15 15:04:11+00:00,1,1.4805054337838075,10.063053659858095,15.797039328750998,buy,0.0,"Buy on Uniswap, Sell on Binance"
1085,2025-12-15 15:04:59+00:00,2025-12-15 15:04:59+00:00,1,8.294935957858543,131.78833092962282,24.88780571654297,buy,1.0,"Buy on Uniswap, Sell on Binance"
1086,2025-12-15 15:05:11+00:00,2025-12-15 15:05:11+00:00,2,9.025844742534275,106.4753263544391,20.0858974837779,buy,0.5,"Buy on Uniswap, Sell on Binance"
1087,2025-12-15 15:05:23+00:00,2025-12-15 15:05:23+00:00,1,9.261201666332395,76.9129177418518,17.304852924373336,buy,0.0,"Buy on Uniswap, Sell on Binance"
1088,2025-12-15 15:06:59+00:00,2025-12-15 15:06:59+00:00,1,4.638879230698693,11.433828138790131,11.464782455021577,buy,0.0,"Buy on Uniswap, Sell on Binance"
1089,2025-12-15 15:07:59+00:00,2025-12-15 15:07:59+00:00,1,0.8419871160076554,0.27971283044271295,-9.33220559450956,sell,0.0,"Sell on Uniswap, Buy on Binance"
1090,2025-12-15 15:09:35+00:00,2025-12-15 15:09:35+00:00,1,2.950042842,6.200173247682303,-11.101723120562838,sell,0.0,"Sell on Uniswap, Buy on Binance"
1091,2025-12-15 15:14:35+00:00,2025-12-15 15:14:35+00:00,1,2.9594339370000005,11.242249691368993,-12.798783798081786,sell,0.0,"Sell on Uniswap, Buy on Binance"
1092,2025-12-15 15:15:35+00:00,2025-12-15 15:15:35+00:00,1,2.96839026,1.9482887646002025,-9.656345222140772,sell,0.0,"Sell on Uniswap, Buy on Binance"
1093,2025-12-15 15:16:23+00:00,2025-12-15 15:16:23+00:00,1,0.1086415052927181,0.04775222078372188,-9.439539388331013,sell,0.0,"Sell on Uniswap, Buy on Binance"
1094,2025-12-15 15:17:47+00:00,2025-12-15 15:17:47+00:00,1,0.3167708587069819,0.2851114404533599,-9.900055774123757,sell,0.0,"Sell on Uniswap, Buy on Binance"
1095,2025-12-15 15:17:59+00:00,2025-12-15 15:17:59+00:00,2,2.2410468482381773,3.328830814878591,-10.466373779766855,sell,0.0,"Sell on Uniswap, Buy on Binance"
1096,2025-12-15 15:19:11+00:00,2025-12-15 15:19:11+00:00,2,6.554721574806624,11.148096109026246,-10.80537714297293,sell,0.0,"Sell on Uniswap, Buy on Binance"
1097,2025-12-15 15:19:59+00:00,2025-12-15 15:19:59+00:00,1,0.0031153444962476,0.0010581695064722544,-9.339663721860234,sell,0.0,"Sell on Uniswap, Buy on Binance"
1098,2025-12-15 15:20:11+00:00,2025-12-15 15:20:11+00:00,1,11.318337258117236,35.428161358494975,-12.130156007066034,sell,0.0,"Sell on Uniswap, Buy on Binance"
1099,2025-12-15 15:22:23+00:00,2025-12-15 15:22:23+00:00,1,3.747583031724768,0.6759192328379072,9.180361376149904,buy,0.0,"Buy on Uniswap, Sell on Binance"
1100,2025-12-15 15:23:35+00:00,2025-12-15 15:23:35+00:00,2,4.928800196064503,5.8519248359898715,-9.936409799388002,sell,0.0,"Sell on Uniswap, Buy on Binance"
1101,2025-12-15 15:23:47+00:00,2025-12-15 15:23:47+00:00,2,0.33690880532130857,0.8631327528685624,-10.662581892963772,sell,0.0,"Sell on Uniswap, Buy on Binance"
1102,2025-12-15 15:23:59+00:00,2025-12-15 15:23:59+00:00,1,2.55293214853963,6.928140727001168,-11.713797439138489,sell,0.0,"Sell on Uniswap, Buy on Binance"
1103,2025-12-15 15:30:11+00:00,2025-12-15 15:30:11+00:00,2,2.1659812458851895,3.810380682415853,10.625233880644828,buy,0.0,"Buy on Uniswap, Sell on Binance"
1104,2025-12-15 15:30:23+00:00,2025-12-15 15:30:23+00:00,1,6.526749802899895,37.6755709458481,14.772485859517474,buy,0.0,"Buy on Uniswap, Sell on Binance"
1105,2025-12-15 15:31:11+00:00,2025-12-15 15:31:11+00:00,1,5.599999983269217,2.374754794097918,9.424063357355863,buy,0.0,"Buy on Uniswap, Sell on Binance"
1106,2025-12-15 15:34:23+00:00,2025-12-15 15:34:23+00:00,1,14.359064007527016,12.942608955387302,-9.901354639035162,sell,0.0,"Sell on Uniswap, Buy on Binance"
1107,2025-12-15 15:35:35+00:00,2025-12-15 15:35:35+00:00,2,119.62409242295018,1666.8047374499104,18.69919236038095,buy,0.5,"Buy on Uniswap, Sell on Binance"
1108,2025-12-15 15:39:11+00:00,2025-12-15 15:39:11+00:00,2,4.823493777150188,4.8584508396757595,-10.276816012609743,sell,0.0,"Sell on Uniswap, Buy on Binance"
1109,2025-12-15 15:39:23+00:00,2025-12-15 15:39:23+00:00,1,1.4995446435,1.6393198572600118,-10.093211772230916,sell,0.0,"Sell on Uniswap, Buy on Binance"
1110,2025-12-15 15:39:47+00:00,2025-12-15 15:39:47+00:00,1,1.7227569377313778,0.2094776840929149,-9.121594451024976,sell,0.0,"Sell on Uniswap, Buy on Binance"
1111,2025-12-15 15:41:23+00:00,2025-12-15 15:41:23+00:00,2,21.000999971766483,11.424695144094818,13.332068976549635,buy,0.0,"Buy on Uniswap, Sell on Binance"
1112,2025-12-15 15:41:35+00:00,2025-12-15 15:41:35+00:00,1,1.199999999387633,0.5982901694697894,9.49857514147925,buy,0.0,"Buy on Uniswap, Sell on Binance"
1113,2025-12-15 15:44:11+00:00,2025-12-15 15:44:11+00:00,1,0.1796692040623476,0.2511331488049636,10.397752887678053,buy,0.0,"Buy on Uniswap, Sell on Binance"
1114,2025-12-15 15:45:11+00:00,2025-12-15 15:45:11+00:00,4,6.791425858788186,47.86446088658785,16.312121685302827,buy,0.0,"Buy on Uniswap, Sell on Binance"
1115,2025-12-15 15:50:59+00:00,2025-12-15 15:50:59+00:00,1,5.7970608850000005,8.41225047179664,-10.451123360384827,sell,0.0,"Sell on Uniswap, Buy on Binance"
1116,2025-12-15 15:51:23+00:00,2025-12-15 15:51:23+00:00,1,0.0960363151844291,0.011680257194486558,-9.121623337714027,sell,0.0,"Sell on Uniswap, Buy on Binance"
1117,2025-12-15 15:52:11+00:00,2025-12-15 15:52:11+00:00,1,4.205817663478423,3.8836379119628224,-9.923396643103843,sell,0.0,"Sell on Uniswap, Buy on Binance"
1118,2025-12-15 15:52:23+00:00,2025-12-15 15:52:23+00:00,2,6.745346956322718,32.300492007768526,-12.638544213390787,sell,0.0,"Sell on Uniswap, Buy on Binance"
1119,2025-12-15 15:54:47+00:00,2025-12-15 15:54:47+00:00,1,1.786926405463395,1.7552908838463224,9.982296125055655,buy,0.0,"Buy on Uniswap, Sell on Binance"
1120,2025-12-15 15:59:59+00:00,2025-12-15 15:59:59+00:00,1,4.523344201575705,7.481216891012611,-10.653912803807088,sell,0.0,"Sell on Uniswap, Buy on Binance"
1121,2025-12-15 16:35:59+00:00,2025-12-15 16:35:59+00:00,1,3.4815271914112e-05,5.1659506483266454e-05,-10.483817406645812,sell,0.0,"Sell on Uniswap, Buy on Binance"
1122,2025-12-15 16:36:11+00:00,2025-12-15 16:36:11+00:00,2,4.3930117680886696,8.514968904515795,-10.270246936243666,sell,0.0,"Sell on Uniswap, Buy on Binance"
1123,2025-12-15 16:38:35+00:00,2025-12-15 16:38:35+00:00,2,29.866338079116424,117.07672905410357,-15.42744376433825,sell,0.5,"Sell on Uniswap, Buy on Binance"
1124,2025-12-15 16:40:47+00:00,2025-12-15 16:40:47+00:00,1,1.5046916625,1.4714867569497885,-9.97793241872887,sell,0.0,"Sell on Uniswap, Buy on Binance"
1125,2025-12-15 16:40:59+00:00,2025-12-15 16:40:59+00:00,1,1.101671270673049,0.32347147201140813,-9.29361886855213,sell,0.0,"Sell on Uniswap, Buy on Binance"
1126,2025-12-15 16:41:23+00:00,2025-12-15 16:41:23+00:00,2,1.2575839633900363,0.9730947296021432,-10.62358048978308,sell,0.0,"Sell on Uniswap, Buy on Binance"
1127,2025-12-15 16:41:47+00:00,2025-12-15 16:41:47+00:00,1,0.906077207730785,0.0030855938999083585,-9.003405442575513,sell,0.0,"Sell on Uniswap, Buy on Binance"
1128,2025-12-15 16:41:59+00:00,2025-12-15 16:41:59+00:00,1,0.1466876681206874,0.3748679869017865,-11.555552158572482,sell,0.0,"Sell on Uniswap, Buy on Binance"
1129,2025-12-15 16:42:11+00:00,2025-12-15 16:42:11+00:00,1,0.0375201338742876,0.043126870194049795,-10.149432737594907,sell,0.0,"Sell on Uniswap, Buy on Binance"
1130,2025-12-15 16:51:59+00:00,2025-12-15 16:51:59+00:00,1,2.199999995753083,0.35261135837197516,9.160277890478483,buy,0.0,"Buy on Uniswap, Sell on Binance"
1131,2025-12-15 16:55:47+00:00,2025-12-15 16:55:47+00:00,1,0.0608812603530864,0.006413380771141857,-9.105342444192956,sell,0.0,"Sell on Uniswap, Buy on Binance"
1132,2025-12-15 16:55:59+00:00,2025-12-15 16:55:59+00:00,2,1.6900918426980573,2.8318860880893544,-10.937475304711143,sell,0.0,"Sell on Uniswap, Buy on Binance"
1133,2025-12-15 17:01:23+00:00,2025-12-15 17:01:23+00:00,1,3.270200306070703,1.366194849860266,-9.417770999325057,sell,0.0,"Sell on Uniswap, Buy on Binance"
1134,2025-12-15 17:32:23+00:00,2025-12-15 17:32:23+00:00,1,0.000976643711472,0.0032412132456684202,-12.318726376462564,sell,0.0,"Sell on Uniswap, Buy on Binance"
1135,2025-12-15 17:32:35+00:00,2025-12-15 17:32:35+00:00,1,5.926832782532e-05,0.00011225907089461087,-10.89408196609611,sell,0.0,"Sell on Uniswap, Buy on Binance"
1136,2025-12-15 17:36:23+00:00,2025-12-15 17:36:23+00:00,1,1.9485540124693328,0.6424723166087655,-9.329717478959992,sell,0.0,"Sell on Uniswap, Buy on Binance"
1137,2025-12-15 17:36:35+00:00,2025-12-15 17:36:35+00:00,1,0.0180976989432,0.025888554015452186,-10.430488710012469,sell,0.0,"Sell on Uniswap, Buy on Binance"
1138,2025-12-15 17:38:11+00:00,2025-12-15 17:38:11+00:00,1,1.520854992,2.228313395174927,-10.465171503461079,sell,0.0,"Sell on Uniswap, Buy on Binance"
1139,2025-12-15 17:38:23+00:00,2025-12-15 17:38:23+00:00,1,1.5209510265,2.673141004083834,-10.7575457444118,sell,0.0,"Sell on Uniswap, Buy on Binance"
1140,2025-12-15 17:49:47+00:00,2025-12-15 17:49:47+00:00,1,0.0028683258669081,0.0030709094786167423,-10.070627823025916,sell,0.0,"Sell on Uniswap, Buy on Binance"
1141,2025-12-15 17:49:59+00:00,2025-12-15 17:49:59+00:00,1,0.0012965379112857,0.0037753362422362343,-11.911859506285055,sell,0.0,"Sell on Uniswap, Buy on Binance"
1142,2025-12-15 17:50:23+00:00,2025-12-15 17:50:23+00:00,1,0.0123267027494171,0.01393405566246379,-10.13039601471064,sell,0.0,"Sell on Uniswap, Buy on Binance"
1143,2025-12-15 17:50:35+00:00,2025-12-15 17:50:35+00:00,2,0.0030298656654943,0.0061604975755201715,-10.972348063035497,sell,0.0,"Sell on Uniswap, Buy on Binance"
1144,2025-12-15 17:50:47+00:00,2025-12-15 17:50:47+00:00,1,0.0025453690678693,0.004630436281367933,-10.819161055981567,sell,0.0,"Sell on Uniswap, Buy on Binance"
1145,2025-12-15 17:51:11+00:00,2025-12-15 17:51:11+00:00,3,3.4142996069250433,0.8119706529580061,-9.35206310005348,sell,0.0,"Sell on Uniswap, Buy on Binance"
1146,2025-12-15 17:51:23+00:00,2025-12-15 17:51:23+00:00,6,0.1743933577816619,0.05064344813919467,-9.231877093535937,sell,0.0,"Sell on Uniswap, Buy on Binance"
1147,2025-12-15 18:29:59+00:00,2025-12-15 18:29:59+00:00,2,2.7212928004559997,1.3773456077972412,-9.451476930321178,sell,0.0,"Sell on Uniswap, Buy on Binance"
1148,2025-12-15 18:30:23+00:00,2025-12-15 18:30:23+00:00,1,1.535125032,1.9796088767196793,-10.289542438208173,sell,0.0,"Sell on Uniswap, Buy on Binance"
1149,2025-12-15 18:39:59+00:00,2025-12-15 18:39:59+00:00,1,0.0192107799205436,0.0014332335013912104,9.074605690519547,buy,0.0,"Buy on Uniswap, Sell on Binance"
1150,2025-12-15 18:40:23+00:00,2025-12-15 18:40:23+00:00,1,1.0569999982491003,0.6921889103972503,9.654861789540064,buy,0.0,"Buy on Uniswap, Sell on Binance"
1151,2025-12-15 18:40:35+00:00,2025-12-15 18:40:35+00:00,1,0.029082572821967,0.013063430363559177,9.449184136614349,buy,0.0,"Buy on Uniswap, Sell on Binance"
1152,2025-12-15 19:00:11+00:00,2025-12-15 19:00:11+00:00,1,0.7553901648329124,1.1154947368885322,10.476713344732616,buy,0.0,"Buy on Uniswap, Sell on Binance"
1153,2025-12-15 19:00:23+00:00,2025-12-15 19:00:23+00:00,1,3.341757057138463,12.820770080122585,12.836535649033976,buy,1.0,"Buy on Uniswap, Sell on Binance"
1154,2025-12-15 19:00:47+00:00,2025-12-15 19:00:47+00:00,1,1.5412338008310416,11.231170333977305,16.287129524359898,buy,1.0,"Buy on Uniswap, Sell on Binance"
1155,2025-12-15 19:01:35+00:00,2025-12-15 19:01:35+00:00,4,0.4762640844838606,0.43636653324599534,9.764735056048949,buy,0.0,"Buy on Uniswap, Sell on Binance"
1156,2025-12-15 19:01:47+00:00,2025-12-15 19:01:47+00:00,1,1.5462451504663173,0.4656898476404254,9.301174653644011,buy,0.0,"Buy on Uniswap, Sell on Binance"
1157,2025-12-15 19:11:35+00:00,2025-12-15 19:11:35+00:00,1,0.0001467325596336,0.00010194601132618005,-9.694774299451637,sell,0.0,"Sell on Uniswap, Buy on Binance"
1158,2025-12-15 19:11:47+00:00,2025-12-15 19:11:47+00:00,2,0.821201302046427,2.2703385065929056,-11.747863829846438,sell,0.0,"Sell on Uniswap, Buy on Binance"
1159,2025-12-15 19:59:35+00:00,2025-12-15 19:59:35+00:00,1,0.0006405396846731,6.761451213521654e-05,-9.105558662098701,sell,0.0,"Sell on Uniswap, Buy on Binance"
1160,2025-12-15 20:30:23+00:00,2025-12-15 20:30:23+00:00,3,37.73248658974676,100.795714909016,10.396480630838292,buy,0.6666666666666666,"Buy on Uniswap, Sell on Binance"
1161,2025-12-15 20:32:23+00:00,2025-12-15 20:32:23+00:00,1,2.7077599995269668,0.18357868361227828,9.067797250732838,buy,0.0,"Buy on Uniswap, Sell on Binance"
1162,2025-12-15 20:32:35+00:00,2025-12-15 20:32:35+00:00,2,30.343526719250892,289.4499561608421,13.975835452261663,buy,0.5,"Buy on Uniswap, Sell on Binance"
1163,2025-12-15 20:34:35+00:00,2025-12-15 20:34:35+00:00,1,23.02061379581111,43.95372705768865,10.909320379011206,buy,0.0,"Buy on Uniswap, Sell on Binance"
1164,2025-12-15 20:59:23+00:00,2025-12-15 20:59:23+00:00,3,68.38937455715842,699.2751160379801,13.593190656528956,buy,0.3333333333333333,"Buy on Uniswap, Sell on Binance"
1165,2025-12-15 21:09:47+00:00,2025-12-15 21:09:47+00:00,1,24.92029517771128,66.21476468632348,11.657061813037672,buy,0.0,"Buy on Uniswap, Sell on Binance"
1166,2025-12-15 21:11:23+00:00,2025-12-15 21:11:23+00:00,1,28.60988966580572,50.5289977007895,10.766137454251748,buy,0.0,"Buy on Uniswap, Sell on Binance"
1167,2025-12-15 21:12:47+00:00,2025-12-15 21:12:47+00:00,1,28.6431395349644,69.81778049099354,11.437504464402991,buy,0.0,"Buy on Uniswap, Sell on Binance"
1168,2025-12-15 21:14:59+00:00,2025-12-15 21:14:59+00:00,1,28.08111382690407,83.63630317822647,11.978382684311327,buy,0.0,"Buy on Uniswap, Sell on Binance"
1169,2025-12-15 21:16:23+00:00,2025-12-15 21:16:23+00:00,1,27.94442604824941,94.14020452130124,12.368836574376473,buy,0.0,"Buy on Uniswap, Sell on Binance"
1170,2025-12-16 00:31:59+00:00,2025-12-16 00:31:59+00:00,1,1.1114477464e-08,9.086439568835149e-07,-90.75318721250096,sell,1.0,"Sell on Uniswap, Buy on Binance"
1171,2025-12-16 01:34:23+00:00,2025-12-16 01:34:23+00:00,3,1.7154729417127415,4.758833702318956,-11.610623621247669,sell,1.0,"Sell on Uniswap, Buy on Binance"
1172,2025-12-16 01:49:23+00:00,2025-12-16 01:49:23+00:00,1,1.9999999974981264,0.19605428366170882,9.09802714195348,buy,0.0,"Buy on Uniswap, Sell on Binance"
1173,2025-12-16 01:50:11+00:00,2025-12-16 01:50:11+00:00,1,0.4718349992296156,0.32907124714306124,9.697428651287737,buy,0.0,"Buy on Uniswap, Sell on Binance"
1174,2025-12-16 02:25:47+00:00,2025-12-16 02:25:47+00:00,1,0.0064880104278304,0.012103941505005674,10.865586012791482,buy,0.0,"Buy on Uniswap, Sell on Binance"
1175,2025-12-16 02:26:59+00:00,2025-12-16 02:26:59+00:00,1,3.435122433367281,6.853614615371789,10.995158760223148,buy,0.0,"Buy on Uniswap, Sell on Binance"
1176,2025-12-16 03:33:35+00:00,2025-12-16 03:33:35+00:00,1,0.3410655546463577,0.3976958168557017,10.166039230399747,buy,1.0,"Buy on Uniswap, Sell on Binance"
1177,2025-12-16 03:33:47+00:00,2025-12-16 03:33:47+00:00,1,4.360878428512379,17.325006468531473,12.972824914186276,buy,1.0,"Buy on Uniswap, Sell on Binance"
1178,2025-12-16 03:34:23+00:00,2025-12-16 03:34:23+00:00,1,0.5127254641055485,1.2128454516682894,11.365487061938893,buy,1.0,"Buy on Uniswap, Sell on Binance"
1179,2025-12-16 04:48:35+00:00,2025-12-16 04:48:35+00:00,1,0.0045061615739303,0.00929336209810552,-11.06236770378382,sell,1.0,"Sell on Uniswap, Buy on Binance"
1180,2025-12-16 04:48:47+00:00,2025-12-16 04:48:47+00:00,1,0.1853555975506413,1.3421313081445485,-16.240845843772604,sell,1.0,"Sell on Uniswap, Buy on Binance"
1181,2025-12-16 04:49:11+00:00,2025-12-16 04:49:11+00:00,1,0.2342918038254103,1.0587176512163916,-13.518799351621055,sell,1.0,"Sell on Uniswap, Buy on Binance"
1182,2025-12-16 04:49:23+00:00,2025-12-16 04:49:23+00:00,3,0.2031308460716326,0.5081499941943719,-11.385252031431568,sell,0.3333333333333333,"Sell on Uniswap, Buy on Binance"
1183,2025-12-16 04:49:59+00:00,2025-12-16 04:49:59+00:00,1,4.9446332140263705,25.558948674345814,14.16902823081864,buy,1.0,"Buy on Uniswap, Sell on Binance"
1184,2025-12-16 10:42:59+00:00,2025-12-16 10:42:59+00:00,2,1.5531150157419242,1.4249640833846193,10.15850932124863,buy,0.5,"Buy on Uniswap, Sell on Binance"
1185,2025-12-16 11:55:11+00:00,2025-12-16 11:55:11+00:00,1,1.65754076e-08,8.250515776222868e-07,-58.775643382808084,sell,1.0,"Sell on Uniswap, Buy on Binance"
1186,2025-12-16 12:34:59+00:00,2025-12-16 12:34:59+00:00,1,2.1346636928000005e-08,7.960235181004756e-07,-46.29034792625089,sell,1.0,"Sell on Uniswap, Buy on Binance"
1187,2025-12-16 13:17:35+00:00,2025-12-16 13:17:35+00:00,1,4.9849999949584936,1.5547416007588062,9.311883972383384,buy,0.0,"Buy on Uniswap, Sell on Binance"
1188,2025-12-16 13:29:47+00:00,2025-12-16 13:29:47+00:00,1,0.975670369063049,0.8686637670149034,-9.890325046817907,sell,0.0,"Sell on Uniswap, Buy on Binance"
1189,2025-12-16 13:30:11+00:00,2025-12-16 13:30:11+00:00,2,11.00020827125934,81.29269152859985,-17.80899412685517,sell,0.5,"Sell on Uniswap, Buy on Binance"
1190,2025-12-16 13:30:23+00:00,2025-12-16 13:30:23+00:00,1,6.97062260044158,88.03804533677634,-21.62986828912517,sell,1.0,"Sell on Uniswap, Buy on Binance"
1191,2025-12-16 13:32:59+00:00,2025-12-16 13:32:59+00:00,1,0.0437455539651107,0.0649801481850782,-10.48541148288814,sell,0.0,"Sell on Uniswap, Buy on Binance"
1192,2025-12-16 13:33:59+00:00,2025-12-16 13:33:59+00:00,4,0.6488269057399234,9.617222693692757,-23.70783695035834,sell,1.0,"Sell on Uniswap, Buy on Binance"
1193,2025-12-16 13:34:11+00:00,2025-12-16 13:34:11+00:00,1,0.0016781957556,0.012515186322391863,-16.457524714044666,sell,0.0,"Sell on Uniswap, Buy on Binance"
1194,2025-12-16 13:39:59+00:00,2025-12-16 13:39:59+00:00,1,7.690999332825639,42.400436514808625,14.512994434135635,buy,0.0,"Buy on Uniswap, Sell on Binance"
1195,2025-12-16 13:43:47+00:00,2025-12-16 13:43:47+00:00,2,0.0334262807632932,0.03483210940527729,-9.595786430876387,sell,0.0,"Sell on Uniswap, Buy on Binance"
1196,2025-12-16 13:43:59+00:00,2025-12-16 13:43:59+00:00,1,1.5285190949999998,3.769370911800522,-11.466028016352993,sell,0.0,"Sell on Uniswap, Buy on Binance"
1197,2025-12-16 13:44:11+00:00,2025-12-16 13:44:11+00:00,1,1.529489016,1.2145404531605004,-9.79408249451626,sell,0.0,"Sell on Uniswap, Buy on Binance"
1198,2025-12-16 13:57:59+00:00,2025-12-16 13:57:59+00:00,1,0.0017731312797394,0.0088960311076021,-14.017130547101715,sell,0.0,"Sell on Uniswap, Buy on Binance"
1199,2025-12-16 13:58:59+00:00,2025-12-16 13:58:59+00:00,2,2.357929774325808,6.736057794168901,-11.717679245389036,sell,0.0,"Sell on Uniswap, Buy on Binance"
1200,2025-12-16 13:59:11+00:00,2025-12-16 13:59:11+00:00,2,0.3162232793505241,1.2626044066698634,-12.99063970627617,sell,0.0,"Sell on Uniswap, Buy on Binance"
1201,2025-12-16 13:59:23+00:00,2025-12-16 13:59:23+00:00,5,0.35162435420072813,1.243593955632257,-12.555816760848575,sell,0.0,"Sell on Uniswap, Buy on Binance"
1202,2025-12-16 13:59:35+00:00,2025-12-16 13:59:35+00:00,1,0.0034257534216858,0.007925935796055416,-11.31363289193041,sell,0.0,"Sell on Uniswap, Buy on Binance"
1203,2025-12-16 13:59:47+00:00,2025-12-16 13:59:47+00:00,2,0.0063468971642499,0.003191829291853714,-9.55424956564434,sell,0.0,"Sell on Uniswap, Buy on Binance"
1204,2025-12-16 14:00:11+00:00,2025-12-16 14:00:11+00:00,1,3.115931827651071,0.8612536116050816,-9.276403226785078,sell,0.0,"Sell on Uniswap, Buy on Binance"
1205,2025-12-16 14:00:23+00:00,2025-12-16 14:00:23+00:00,2,5.479950511761583,32.59057149461858,-15.831696634025775,sell,0.0,"Sell on Uniswap, Buy on Binance"
1206,2025-12-16 14:00:35+00:00,2025-12-16 14:00:35+00:00,1,0.0111424825730007,0.1495007348374851,-22.417183635515812,sell,0.0,"Sell on Uniswap, Buy on Binance"
1207,2025-12-16 14:00:47+00:00,2025-12-16 14:00:47+00:00,1,0.00450077726484,0.06925898934866939,-24.3882285821428,sell,1.0,"Sell on Uniswap, Buy on Binance"
1208,2025-12-16 14:01:11+00:00,2025-12-16 14:01:11+00:00,3,0.9294498417326876,7.596031539185979,-17.798005697701075,sell,0.0,"Sell on Uniswap, Buy on Binance"
1209,2025-12-16 14:04:47+00:00,2025-12-16 14:04:47+00:00,4,3.588201326216967,14.681886698568345,13.945253930288004,buy,0.0,"Buy on Uniswap, Sell on Binance"
1210,2025-12-16 14:04:59+00:00,2025-12-16 14:04:59+00:00,1,0.6124235964793793,6.261475607640679,19.224092676434793,buy,1.0,"Buy on Uniswap, Sell on Binance"
1211,2025-12-16 14:05:47+00:00,2025-12-16 14:05:47+00:00,2,4.7433782954674815,21.26360639629528,13.49294693590241,buy,0.0,"Buy on Uniswap, Sell on Binance"
1212,2025-12-16 14:06:11+00:00,2025-12-16 14:06:11+00:00,1,7.400126824421079,16.163767754120023,11.184255505024339,buy,0.0,"Buy on Uniswap, Sell on Binance"
1213,2025-12-16 14:40:23+00:00,2025-12-16 14:40:23+00:00,1,1.2234040094772132,0.6710796780898254,-9.548534803622715,sell,0.0,"Sell on Uniswap, Buy on Binance"
1214,2025-12-16 14:46:23+00:00,2025-12-16 14:46:23+00:00,1,1.4936855908187274,0.37314473865159997,9.249814780931956,buy,0.0,"Buy on Uniswap, Sell on Binance"
1215,2025-12-16 14:46:35+00:00,2025-12-16 14:46:35+00:00,2,7.986546283856773,19.547968120955467,11.648290500572784,buy,0.0,"Buy on Uniswap, Sell on Binance"
1216,2025-12-16 14:51:59+00:00,2025-12-16 14:51:59+00:00,1,0.560569138141813,0.5666808245000817,-10.010902645084116,sell,0.0,"Sell on Uniswap, Buy on Binance"
1217,2025-12-16 14:52:11+00:00,2025-12-16 14:52:11+00:00,1,0.1016113074,0.18482962466496858,-10.818986778089311,sell,0.0,"Sell on Uniswap, Buy on Binance"
1218,2025-12-16 15:01:47+00:00,2025-12-16 15:01:47+00:00,1,1.781270509014021,0.2750525779920429,-9.154413704487979,sell,0.0,"Sell on Uniswap, Buy on Binance"
1219,2025-12-16 15:05:23+00:00,2025-12-16 15:05:23+00:00,1,0.7414962853076387,0.35246764675230563,9.475346476760933,buy,0.0,"Buy on Uniswap, Sell on Binance"
1220,2025-12-16 15:44:59+00:00,2025-12-16 15:44:59+00:00,1,0.0137999999716895,0.005040916839823645,9.365283829722102,buy,0.0,"Buy on Uniswap, Sell on Binance"
1221,2025-12-16 15:50:59+00:00,2025-12-16 15:50:59+00:00,2,1.7208286192964768,2.187427521826494,10.432188613410972,buy,0.0,"Buy on Uniswap, Sell on Binance"
1222,2025-12-16 15:51:23+00:00,2025-12-16 15:51:23+00:00,1,1.5376503954925127,3.092087212014887,11.010916929543328,buy,0.0,"Buy on Uniswap, Sell on Binance"
1223,2025-12-16 15:53:59+00:00,2025-12-16 15:53:59+00:00,1,0.0041315891688401,0.0024318079278289454,9.58858899770803,buy,0.0,"Buy on Uniswap, Sell on Binance"
1224,2025-12-16 15:57:11+00:00,2025-12-16 15:57:11+00:00,1,1.5768178565335005,0.4265519907194695,-9.270514434468168,sell,0.0,"Sell on Uniswap, Buy on Binance"
1225,2025-12-16 17:10:47+00:00,2025-12-16 17:10:47+00:00,1,4.204214824983321,8.97531174154974,11.134836614012784,buy,1.0,"Buy on Uniswap, Sell on Binance"
1226,2025-12-16 18:03:35+00:00,2025-12-16 18:03:35+00:00,3,6.362952410055462,4.340442659022655,9.856653002311608,buy,0.0,"Buy on Uniswap, Sell on Binance"
1227,2025-12-16 18:51:59+00:00,2025-12-16 18:51:59+00:00,1,0.0044711911255029,0.003575346473589617,9.799640716138583,buy,0.0,"Buy on Uniswap, Sell on Binance"
1228,2025-12-16 18:53:59+00:00,2025-12-16 18:53:59+00:00,1,0.4626470554309386,0.5676770075361773,-10.227019605706573,sell,1.0,"Sell on Uniswap, Buy on Binance"
1229,2025-12-16 19:08:35+00:00,2025-12-16 19:08:35+00:00,1,14.901301632787485,5.021825769628639,-9.337005846427473,sell,0.0,"Sell on Uniswap, Buy on Binance"
1230,2025-12-17 03:44:11+00:00,2025-12-17 03:44:11+00:00,1,6.150482567999999e-09,8.117020195869318e-08,22.197371273111003,buy,1.0,"Buy on Uniswap, Sell on Binance"
1231,2025-12-17 05:00:35+00:00,2025-12-17 05:00:35+00:00,1,1.7186572296453003e-05,5.350261985134068e-06,-9.311304772868425,sell,0.0,"Sell on Uniswap, Buy on Binance"
1232,2025-12-17 05:31:47+00:00,2025-12-17 05:31:47+00:00,2,207.98792093349726,13643.654698266653,111.65720838338461,buy,1.0,"Buy on Uniswap, Sell on Binance"
1233,2025-12-17 12:07:23+00:00,2025-12-17 12:07:23+00:00,1,6.203388348e-09,1.3248954499612282e-07,30.357609352127383,buy,1.0,"Buy on Uniswap, Sell on Binance"
1234,2025-12-17 13:49:11+00:00,2025-12-17 13:49:11+00:00,1,0.9501788709496628,2.642912796880869,-11.781489757017425,sell,1.0,"Sell on Uniswap, Buy on Binance"
1235,2025-12-17 14:35:47+00:00,2025-12-17 14:35:47+00:00,1,5.1755285219375e-05,1.6216740256869937e-05,-9.313334960635075,sell,0.0,"Sell on Uniswap, Buy on Binance"
1236,2025-12-17 14:44:59+00:00,2025-12-17 14:44:59+00:00,1,0.7216521916518222,4.528991105520881,-15.275864132213428,sell,1.0,"Sell on Uniswap, Buy on Binance"
1237,2025-12-17 14:45:11+00:00,2025-12-17 14:45:11+00:00,1,3.3070464105117967,29.908533188866887,-18.04388069480956,sell,1.0,"Sell on Uniswap, Buy on Binance"
1238,2025-12-17 14:45:47+00:00,2025-12-17 14:45:47+00:00,4,5.6167884853869605,52.506518158272364,-17.40793880046374,sell,0.75,"Sell on Uniswap, Buy on Binance"
1239,2025-12-17 14:45:59+00:00,2025-12-17 14:45:59+00:00,1,0.1429614554197563,1.344655819681083,-18.405722792433608,sell,1.0,"Sell on Uniswap, Buy on Binance"
1240,2025-12-17 14:46:23+00:00,2025-12-17 14:46:23+00:00,8,4.393744710236728,4.130653725508367,-10.774107028250569,sell,0.0,"Sell on Uniswap, Buy on Binance"
1241,2025-12-17 14:48:59+00:00,2025-12-17 14:48:59+00:00,1,0.618909009415097,1.0778567708283426,10.741543190406901,buy,0.0,"Buy on Uniswap, Sell on Binance"
1242,2025-12-17 14:49:11+00:00,2025-12-17 14:49:11+00:00,1,4.557518416133691,15.26617484896787,12.349668274498981,buy,0.0,"Buy on Uniswap, Sell on Binance"
1243,2025-12-17 14:50:11+00:00,2025-12-17 14:50:11+00:00,1,0.0062915386584321,0.015190081499133782,11.414366711198,buy,0.0,"Buy on Uniswap, Sell on Binance"
1244,2025-12-17 14:50:23+00:00,2025-12-17 14:50:23+00:00,4,10.58383269683563,27.561349090075705,11.372929826423956,buy,0.0,"Buy on Uniswap, Sell on Binance"
1245,2025-12-17 14:50:35+00:00,2025-12-17 14:50:35+00:00,1,3.724709078020359,2.311971039433633,9.6207118437992,buy,0.0,"Buy on Uniswap, Sell on Binance"
1246,2025-12-17 14:50:47+00:00,2025-12-17 14:50:47+00:00,1,6.410906242208567,10.358988415216752,10.615838389121109,buy,0.0,"Buy on Uniswap, Sell on Binance"
1247,2025-12-17 14:51:47+00:00,2025-12-17 14:51:47+00:00,1,0.0969954525855946,0.2538321949280406,11.61694943589282,buy,0.0,"Buy on Uniswap, Sell on Binance"
1248,2025-12-17 14:52:23+00:00,2025-12-17 14:52:23+00:00,1,0.2205502963455025,0.0751736610810749,9.340845885617455,buy,0.0,"Buy on Uniswap, Sell on Binance"
1249,2025-12-17 14:52:35+00:00,2025-12-17 14:52:35+00:00,2,0.34774246798133956,2.2526023449690857,13.515035435634672,buy,0.0,"Buy on Uniswap, Sell on Binance"
1250,2025-12-17 14:53:11+00:00,2025-12-17 14:53:11+00:00,1,0.239801096779588,0.019919877586026754,9.083068333938172,buy,0.0,"Buy on Uniswap, Sell on Binance"
1251,2025-12-17 14:53:23+00:00,2025-12-17 14:53:23+00:00,3,14.568021785538603,110.30819060569743,17.86556516100215,buy,0.0,"Buy on Uniswap, Sell on Binance"
1252,2025-12-17 14:53:47+00:00,2025-12-17 14:53:47+00:00,1,0.3590069759650659,2.2931798288424172,15.38756342457691,buy,0.0,"Buy on Uniswap, Sell on Binance"
1253,2025-12-17 14:53:59+00:00,2025-12-17 14:53:59+00:00,1,6.993958785016111,49.52379241231386,16.080938554915974,buy,0.0,"Buy on Uniswap, Sell on Binance"
1254,2025-12-17 14:54:23+00:00,2025-12-17 14:54:23+00:00,1,2.4206886701470736,8.010583937068652,12.30921693312257,buy,0.0,"Buy on Uniswap, Sell on Binance"
1255,2025-12-17 14:54:35+00:00,2025-12-17 14:54:35+00:00,2,7.720100407838469,63.65339284763597,17.10821051479911,buy,0.0,"Buy on Uniswap, Sell on Binance"
1256,2025-12-17 14:54:59+00:00,2025-12-17 14:54:59+00:00,7,49.48176242336739,802.6805078133336,18.22299580492693,buy,0.14285714285714285,"Buy on Uniswap, Sell on Binance"
1257,2025-12-17 14:55:11+00:00,2025-12-17 14:55:11+00:00,1,9.442973371798532,51.321278839871894,14.434864297419608,buy,0.0,"Buy on Uniswap, Sell on Binance"
1258,2025-12-17 14:55:35+00:00,2025-12-17 14:55:35+00:00,5,3.3087591122195934,7.071596040937829,11.327172279502975,buy,0.0,"Buy on Uniswap, Sell on Binance"
1259,2025-12-17 14:55:47+00:00,2025-12-17 14:55:47+00:00,1,0.4561333603332219,0.5074600255866003,10.11252556755744,buy,0.0,"Buy on Uniswap, Sell on Binance"
1260,2025-12-17 14:55:59+00:00,2025-12-17 14:55:59+00:00,2,4.2300449192012,7.911930938544064,10.839099818011164,buy,0.0,"Buy on Uniswap, Sell on Binance"
1261,2025-12-17 14:56:11+00:00,2025-12-17 14:56:11+00:00,1,7.234078144644351,19.50775307453308,11.696646716344276,buy,0.0,"Buy on Uniswap, Sell on Binance"
1262,2025-12-17 14:56:23+00:00,2025-12-17 14:56:23+00:00,2,5.979546990984078,8.121471051279107,10.202430913283251,buy,0.0,"Buy on Uniswap, Sell on Binance"
1263,2025-12-17 14:56:35+00:00,2025-12-17 14:56:35+00:00,1,1.618099896380086,1.9054774039332085,10.177601832986966,buy,0.0,"Buy on Uniswap, Sell on Binance"
1264,2025-12-17 14:56:47+00:00,2025-12-17 14:56:47+00:00,4,8.044373363734833,31.476574284490212,13.834006057966462,buy,0.0,"Buy on Uniswap, Sell on Binance"
1265,2025-12-17 14:57:11+00:00,2025-12-17 14:57:11+00:00,1,10.607792118272949,13.58736661199493,10.280885452929397,buy,0.0,"Buy on Uniswap, Sell on Binance"
1266,2025-12-17 14:58:23+00:00,2025-12-17 14:58:23+00:00,2,5.085355271212078,10.516459532297867,10.496183098505298,buy,0.0,"Buy on Uniswap, Sell on Binance"
1267,2025-12-17 14:58:35+00:00,2025-12-17 14:58:35+00:00,3,0.4670029902292527,3.1513979990099426,16.807011737370278,buy,0.0,"Buy on Uniswap, Sell on Binance"
1268,2025-12-17 14:58:47+00:00,2025-12-17 14:58:47+00:00,1,0.0345414835872352,0.3755447404449619,19.872281715882764,buy,0.0,"Buy on Uniswap, Sell on Binance"
1269,2025-12-17 14:59:11+00:00,2025-12-17 14:59:11+00:00,1,0.3488222047346636,0.16969790634382065,9.486488256884059,buy,0.0,"Buy on Uniswap, Sell on Binance"
1270,2025-12-17 14:59:23+00:00,2025-12-17 14:59:23+00:00,1,6.996027959303129,3.562273397439777,9.509185128784793,buy,0.0,"Buy on Uniswap, Sell on Binance"
1271,2025-12-17 15:00:11+00:00,2025-12-17 15:00:11+00:00,1,10.770146370726566,0.2170523354021194,-9.020153146292614,sell,0.0,"Sell on Uniswap, Buy on Binance"
1272,2025-12-17 15:04:59+00:00,2025-12-17 15:04:59+00:00,1,1.0364305937466871,2.9158862172492808,11.813392652476978,buy,0.0,"Buy on Uniswap, Sell on Binance"
1273,2025-12-17 15:05:11+00:00,2025-12-17 15:05:11+00:00,3,12.090197409408503,122.6586774660497,20.342423499792705,buy,0.0,"Buy on Uniswap, Sell on Binance"
1274,2025-12-17 15:05:23+00:00,2025-12-17 15:05:23+00:00,1,0.13346500529746,2.3628384583447235,26.703805226535223,buy,0.0,"Buy on Uniswap, Sell on Binance"
1275,2025-12-17 15:05:59+00:00,2025-12-17 15:05:59+00:00,1,0.9754202378034232,10.332020631771057,19.592378783362165,buy,0.0,"Buy on Uniswap, Sell on Binance"
1276,2025-12-17 15:06:11+00:00,2025-12-17 15:06:11+00:00,5,4.482793936884708,24.270913512675317,13.231239944744994,buy,0.0,"Buy on Uniswap, Sell on Binance"
1277,2025-12-17 15:06:23+00:00,2025-12-17 15:06:23+00:00,3,5.932703975988106,24.065561651039758,13.384032714138206,buy,0.0,"Buy on Uniswap, Sell on Binance"
1278,2025-12-17 15:06:47+00:00,2025-12-17 15:06:47+00:00,13,3.3792375143736995,2.6302018603417183,9.902865707913406,buy,0.0,"Buy on Uniswap, Sell on Binance"
1279,2025-12-17 15:08:23+00:00,2025-12-17 15:08:23+00:00,1,4.212483996995529,13.08453416447782,-12.106132669895032,sell,0.0,"Sell on Uniswap, Buy on Binance"
1280,2025-12-17 15:08:47+00:00,2025-12-17 15:08:47+00:00,2,3.343850554552177,4.787783212028813,-10.700197560854122,sell,0.0,"Sell on Uniswap, Buy on Binance"
1281,2025-12-17 15:10:23+00:00,2025-12-17 15:10:23+00:00,1,0.5343799999372103,0.10525541093912402,9.196967347115333,buy,0.0,"Buy on Uniswap, Sell on Binance"
1282,2025-12-17 15:13:47+00:00,2025-12-17 15:13:47+00:00,1,1.5277086347417768,0.6647001543819828,9.435096155946212,buy,0.0,"Buy on Uniswap, Sell on Binance"
1283,2025-12-17 15:18:23+00:00,2025-12-17 15:18:23+00:00,1,1.1184018807784215,3.090674212590343,-11.763473725955464,sell,0.0,"Sell on Uniswap, Buy on Binance"
1284,2025-12-17 15:19:35+00:00,2025-12-17 15:19:35+00:00,1,1.5049315319396157,0.016004380751781153,9.010634623843089,buy,0.0,"Buy on Uniswap, Sell on Binance"
1285,2025-12-17 15:19:59+00:00,2025-12-17 15:19:59+00:00,1,1.5122089981722364,0.5361339483409006,9.354536938339152,buy,0.0,"Buy on Uniswap, Sell on Binance"
1286,2025-12-17 15:22:35+00:00,2025-12-17 15:22:35+00:00,1,9.796999989548656,8.40040756085072,9.857446929653179,buy,0.0,"Buy on Uniswap, Sell on Binance"
1287,2025-12-17 15:23:35+00:00,2025-12-17 15:23:35+00:00,1,3.3095406400000007,0.5539103039977545,-9.167367729920898,sell,0.0,"Sell on Uniswap, Buy on Binance"
1288,2025-12-17 15:35:23+00:00,2025-12-17 15:35:23+00:00,1,0.2400706823391906,2.5812902810510057,-19.752209540538388,sell,0.0,"Sell on Uniswap, Buy on Binance"
1289,2025-12-17 15:35:59+00:00,2025-12-17 15:35:59+00:00,1,8.67823110540991,8.235630050496336,-9.948998701516757,sell,0.0,"Sell on Uniswap, Buy on Binance"
1290,2025-12-17 15:37:35+00:00,2025-12-17 15:37:35+00:00,2,6.098384570725694,1.7070331549649391,-9.688530924803217,sell,0.0,"Sell on Uniswap, Buy on Binance"
1291,2025-12-17 15:38:47+00:00,2025-12-17 15:38:47+00:00,1,0.022213257921164,0.005782385238695913,-9.260312344061276,sell,0.0,"Sell on Uniswap, Buy on Binance"
1292,2025-12-17 15:40:23+00:00,2025-12-17 15:40:23+00:00,2,5.786783980089143,7.804793925602872,-11.544356055335129,sell,0.0,"Sell on Uniswap, Buy on Binance"
1293,2025-12-17 15:40:35+00:00,2025-12-17 15:40:35+00:00,1,1.5085257165,7.4314045446418895,-13.926269710458655,sell,0.0,"Sell on Uniswap, Buy on Binance"
1294,2025-12-17 15:40:47+00:00,2025-12-17 15:40:47+00:00,2,4.47480290456664,27.013627668144622,-15.371376215817008,sell,0.0,"Sell on Uniswap, Buy on Binance"
1295,2025-12-17 15:41:35+00:00,2025-12-17 15:41:35+00:00,1,1.5088535909999998,12.110138634936291,-17.026052830553454,sell,0.0,"Sell on Uniswap, Buy on Binance"
1296,2025-12-17 15:41:47+00:00,2025-12-17 15:41:47+00:00,1,1.5099828795,9.694452018392896,-15.420239692785799,sell,0.0,"Sell on Uniswap, Buy on Binance"
1297,2025-12-17 15:42:23+00:00,2025-12-17 15:42:23+00:00,2,3.0729689214450415,5.041487992576838,-11.40666627446899,sell,0.0,"Sell on Uniswap, Buy on Binance"
1298,2025-12-17 15:45:59+00:00,2025-12-17 15:45:59+00:00,1,0.0134548306998,0.005756517305626539,-9.42784018870725,sell,0.0,"Sell on Uniswap, Buy on Binance"
1299,2025-12-17 15:46:11+00:00,2025-12-17 15:46:11+00:00,1,0.0200131680630072,0.01625789494259446,-9.812359886821014,sell,0.0,"Sell on Uniswap, Buy on Binance"
1300,2025-12-17 15:46:23+00:00,2025-12-17 15:46:23+00:00,1,2.509746183047797,4.986010978049017,-10.986659452548338,sell,0.0,"Sell on Uniswap, Buy on Binance"
1301,2025-12-17 15:49:23+00:00,2025-12-17 15:49:23+00:00,1,2.52104937248169,9.479004606536272,-12.759944057424491,sell,0.0,"Sell on Uniswap, Buy on Binance"
1302,2025-12-17 15:49:47+00:00,2025-12-17 15:49:47+00:00,2,1.5541463354666665,8.780793172491773,-16.295477233613383,sell,0.0,"Sell on Uniswap, Buy on Binance"
1303,2025-12-17 15:49:59+00:00,2025-12-17 15:49:59+00:00,1,0.0122578776889762,0.14605601447109812,-20.91527752005959,sell,0.0,"Sell on Uniswap, Buy on Binance"
1304,2025-12-17 15:50:11+00:00,2025-12-17 15:50:11+00:00,1,1.5296833799999996,17.927174549315676,-20.71953280247817,sell,0.0,"Sell on Uniswap, Buy on Binance"
1305,2025-12-17 15:50:47+00:00,2025-12-17 15:50:47+00:00,1,1.3276834995776547,3.721620499059116,-11.803093131942205,sell,0.0,"Sell on Uniswap, Buy on Binance"
1306,2025-12-17 15:50:59+00:00,2025-12-17 15:50:59+00:00,1,9.263549729591352,62.43210931845683,-15.739544898110125,sell,0.0,"Sell on Uniswap, Buy on Binance"
1307,2025-12-17 15:51:11+00:00,2025-12-17 15:51:11+00:00,1,10.626166155258185,12.07937073873697,-10.136757186199247,sell,0.0,"Sell on Uniswap, Buy on Binance"
1308,2025-12-17 15:51:23+00:00,2025-12-17 15:51:23+00:00,2,0.40550749594074775,0.3645154449737342,-9.784129229461541,sell,0.0,"Sell on Uniswap, Buy on Binance"
1309,2025-12-17 15:51:35+00:00,2025-12-17 15:51:35+00:00,2,2.4946390802842457,9.778806007329548,-13.719565337617723,sell,0.0,"Sell on Uniswap, Buy on Binance"
1310,2025-12-17 15:51:47+00:00,2025-12-17 15:51:47+00:00,6,0.5491370105687547,2.3647612649973233,-13.73236456424623,sell,0.0,"Sell on Uniswap, Buy on Binance"
1311,2025-12-17 15:51:59+00:00,2025-12-17 15:51:59+00:00,2,0.6558238852584164,4.387320513182595,-15.738602701457467,sell,0.0,"Sell on Uniswap, Buy on Binance"
1312,2025-12-17 15:52:11+00:00,2025-12-17 15:52:11+00:00,1,0.1605917733180031,0.692320010917616,-13.311055271472014,sell,0.0,"Sell on Uniswap, Buy on Binance"
1313,2025-12-17 15:57:47+00:00,2025-12-17 15:57:47+00:00,1,1.545767359490162,1.4396152487696436,-9.931327240112296,sell,0.0,"Sell on Uniswap, Buy on Binance"
1314,2025-12-17 16:02:23+00:00,2025-12-17 16:02:23+00:00,1,4.652498432930905,7.660324286833457,10.646496908545487,buy,0.0,"Buy on Uniswap, Sell on Binance"
1315,2025-12-17 16:04:59+00:00,2025-12-17 16:04:59+00:00,1,1.539005823,9.581149999980187,-15.225544995862037,sell,0.0,"Sell on Uniswap, Buy on Binance"
1316,2025-12-17 16:10:35+00:00,2025-12-17 16:10:35+00:00,1,0.784526890139993,0.23110083420396596,-9.294573502971616,sell,0.0,"Sell on Uniswap, Buy on Binance"
1317,2025-12-17 16:11:23+00:00,2025-12-17 16:11:23+00:00,1,1.543630491,3.0879354663447134,-11.000436946761965,sell,0.0,"Sell on Uniswap, Buy on Binance"
1318,2025-12-17 16:12:35+00:00,2025-12-17 16:12:35+00:00,2,1.9942685966274065,2.803359934379411,-10.275819440040777,sell,0.0,"Sell on Uniswap, Buy on Binance"
1319,2025-12-17 16:12:47+00:00,2025-12-17 16:12:47+00:00,2,1.554369462669541,8.468046241562506,-15.777718552366196,sell,0.0,"Sell on Uniswap, Buy on Binance"
1320,2025-12-17 16:13:11+00:00,2025-12-17 16:13:11+00:00,2,0.0090701939532598,0.047571663969675125,-14.299904718979633,sell,0.0,"Sell on Uniswap, Buy on Binance"
1321,2025-12-17 16:13:35+00:00,2025-12-17 16:13:35+00:00,1,0.0572322027207352,0.4972764758000377,-17.688753047414593,sell,0.0,"Sell on Uniswap, Buy on Binance"
1322,2025-12-17 16:13:47+00:00,2025-12-17 16:13:47+00:00,3,0.24072844022182233,2.959263729517989,-20.508129392166666,sell,0.0,"Sell on Uniswap, Buy on Binance"
1323,2025-12-17 16:13:59+00:00,2025-12-17 16:13:59+00:00,1,0.0090695685276911,0.12924887781453392,-23.250829840461847,sell,0.0,"Sell on Uniswap, Buy on Binance"
1324,2025-12-17 16:14:11+00:00,2025-12-17 16:14:11+00:00,1,0.0678759886360044,0.8020365511129044,-20.81620433425951,sell,0.0,"Sell on Uniswap, Buy on Binance"
1325,2025-12-17 16:14:23+00:00,2025-12-17 16:14:23+00:00,1,0.0167245453787939,0.14302488941249386,-17.551795350673274,sell,0.0,"Sell on Uniswap, Buy on Binance"
1326,2025-12-17 16:14:35+00:00,2025-12-17 16:14:35+00:00,1,0.5555477789271444,4.051030333408494,-16.291956672442666,sell,0.0,"Sell on Uniswap, Buy on Binance"
1327,2025-12-17 16:14:47+00:00,2025-12-17 16:14:47+00:00,1,0.0054098279491807,0.011510308327654614,-11.127666246649824,sell,0.0,"Sell on Uniswap, Buy on Binance"
1328,2025-12-17 16:16:11+00:00,2025-12-17 16:16:11+00:00,2,8.026189907829242,11.969581631200606,-10.838785519112207,sell,0.0,"Sell on Uniswap, Buy on Binance"
1329,2025-12-17 16:16:23+00:00,2025-12-17 16:16:23+00:00,1,1.3756635995094058,4.670615231898844,-12.395172506973722,sell,0.0,"Sell on Uniswap, Buy on Binance"
1330,2025-12-17 16:17:47+00:00,2025-12-17 16:17:47+00:00,2,4.098201943119394,7.829420916235653,-10.967099851212879,sell,0.0,"Sell on Uniswap, Buy on Binance"
1331,2025-12-17 16:17:59+00:00,2025-12-17 16:17:59+00:00,2,10.432945273418413,87.22322138920569,-15.378139910455047,sell,0.0,"Sell on Uniswap, Buy on Binance"
1332,2025-12-17 16:18:11+00:00,2025-12-17 16:18:11+00:00,1,1.5147410531614376,4.765777591573187,-12.146265549234613,sell,0.0,"Sell on Uniswap, Buy on Binance"
1333,2025-12-17 16:19:23+00:00,2025-12-17 16:19:23+00:00,1,0.0155141664063586,0.00939505016202203,-9.60557879269436,sell,0.0,"Sell on Uniswap, Buy on Binance"
1334,2025-12-17 16:19:35+00:00,2025-12-17 16:19:35+00:00,1,0.01391117805152,0.009499034713208586,-9.682834672809804,sell,0.0,"Sell on Uniswap, Buy on Binance"
1335,2025-12-17 16:20:47+00:00,2025-12-17 16:20:47+00:00,1,1.5720581925,2.2277682235725322,-10.417102900007649,sell,0.0,"Sell on Uniswap, Buy on Binance"
1336,2025-12-17 16:20:59+00:00,2025-12-17 16:20:59+00:00,5,1.7106970146986786,2.7808681407449702,-11.096436411727973,sell,0.0,"Sell on Uniswap, Buy on Binance"
1337,2025-12-17 16:23:59+00:00,2025-12-17 16:23:59+00:00,2,1.5742136863220442,3.2061272288622167,-11.167444604859156,sell,0.0,"Sell on Uniswap, Buy on Binance"
1338,2025-12-17 16:24:11+00:00,2025-12-17 16:24:11+00:00,1,1.5730398045,4.186457074448108,-11.661380253997322,sell,0.0,"Sell on Uniswap, Buy on Binance"
1339,2025-12-17 16:29:59+00:00,2025-12-17 16:29:59+00:00,3,2.1326272692480632,4.704832725369484,-11.34311021845239,sell,0.0,"Sell on Uniswap, Buy on Binance"
1340,2025-12-17 16:35:59+00:00,2025-12-17 16:35:59+00:00,1,0.004999999997632,0.019546993269267496,12.90939865570499,buy,0.0,"Buy on Uniswap, Sell on Binance"
1341,2025-12-17 16:36:11+00:00,2025-12-17 16:36:11+00:00,1,2.153236386430504,9.723232938022091,13.515636554953744,buy,0.0,"Buy on Uniswap, Sell on Binance"
1342,2025-12-17 16:36:47+00:00,2025-12-17 16:36:47+00:00,1,1.709828999248311,3.028369062659647,10.771153176131065,buy,0.0,"Buy on Uniswap, Sell on Binance"
1343,2025-12-17 16:41:47+00:00,2025-12-17 16:41:47+00:00,1,2.519999996701733,1.2139295149107945,9.481718062103027,buy,0.0,"Buy on Uniswap, Sell on Binance"
1344,2025-12-17 16:41:59+00:00,2025-12-17 16:41:59+00:00,3,3.2619957765658416,7.324522538274316,11.135833909639436,buy,0.0,"Buy on Uniswap, Sell on Binance"
1345,2025-12-17 17:01:35+00:00,2025-12-17 17:01:35+00:00,1,0.6967633520000001,1.152094372861617,-10.65349450362828,sell,0.0,"Sell on Uniswap, Buy on Binance"
1346,2025-12-17 17:02:23+00:00,2025-12-17 17:02:23+00:00,1,2.370308869542749,6.2176093260677225,-11.623121993070527,sell,0.0,"Sell on Uniswap, Buy on Binance"
1347,2025-12-17 17:38:59+00:00,2025-12-17 17:38:59+00:00,1,3.9205423339800005e-05,4.3315229412405584e-05,-10.10482748871209,sell,0.0,"Sell on Uniswap, Buy on Binance"
1348,2025-12-17 18:42:35+00:00,2025-12-17 18:42:35+00:00,1,0.0043214897046159,0.005373104921287933,-10.24334553326571,sell,0.0,"Sell on Uniswap, Buy on Binance"
1349,2025-12-17 18:42:47+00:00,2025-12-17 18:42:47+00:00,1,1.587062826,5.881619063056007,-12.705977461446764,sell,1.0,"Sell on Uniswap, Buy on Binance"
1350,2025-12-17 18:42:59+00:00,2025-12-17 18:42:59+00:00,1,1.5891247935,1.0287971221499796,-9.647398572068141,sell,0.0,"Sell on Uniswap, Buy on Binance"
1351,2025-12-17 18:46:59+00:00,2025-12-17 18:46:59+00:00,1,0.0038293527555073,0.001605724589524911,-9.41932010238952,sell,0.0,"Sell on Uniswap, Buy on Binance"
1352,2025-12-17 18:54:11+00:00,2025-12-17 18:54:11+00:00,1,0.0233257757689017,0.028865091714829802,-10.237476172317201,sell,0.0,"Sell on Uniswap, Buy on Binance"
1353,2025-12-18 01:18:35+00:00,2025-12-18 01:18:35+00:00,1,8.623045988656807,55.47875989515231,15.43377757327653,buy,1.0,"Buy on Uniswap, Sell on Binance"
1354,2025-12-18 03:34:11+00:00,2025-12-18 03:34:11+00:00,1,2.19493449e-08,7.565964662024953e-07,-43.47011606266642,sell,1.0,"Sell on Uniswap, Buy on Binance"
1355,2025-12-18 13:08:11+00:00,2025-12-18 13:08:11+00:00,1,1.0499999973389966,2.3264563320326492,11.215672702789107,buy,1.0,"Buy on Uniswap, Sell on Binance"
1356,2025-12-18 13:29:47+00:00,2025-12-18 13:29:47+00:00,2,2.3894872287793936,6.388762323325292,13.188728051315593,buy,1.0,"Buy on Uniswap, Sell on Binance"
1357,2025-12-18 13:30:23+00:00,2025-12-18 13:30:23+00:00,2,4.548253587510637,11.55377970121217,10.911866042053589,buy,0.5,"Buy on Uniswap, Sell on Binance"
1358,2025-12-18 13:34:47+00:00,2025-12-18 13:34:47+00:00,1,2.323822156829544,4.033990782422199,-10.735929219267746,sell,1.0,"Sell on Uniswap, Buy on Binance"
1359,2025-12-18 13:41:11+00:00,2025-12-18 13:41:11+00:00,2,1.7581143179828154,2.905183216813745,10.472599262732274,buy,0.0,"Buy on Uniswap, Sell on Binance"
1360,2025-12-18 13:42:35+00:00,2025-12-18 13:42:35+00:00,1,1.6423840725057754,0.6189054442247377,9.376833564441768,buy,0.0,"Buy on Uniswap, Sell on Binance"
1361,2025-12-18 13:42:47+00:00,2025-12-18 13:42:47+00:00,1,0.02295875300956,0.003463238857606293,9.150846122006897,buy,0.0,"Buy on Uniswap, Sell on Binance"
1362,2025-12-18 13:42:59+00:00,2025-12-18 13:42:59+00:00,4,2.6123226797708887,3.95623654370866,10.294380915743432,buy,0.0,"Buy on Uniswap, Sell on Binance"
1363,2025-12-18 13:45:23+00:00,2025-12-18 13:45:23+00:00,1,0.4420120823824848,0.2763113768424605,9.6251217734889,buy,0.0,"Buy on Uniswap, Sell on Binance"
1364,2025-12-18 13:45:47+00:00,2025-12-18 13:45:47+00:00,1,0.0067200282907781,0.010474419673185072,10.558686841774033,buy,0.0,"Buy on Uniswap, Sell on Binance"
1365,2025-12-18 13:46:47+00:00,2025-12-18 13:46:47+00:00,2,6.823359414860822,0.8601693474412091,9.317707289930695,buy,0.0,"Buy on Uniswap, Sell on Binance"
1366,2025-12-18 13:46:59+00:00,2025-12-18 13:46:59+00:00,1,0.149719541882239,0.5000727214767084,12.340063128633119,buy,0.0,"Buy on Uniswap, Sell on Binance"
1367,2025-12-18 13:47:47+00:00,2025-12-18 13:47:47+00:00,1,1.1074270574931713,4.79469357712996,13.329579582409224,buy,0.0,"Buy on Uniswap, Sell on Binance"
1368,2025-12-18 13:47:59+00:00,2025-12-18 13:47:59+00:00,4,4.723216174817042,32.89173582381837,16.267018678191334,buy,1.0,"Buy on Uniswap, Sell on Binance"
1369,2025-12-18 13:48:23+00:00,2025-12-18 13:48:23+00:00,2,4.812485208714914,10.219167742446022,12.035769564739212,buy,0.0,"Buy on Uniswap, Sell on Binance"
1370,2025-12-18 13:48:35+00:00,2025-12-18 13:48:35+00:00,5,0.300906607556106,0.9329138808940567,12.179488534051234,buy,0.0,"Buy on Uniswap, Sell on Binance"
1371,2025-12-18 13:48:47+00:00,2025-12-18 13:48:47+00:00,1,0.0141508777643143,0.0007607007889896987,9.053756438410346,buy,0.0,"Buy on Uniswap, Sell on Binance"
1372,2025-12-18 13:48:59+00:00,2025-12-18 13:48:59+00:00,1,4.323076884605133,7.352149792380203,10.700675234012579,buy,0.0,"Buy on Uniswap, Sell on Binance"
1373,2025-12-18 13:53:35+00:00,2025-12-18 13:53:35+00:00,1,0.9999999973421676,0.08464513944421925,9.084645139669192,buy,0.0,"Buy on Uniswap, Sell on Binance"
1374,2025-12-18 13:54:59+00:00,2025-12-18 13:54:59+00:00,1,4.211749996430242,7.666106920271474,10.820171407792259,buy,0.0,"Buy on Uniswap, Sell on Binance"
1375,2025-12-18 13:55:11+00:00,2025-12-18 13:55:11+00:00,2,4.258212312347715,3.882976193760069,9.659947774163584,buy,0.0,"Buy on Uniswap, Sell on Binance"
1376,2025-12-18 13:58:11+00:00,2025-12-18 13:58:11+00:00,1,3.00135042315146,1.8556059570899737,-9.618257016167263,sell,0.0,"Sell on Uniswap, Buy on Binance"
1377,2025-12-18 13:59:59+00:00,2025-12-18 13:59:59+00:00,2,1.5598420453581892,0.8521575781715183,9.791073358595895,buy,0.0,"Buy on Uniswap, Sell on Binance"
1378,2025-12-18 14:00:47+00:00,2025-12-18 14:00:47+00:00,1,1.5538857894179063,0.7661769485542764,9.49307159752152,buy,0.0,"Buy on Uniswap, Sell on Binance"
1379,2025-12-18 14:10:59+00:00,2025-12-18 14:10:59+00:00,1,1.5135041925,9.327115559024548,-15.162596446870793,sell,1.0,"Sell on Uniswap, Buy on Binance"
1380,2025-12-18 14:11:11+00:00,2025-12-18 14:11:11+00:00,1,1.515019266,8.16249801570944,-14.387718954400043,sell,1.0,"Sell on Uniswap, Buy on Binance"
1381,2025-12-18 14:11:47+00:00,2025-12-18 14:11:47+00:00,5,1.6145118398985683,10.897388288602604,-15.86530531755534,sell,0.4,"Sell on Uniswap, Buy on Binance"
1382,2025-12-18 14:11:59+00:00,2025-12-18 14:11:59+00:00,2,1.441067819937898,12.76653564377369,-17.900235013898737,sell,1.0,"Sell on Uniswap, Buy on Binance"
1383,2025-12-18 14:12:11+00:00,2025-12-18 14:12:11+00:00,1,1.523668671,0.3321541762196211,-9.21799632855982,sell,0.0,"Sell on Uniswap, Buy on Binance"
1384,2025-12-18 14:14:59+00:00,2025-12-18 14:14:59+00:00,2,4.154482613938749,6.499923837164642,11.134084174174177,buy,0.0,"Buy on Uniswap, Sell on Binance"
1385,2025-12-18 14:17:11+00:00,2025-12-18 14:17:11+00:00,1,0.0033191537930195,0.0016146808075314678,9.486473634010963,buy,0.0,"Buy on Uniswap, Sell on Binance"
1386,2025-12-18 14:17:35+00:00,2025-12-18 14:17:35+00:00,1,0.0175741883493039,0.01291725236807692,9.735012742058643,buy,0.0,"Buy on Uniswap, Sell on Binance"
1387,2025-12-18 14:31:23+00:00,2025-12-18 14:31:23+00:00,1,2.3946411897523032,12.572474565231971,-14.250254033478996,sell,0.0,"Sell on Uniswap, Buy on Binance"
1388,2025-12-18 14:32:23+00:00,2025-12-18 14:32:23+00:00,2,4.075378195126872,38.204969430013676,-17.777932225376844,sell,0.5,"Sell on Uniswap, Buy on Binance"
1389,2025-12-18 14:33:11+00:00,2025-12-18 14:33:11+00:00,1,0.0029862259964602,0.014587209055521043,-13.88483091126136,sell,0.0,"Sell on Uniswap, Buy on Binance"
1390,2025-12-18 14:33:59+00:00,2025-12-18 14:33:59+00:00,1,2.7838700416370075,0.6555346391655923,9.235476020561691,buy,0.0,"Buy on Uniswap, Sell on Binance"
1391,2025-12-18 14:34:59+00:00,2025-12-18 14:34:59+00:00,1,2.1925913273103994,3.281103245719896,-10.496449979004865,sell,0.0,"Sell on Uniswap, Buy on Binance"
1392,2025-12-18 14:43:47+00:00,2025-12-18 14:43:47+00:00,1,0.1650584001649788,0.08828651496209095,-9.53488047184419,sell,0.0,"Sell on Uniswap, Buy on Binance"
1393,2025-12-18 14:43:59+00:00,2025-12-18 14:43:59+00:00,1,0.0001045559237106,0.00025059810993400904,-11.396785385662497,sell,0.0,"Sell on Uniswap, Buy on Binance"
1394,2025-12-18 14:44:11+00:00,2025-12-18 14:44:11+00:00,1,0.0085995432511679,0.007311861528162146,-9.850261614437386,sell,0.0,"Sell on Uniswap, Buy on Binance"
1395,2025-12-18 14:44:59+00:00,2025-12-18 14:44:59+00:00,1,2.468124676104958,2.2637403915596113,9.917190453738385,buy,0.0,"Buy on Uniswap, Sell on Binance"
1396,2025-12-18 14:45:35+00:00,2025-12-18 14:45:35+00:00,1,1.0153384196159825,1.2012498344862974,10.18310290567024,buy,0.0,"Buy on Uniswap, Sell on Binance"
1397,2025-12-18 14:45:59+00:00,2025-12-18 14:45:59+00:00,1,0.5399999996830137,1.8497130683964196,12.425394573115227,buy,0.0,"Buy on Uniswap, Sell on Binance"
1398,2025-12-18 14:47:59+00:00,2025-12-18 14:47:59+00:00,1,3.20125204531383,6.7736864393802305,-11.115949117251148,sell,0.0,"Sell on Uniswap, Buy on Binance"
1399,2025-12-18 14:48:23+00:00,2025-12-18 14:48:23+00:00,1,0.1340005372609398,0.08446279446978291,-9.63031683451618,sell,0.0,"Sell on Uniswap, Buy on Binance"
1400,2025-12-18 14:49:35+00:00,2025-12-18 14:49:35+00:00,1,0.6743966346392483,0.47425962011660916,9.703235448928808,buy,0.0,"Buy on Uniswap, Sell on Binance"
1401,2025-12-18 15:09:23+00:00,2025-12-18 15:09:23+00:00,1,0.4432146304004601,0.20067582621278565,-9.452773470116426,sell,0.0,"Sell on Uniswap, Buy on Binance"
1402,2025-12-18 15:29:59+00:00,2025-12-18 15:29:59+00:00,1,1.9922321052440244,1.8467641516061652,-9.926982426768973,sell,0.0,"Sell on Uniswap, Buy on Binance"
1403,2025-12-18 15:33:59+00:00,2025-12-18 15:33:59+00:00,2,5.383999990058085,37.751057534548565,16.483895155381333,buy,1.0,"Buy on Uniswap, Sell on Binance"
1404,2025-12-18 15:38:11+00:00,2025-12-18 15:38:11+00:00,1,0.2484299994676719,0.3915789294149877,10.576214347116093,buy,0.0,"Buy on Uniswap, Sell on Binance"
1405,2025-12-18 15:38:47+00:00,2025-12-18 15:38:47+00:00,1,0.0282632000460263,0.009630347572114747,9.340738046520983,buy,0.0,"Buy on Uniswap, Sell on Binance"
1406,2025-12-18 15:38:59+00:00,2025-12-18 15:38:59+00:00,2,1.5375720283731449,0.2623441273122437,9.409408307476724,buy,0.0,"Buy on Uniswap, Sell on Binance"
1407,2025-12-18 15:43:59+00:00,2025-12-18 15:43:59+00:00,1,1.9918638609918904,4.609399756200667,-11.314113854099105,sell,0.0,"Sell on Uniswap, Buy on Binance"
1408,2025-12-18 16:13:59+00:00,2025-12-18 16:13:59+00:00,1,1.809694492227e-05,4.6236919925340726e-05,-11.554957210951216,sell,1.0,"Sell on Uniswap, Buy on Binance"
1409,2025-12-18 17:04:35+00:00,2025-12-18 17:04:35+00:00,3,0.1164929253512405,0.10588364641684747,-10.220971832720503,sell,0.3333333333333333,"Sell on Uniswap, Buy on Binance"
1410,2025-12-18 17:04:47+00:00,2025-12-18 17:04:47+00:00,3,2.2769570357591555,9.249126584667472,-14.498814921385323,sell,1.0,"Sell on Uniswap, Buy on Binance"
1411,2025-12-18 17:06:11+00:00,2025-12-18 17:06:11+00:00,2,2.2720185559864174,5.799168912271861,-11.53547668811234,sell,0.0,"Sell on Uniswap, Buy on Binance"
1412,2025-12-18 17:06:23+00:00,2025-12-18 17:06:23+00:00,6,0.900831391195222,3.6669342109015166,-13.203523656741254,sell,0.5,"Sell on Uniswap, Buy on Binance"
1413,2025-12-18 17:06:47+00:00,2025-12-18 17:06:47+00:00,3,6.714048793837159,40.7055516467981,-15.009105535023082,sell,0.6666666666666666,"Sell on Uniswap, Buy on Binance"
1414,2025-12-18 17:07:11+00:00,2025-12-18 17:07:11+00:00,6,2.73606225651916,23.168027041454774,-15.169308989303014,sell,0.5,"Sell on Uniswap, Buy on Binance"
1415,2025-12-18 17:07:47+00:00,2025-12-18 17:07:47+00:00,6,5.513110459416654,28.348080403925554,-13.792601593207868,sell,0.0,"Sell on Uniswap, Buy on Binance"
1416,2025-12-18 17:07:59+00:00,2025-12-18 17:07:59+00:00,3,0.08835803504997562,0.6105590909138625,-15.916095065919157,sell,0.0,"Sell on Uniswap, Buy on Binance"
1417,2025-12-18 17:08:23+00:00,2025-12-18 17:08:23+00:00,3,2.2825846479475485,20.314708727317644,-17.961455562330986,sell,0.3333333333333333,"Sell on Uniswap, Buy on Binance"
1418,2025-12-18 17:08:47+00:00,2025-12-18 17:08:47+00:00,1,0.0141943068865942,0.20584785920798257,-23.502142362611266,sell,1.0,"Sell on Uniswap, Buy on Binance"
1419,2025-12-18 17:09:11+00:00,2025-12-18 17:09:11+00:00,2,8.294764013891752,89.02711370692305,-19.896495990153653,sell,0.0,"Sell on Uniswap, Buy on Binance"
1420,2025-12-18 17:09:23+00:00,2025-12-18 17:09:23+00:00,3,0.034303121034252704,0.05152136634208594,-10.502087093447548,sell,0.0,"Sell on Uniswap, Buy on Binance"
1421,2025-12-18 17:09:35+00:00,2025-12-18 17:09:35+00:00,1,6.506348130410558,2.0755591887108524,-9.319005246431516,sell,0.0,"Sell on Uniswap, Buy on Binance"
1422,2025-12-18 17:09:59+00:00,2025-12-18 17:09:59+00:00,1,4.229692601516215,4.34659120562424,10.02763761226197,buy,0.0,"Buy on Uniswap, Sell on Binance"
1423,2025-12-18 17:10:59+00:00,2025-12-18 17:10:59+00:00,4,0.048148989215513,0.023202596370007676,-9.479820816519236,sell,0.0,"Sell on Uniswap, Buy on Binance"
1424,2025-12-18 17:11:35+00:00,2025-12-18 17:11:35+00:00,1,0.0361572504115812,0.015182525248342207,-9.419902649552114,sell,0.0,"Sell on Uniswap, Buy on Binance"
1425,2025-12-18 17:11:47+00:00,2025-12-18 17:11:47+00:00,2,0.09585530136340009,0.22792836665083976,-11.197374964858227,sell,0.0,"Sell on Uniswap, Buy on Binance"
1426,2025-12-18 17:16:23+00:00,2025-12-18 17:16:23+00:00,1,4.115661187111186,0.2847451375501956,-9.069185757671676,sell,0.0,"Sell on Uniswap, Buy on Binance"
1427,2025-12-18 17:16:35+00:00,2025-12-18 17:16:35+00:00,2,0.2687984392021934,2.0360659541202377,-15.80433951929058,sell,0.0,"Sell on Uniswap, Buy on Binance"
1428,2025-12-18 17:16:47+00:00,2025-12-18 17:16:47+00:00,2,0.0404273957629998,0.4468486777688792,-20.137789192611308,sell,0.5,"Sell on Uniswap, Buy on Binance"
1429,2025-12-18 17:16:59+00:00,2025-12-18 17:16:59+00:00,2,0.007703528535487,0.11057165375126624,-23.352849231611344,sell,1.0,"Sell on Uniswap, Buy on Binance"
1430,2025-12-18 17:17:11+00:00,2025-12-18 17:17:11+00:00,1,0.0291324325311217,0.055020985521919245,-10.8886505774326,sell,0.0,"Sell on Uniswap, Buy on Binance"
1431,2025-12-18 17:17:23+00:00,2025-12-18 17:17:23+00:00,3,7.623548410501661,41.62721816866875,-14.854784273279316,sell,0.0,"Sell on Uniswap, Buy on Binance"
1432,2025-12-18 17:17:35+00:00,2025-12-18 17:17:35+00:00,5,0.1706652794472365,1.4790872061721736,-17.257161703653036,sell,0.0,"Sell on Uniswap, Buy on Binance"
1433,2025-12-18 17:17:47+00:00,2025-12-18 17:17:47+00:00,2,0.2755224957803367,2.7583292512399877,-18.912275195350958,sell,0.0,"Sell on Uniswap, Buy on Binance"
1434,2025-12-18 17:18:11+00:00,2025-12-18 17:18:11+00:00,1,2.060069761833477,0.7448879331395569,-9.361583839023297,sell,0.0,"Sell on Uniswap, Buy on Binance"
1435,2025-12-18 17:18:47+00:00,2025-12-18 17:18:47+00:00,2,6.884954657313715,7.830479129977258,10.090977645011208,buy,0.0,"Buy on Uniswap, Sell on Binance"
1436,2025-12-18 17:20:35+00:00,2025-12-18 17:20:35+00:00,2,73.78040909329177,1428.9232704380793,38.540617645002385,buy,1.0,"Buy on Uniswap, Sell on Binance"
1437,2025-12-18 17:20:59+00:00,2025-12-18 17:20:59+00:00,2,5.2594052641002955,9.574266972886486,-11.642070754560564,sell,0.0,"Sell on Uniswap, Buy on Binance"
1438,2025-12-18 17:21:23+00:00,2025-12-18 17:21:23+00:00,2,2.2364639940922206,6.318169276893971,-11.861679435938868,sell,0.0,"Sell on Uniswap, Buy on Binance"
1439,2025-12-18 17:21:47+00:00,2025-12-18 17:21:47+00:00,1,7.096842380000001,15.175727771959247,-11.138377458505602,sell,0.0,"Sell on Uniswap, Buy on Binance"
1440,2025-12-18 17:22:11+00:00,2025-12-18 17:22:11+00:00,2,3.3582951675049815,11.691249691998964,-12.444072956835043,sell,0.0,"Sell on Uniswap, Buy on Binance"
1441,2025-12-18 17:22:35+00:00,2025-12-18 17:22:35+00:00,1,2.163341177211068,13.169333237296403,-15.087497143781093,sell,0.0,"Sell on Uniswap, Buy on Binance"
1442,2025-12-18 17:22:59+00:00,2025-12-18 17:22:59+00:00,1,0.886622525,5.877639823499983,-15.629247123515142,sell,0.0,"Sell on Uniswap, Buy on Binance"
1443,2025-12-18 17:23:11+00:00,2025-12-18 17:23:11+00:00,1,1.3114297405136998e-05,5.567282363440182e-05,-13.245200632143224,sell,0.0,"Sell on Uniswap, Buy on Binance"
1444,2025-12-18 17:25:23+00:00,2025-12-18 17:25:23+00:00,1,3.915257402065646,3.3028718183904635,-9.843589955707102,sell,0.0,"Sell on Uniswap, Buy on Binance"
1445,2025-12-18 17:33:23+00:00,2025-12-18 17:33:23+00:00,1,1.369890835794333,0.631311448279375,9.46084799736127,buy,0.0,"Buy on Uniswap, Sell on Binance"
1446,2025-12-18 17:39:23+00:00,2025-12-18 17:39:23+00:00,1,0.1405040436560716,0.07264615369776163,9.517039594074504,buy,0.0,"Buy on Uniswap, Sell on Binance"
1447,2025-12-18 17:39:47+00:00,2025-12-18 17:39:47+00:00,1,0.0180946908991839,0.020888249055054996,10.154385514040314,buy,0.0,"Buy on Uniswap, Sell on Binance"
1448,2025-12-18 17:40:11+00:00,2025-12-18 17:40:11+00:00,1,2.494461931282416,9.632891404802336,12.861711130564345,buy,0.0,"Buy on Uniswap, Sell on Binance"
1449,2025-12-18 17:40:23+00:00,2025-12-18 17:40:23+00:00,1,0.8281575483394107,5.033310322522265,15.077720758103169,buy,0.0,"Buy on Uniswap, Sell on Binance"
1450,2025-12-18 17:40:35+00:00,2025-12-18 17:40:35+00:00,1,0.0353678311,0.24706275844590073,15.985521892686847,buy,0.0,"Buy on Uniswap, Sell on Binance"
1451,2025-12-18 17:40:47+00:00,2025-12-18 17:40:47+00:00,1,0.2659999999915341,1.582378794169637,14.94879245947368,buy,0.0,"Buy on Uniswap, Sell on Binance"
1452,2025-12-18 17:49:35+00:00,2025-12-18 17:49:35+00:00,1,0.0042533651523372,0.014119449464044297,-12.319594946200596,sell,0.0,"Sell on Uniswap, Buy on Binance"
1453,2025-12-18 18:12:11+00:00,2025-12-18 18:12:11+00:00,4,0.2430313299775709,0.7089254801710811,11.656997148015762,buy,0.0,"Buy on Uniswap, Sell on Binance"
1454,2025-12-18 18:12:23+00:00,2025-12-18 18:12:23+00:00,3,0.06317849170480949,0.20011987719480703,12.271908565759531,buy,0.0,"Buy on Uniswap, Sell on Binance"
1455,2025-12-18 18:12:35+00:00,2025-12-18 18:12:35+00:00,4,3.0507910526062183,15.285755925029198,14.295243160810173,buy,0.0,"Buy on Uniswap, Sell on Binance"
1456,2025-12-18 18:12:47+00:00,2025-12-18 18:12:47+00:00,1,0.739925999480107,5.180264610605315,16.001057692586983,buy,0.0,"Buy on Uniswap, Sell on Binance"
1457,2025-12-18 18:17:11+00:00,2025-12-18 18:17:11+00:00,2,12.444838158343327,30.038950629547585,-12.891853450050803,sell,0.0,"Sell on Uniswap, Buy on Binance"
1458,2025-12-18 19:03:47+00:00,2025-12-18 19:03:47+00:00,1,0.7983207581290068,1.2980769899341387,-10.626009316075397,sell,0.0,"Sell on Uniswap, Buy on Binance"
1459,2025-12-18 19:03:59+00:00,2025-12-18 19:03:59+00:00,1,0.0022717315854,0.005009187561133708,-11.205008546487988,sell,0.0,"Sell on Uniswap, Buy on Binance"
1460,2025-12-18 19:39:47+00:00,2025-12-18 19:39:47+00:00,3,3.610509319542662,9.483174819482464,-10.790409790831745,sell,0.0,"Sell on Uniswap, Buy on Binance"
1461,2025-12-18 19:39:59+00:00,2025-12-18 19:39:59+00:00,1,0.0027955237263278,0.016211868861499983,-14.79922420576122,sell,1.0,"Sell on Uniswap, Buy on Binance"
1462,2025-12-18 19:40:11+00:00,2025-12-18 19:40:11+00:00,1,0.0024549498906705,0.013624226142932504,-14.549696225861226,sell,1.0,"Sell on Uniswap, Buy on Binance"
1463,2025-12-18 19:40:47+00:00,2025-12-18 19:40:47+00:00,2,0.1486657960076957,0.780878965013535,-14.284500816001355,sell,0.0,"Sell on Uniswap, Buy on Binance"
1464,2025-12-18 19:43:35+00:00,2025-12-18 19:43:35+00:00,1,0.071331058,0.02737343624799853,-9.383752001098856,sell,0.0,"Sell on Uniswap, Buy on Binance"
1465,2025-12-18 19:43:47+00:00,2025-12-18 19:43:47+00:00,1,0.0238393462765445,0.03227995740338805,-10.354062188993339,sell,0.0,"Sell on Uniswap, Buy on Binance"
1466,2025-12-18 19:44:47+00:00,2025-12-18 19:44:47+00:00,1,0.004309910189952,0.0038357832820299716,-9.889991464548984,sell,0.0,"Sell on Uniswap, Buy on Binance"
1467,2025-12-18 19:44:59+00:00,2025-12-18 19:44:59+00:00,2,0.0687517064522274,0.08938921173432841,-10.306420812881697,sell,0.0,"Sell on Uniswap, Buy on Binance"
1468,2025-12-18 19:52:35+00:00,2025-12-18 19:52:35+00:00,1,6.106099999116674,0.5962105475783422,9.097641792251125,buy,0.0,"Buy on Uniswap, Sell on Binance"
1469,2025-12-18 19:59:35+00:00,2025-12-18 19:59:35+00:00,1,1.1199999972482912,0.354866187579041,9.31684481111688,buy,0.0,"Buy on Uniswap, Sell on Binance"
1470,2025-12-18 20:00:11+00:00,2025-12-18 20:00:11+00:00,1,2.9699584161233505,6.830172727282206,11.299753656550365,buy,0.0,"Buy on Uniswap, Sell on Binance"
1471,2025-12-18 20:01:23+00:00,2025-12-18 20:01:23+00:00,1,0.0122062239014021,0.0576415781712576,13.722310407941677,buy,1.0,"Buy on Uniswap, Sell on Binance"
1472,2025-12-18 20:02:11+00:00,2025-12-18 20:02:11+00:00,1,1.7999999978054992,6.967506858716968,12.870837148450846,buy,0.0,"Buy on Uniswap, Sell on Binance"
1473,2025-12-18 20:11:11+00:00,2025-12-18 20:11:11+00:00,1,2.332499996845916,1.0725048023284638,9.459809133452836,buy,0.0,"Buy on Uniswap, Sell on Binance"
1474,2025-12-18 21:00:11+00:00,2025-12-18 21:00:11+00:00,1,0.4597864317968902,3.83450546375662,17.33975341284213,buy,1.0,"Buy on Uniswap, Sell on Binance"
1475,2025-12-19 03:03:47+00:00,2025-12-19 03:03:47+00:00,1,0.0594309114393973,0.05353913738656763,9.900863474745165,buy,1.0,"Buy on Uniswap, Sell on Binance"
1476,2025-12-19 03:03:59+00:00,2025-12-19 03:03:59+00:00,3,1.6231255739597885,0.5175326310835379,9.64898494765263,buy,1.0,"Buy on Uniswap, Sell on Binance"
1477,2025-12-19 03:10:59+00:00,2025-12-19 03:10:59+00:00,1,1.5899784017240406,7.941348498826916,13.994626650409828,buy,1.0,"Buy on Uniswap, Sell on Binance"
1478,2025-12-19 03:15:59+00:00,2025-12-19 03:15:59+00:00,1,0.1200565853878669,0.02082310270287136,-9.173444069191191,sell,0.0,"Sell on Uniswap, Buy on Binance"
1479,2025-12-19 03:16:11+00:00,2025-12-19 03:16:11+00:00,1,0.7209258899314922,0.18060969830583576,-9.250524638979186,sell,0.0,"Sell on Uniswap, Buy on Binance"
1480,2025-12-19 03:19:11+00:00,2025-12-19 03:19:11+00:00,1,1.1414954481135604,2.638813312434119,-11.311716018487004,sell,0.0,"Sell on Uniswap, Buy on Binance"
1481,2025-12-19 03:21:11+00:00,2025-12-19 03:21:11+00:00,1,1.8914815861918484,1.9850047518923966,10.04944439659539,buy,0.0,"Buy on Uniswap, Sell on Binance"
1482,2025-12-19 03:21:23+00:00,2025-12-19 03:21:23+00:00,1,0.8847862443270146,0.7041163023088367,9.795803852990957,buy,0.0,"Buy on Uniswap, Sell on Binance"
1483,2025-12-19 03:21:35+00:00,2025-12-19 03:21:35+00:00,1,0.1242293728268779,0.10147410768523031,9.816828624150276,buy,0.0,"Buy on Uniswap, Sell on Binance"
1484,2025-12-19 03:24:35+00:00,2025-12-19 03:24:35+00:00,1,0.0040574000675862,0.011721538327279355,11.88892841031884,buy,0.0,"Buy on Uniswap, Sell on Binance"
1485,2025-12-19 03:24:47+00:00,2025-12-19 03:24:47+00:00,2,0.0224043421332245,0.16649688117571193,15.288697630273418,buy,0.5,"Buy on Uniswap, Sell on Binance"
1486,2025-12-19 03:24:59+00:00,2025-12-19 03:24:59+00:00,1,0.145655598021626,1.842033860961186,21.646502338260234,buy,1.0,"Buy on Uniswap, Sell on Binance"
1487,2025-12-19 03:25:23+00:00,2025-12-19 03:25:23+00:00,2,5.26020239102804,39.76455657615775,16.147936675849678,buy,0.0,"Buy on Uniswap, Sell on Binance"
1488,2025-12-19 03:25:35+00:00,2025-12-19 03:25:35+00:00,2,0.019853650415039302,0.005536802562474717,9.295090202941537,buy,0.0,"Buy on Uniswap, Sell on Binance"
1489,2025-12-19 03:25:47+00:00,2025-12-19 03:25:47+00:00,8,7.470096579517725,9.657579208558497,11.598710871202172,buy,0.0,"Buy on Uniswap, Sell on Binance"
1490,2025-12-19 03:25:59+00:00,2025-12-19 03:25:59+00:00,1,2.0909167585816397,0.6726639106179235,9.321707647067797,buy,0.0,"Buy on Uniswap, Sell on Binance"
1491,2025-12-19 03:26:11+00:00,2025-12-19 03:26:11+00:00,6,31.17400608766193,102.12243931067107,12.702636840798808,buy,0.0,"Buy on Uniswap, Sell on Binance"
1492,2025-12-19 03:26:35+00:00,2025-12-19 03:26:35+00:00,2,0.7862906924322262,3.528785066125688,11.740175850072546,buy,0.0,"Buy on Uniswap, Sell on Binance"
1493,2025-12-19 03:26:47+00:00,2025-12-19 03:26:47+00:00,5,10.065272738930267,55.39580790809455,16.74841863566535,buy,0.0,"Buy on Uniswap, Sell on Binance"
1494,2025-12-19 03:27:11+00:00,2025-12-19 03:27:11+00:00,2,0.16385777644993638,0.24582392678496176,10.514402145369104,buy,0.0,"Buy on Uniswap, Sell on Binance"
1495,2025-12-19 03:28:59+00:00,2025-12-19 03:28:59+00:00,5,7.137825802203068,18.817189767370916,13.051357369232846,buy,0.0,"Buy on Uniswap, Sell on Binance"
1496,2025-12-19 03:29:11+00:00,2025-12-19 03:29:11+00:00,1,2.5019865057833908,13.332507710113738,14.328768832004243,buy,0.0,"Buy on Uniswap, Sell on Binance"
1497,2025-12-19 03:29:23+00:00,2025-12-19 03:29:23+00:00,4,1.1755245820827014,7.804818321738119,15.27901503938574,buy,0.0,"Buy on Uniswap, Sell on Binance"
1498,2025-12-19 03:29:35+00:00,2025-12-19 03:29:35+00:00,1,0.0122608216548235,0.015709650511520915,10.28128855910245,buy,0.0,"Buy on Uniswap, Sell on Binance"
1499,2025-12-19 03:29:47+00:00,2025-12-19 03:29:47+00:00,2,1.2013826602262,1.9590354576768925,10.656270783237915,buy,0.0,"Buy on Uniswap, Sell on Binance"
1500,2025-12-19 03:30:11+00:00,2025-12-19 03:30:11+00:00,1,0.0487656586351503,0.04448794248466181,9.912280152258518,buy,0.0,"Buy on Uniswap, Sell on Binance"
1501,2025-12-19 03:30:35+00:00,2025-12-19 03:30:35+00:00,2,3.3356058838489484,9.606352168028108,12.267520561851143,buy,0.0,"Buy on Uniswap, Sell on Binance"
1502,2025-12-19 03:30:47+00:00,2025-12-19 03:30:47+00:00,4,5.933136879969193,40.15329661771153,15.87816366878576,buy,0.0,"Buy on Uniswap, Sell on Binance"
1503,2025-12-19 03:30:59+00:00,2025-12-19 03:30:59+00:00,2,2.6891278152271285,23.123220407301837,16.400019913959568,buy,0.0,"Buy on Uniswap, Sell on Binance"
1504,2025-12-19 03:31:11+00:00,2025-12-19 03:31:11+00:00,1,0.161548260919534,1.004429168916888,15.217517682949165,buy,0.0,"Buy on Uniswap, Sell on Binance"
1505,2025-12-19 03:31:23+00:00,2025-12-19 03:31:23+00:00,2,10.74497995484841,108.08844204183369,18.29863372059549,buy,0.0,"Buy on Uniswap, Sell on Binance"
1506,2025-12-19 03:31:35+00:00,2025-12-19 03:31:35+00:00,1,3.6336731634461774,56.1826007340748,24.461654971959888,buy,1.0,"Buy on Uniswap, Sell on Binance"
1507,2025-12-19 03:31:59+00:00,2025-12-19 03:31:59+00:00,4,42.2274384703588,173.3146712993115,15.524550001800321,buy,0.0,"Buy on Uniswap, Sell on Binance"
1508,2025-12-19 03:32:23+00:00,2025-12-19 03:32:23+00:00,1,4.392925159818,0.4191740036415036,9.095420246963386,buy,0.0,"Buy on Uniswap, Sell on Binance"
1509,2025-12-19 03:32:47+00:00,2025-12-19 03:32:47+00:00,1,0.0246612099198065,0.0016643443422248107,9.067488349016003,buy,0.0,"Buy on Uniswap, Sell on Binance"
1510,2025-12-19 03:33:59+00:00,2025-12-19 03:33:59+00:00,1,5.312983526969585,19.53276587080327,-12.676421312366529,sell,0.0,"Sell on Uniswap, Buy on Binance"
1511,2025-12-19 03:34:11+00:00,2025-12-19 03:34:11+00:00,2,9.260779979474123,77.277178562872,-17.398969618810725,sell,0.5,"Sell on Uniswap, Buy on Binance"
1512,2025-12-19 03:34:59+00:00,2025-12-19 03:34:59+00:00,2,0.025533951635530898,0.247144123817512,-18.679328376030526,sell,0.0,"Sell on Uniswap, Buy on Binance"
1513,2025-12-19 03:35:11+00:00,2025-12-19 03:35:11+00:00,1,2.883878466914982,30.11996609562566,-19.444256386381767,sell,0.0,"Sell on Uniswap, Buy on Binance"
1514,2025-12-19 03:35:23+00:00,2025-12-19 03:35:23+00:00,1,0.0006577444642079,0.004605762857209736,-16.00235898261235,sell,0.0,"Sell on Uniswap, Buy on Binance"
1515,2025-12-19 03:37:59+00:00,2025-12-19 03:37:59+00:00,1,6.712836752172035,9.991330144661134,10.488391646263153,buy,0.0,"Buy on Uniswap, Sell on Binance"
1516,2025-12-19 03:46:59+00:00,2025-12-19 03:46:59+00:00,2,0.0068836856956957,0.002168658477455776,9.31464320043483,buy,0.0,"Buy on Uniswap, Sell on Binance"
1517,2025-12-19 03:55:35+00:00,2025-12-19 03:55:35+00:00,1,0.5354728672513328,2.5770931794892586,-13.812742786983563,sell,0.0,"Sell on Uniswap, Buy on Binance"
1518,2025-12-19 03:55:59+00:00,2025-12-19 03:55:59+00:00,2,0.001879325899596612,0.013640052295320523,-16.26978787925873,sell,0.0,"Sell on Uniswap, Buy on Binance"
1519,2025-12-19 03:56:23+00:00,2025-12-19 03:56:23+00:00,1,1.5423934724999997,9.940565624496818,-15.44489606688012,sell,0.0,"Sell on Uniswap, Buy on Binance"
1520,2025-12-19 03:56:35+00:00,2025-12-19 03:56:35+00:00,1,1.5446889585,3.624491562178145,-11.346421615972304,sell,0.0,"Sell on Uniswap, Buy on Binance"
1521,2025-12-19 04:01:35+00:00,2025-12-19 04:01:35+00:00,1,5.0718064747147,4.0782888405792095,-9.804109711384172,sell,0.0,"Sell on Uniswap, Buy on Binance"
1522,2025-12-19 07:05:47+00:00,2025-12-19 07:05:47+00:00,1,0.0034492425006522,0.010763431734428277,12.120520442500947,buy,1.0,"Buy on Uniswap, Sell on Binance"
1523,2025-12-19 07:05:59+00:00,2025-12-19 07:05:59+00:00,1,0.0015363596486316,0.006766187580261553,13.404038850075267,buy,1.0,"Buy on Uniswap, Sell on Binance"
1524,2025-12-19 07:06:11+00:00,2025-12-19 07:06:11+00:00,2,0.5891548795113444,0.23368329758091114,9.520353202194883,buy,0.0,"Buy on Uniswap, Sell on Binance"
1525,2025-12-19 07:09:47+00:00,2025-12-19 07:09:47+00:00,1,0.0025285766055377,0.002495181288652701,9.986792839571535,buy,0.0,"Buy on Uniswap, Sell on Binance"
1526,2025-12-19 07:09:59+00:00,2025-12-19 07:09:59+00:00,2,0.0300705814744872,0.05551174318952628,10.841932865496801,buy,0.0,"Buy on Uniswap, Sell on Binance"
1527,2025-12-19 07:10:11+00:00,2025-12-19 07:10:11+00:00,2,0.005858443555218799,0.012737505391205889,11.159560288247576,buy,0.0,"Buy on Uniswap, Sell on Binance"
1528,2025-12-19 07:10:35+00:00,2025-12-19 07:10:35+00:00,1,0.0011033854223235,0.0026130512380177174,11.368212580256113,buy,0.0,"Buy on Uniswap, Sell on Binance"
1529,2025-12-19 07:10:47+00:00,2025-12-19 07:10:47+00:00,2,0.0022979599995572,0.006749825617630934,11.937312058926864,buy,0.0,"Buy on Uniswap, Sell on Binance"
1530,2025-12-19 07:13:35+00:00,2025-12-19 07:13:35+00:00,1,4.971425818215846,4.1668554452226365,-9.838161042241609,sell,1.0,"Sell on Uniswap, Buy on Binance"
1531,2025-12-19 07:14:11+00:00,2025-12-19 07:14:11+00:00,1,0.5585416634276691,0.3513508629907139,-9.629050411091157,sell,0.0,"Sell on Uniswap, Buy on Binance"
1532,2025-12-19 08:11:59+00:00,2025-12-19 08:11:59+00:00,1,0.2324496672837,0.6735086629827696,-11.897438705131663,sell,1.0,"Sell on Uniswap, Buy on Binance"
1533,2025-12-19 08:12:35+00:00,2025-12-19 08:12:35+00:00,1,0.00675153272,0.004559423457200161,-9.675316797872256,sell,0.0,"Sell on Uniswap, Buy on Binance"
1534,2025-12-19 14:15:11+00:00,2025-12-19 14:15:11+00:00,1,1.7693357886080925,2.496585693907739,10.411029896067248,buy,1.0,"Buy on Uniswap, Sell on Binance"
1535,2025-12-19 14:15:59+00:00,2025-12-19 14:15:59+00:00,1,0.534853329307943,1.8010499435874214,12.367371660409844,buy,1.0,"Buy on Uniswap, Sell on Binance"
1536,2025-12-19 14:30:59+00:00,2025-12-19 14:30:59+00:00,1,3.357855161443524,10.355352960152288,12.083918889372399,buy,1.0,"Buy on Uniswap, Sell on Binance"
1537,2025-12-19 14:42:11+00:00,2025-12-19 14:42:11+00:00,1,0.1052799998964527,0.18359149490719107,10.743840188903505,buy,0.0,"Buy on Uniswap, Sell on Binance"
1538,2025-12-19 14:44:11+00:00,2025-12-19 14:44:11+00:00,1,0.5189462243929698,5.30267434386033,19.218157671467907,buy,0.0,"Buy on Uniswap, Sell on Binance"
1539,2025-12-19 14:44:59+00:00,2025-12-19 14:44:59+00:00,2,20.79596500877747,18.63666382968163,-11.219952069659712,sell,0.0,"Sell on Uniswap, Buy on Binance"
1540,2025-12-19 14:45:23+00:00,2025-12-19 14:45:23+00:00,1,11.395256879021597,15.376202302469572,-10.349351091047083,sell,0.0,"Sell on Uniswap, Buy on Binance"
1541,2025-12-19 15:15:23+00:00,2025-12-19 15:15:23+00:00,1,1.1877385507912464,6.013044541176259,14.06259945605916,buy,0.0,"Buy on Uniswap, Sell on Binance"
1542,2025-12-19 15:15:59+00:00,2025-12-19 15:15:59+00:00,1,0.8403092087809579,9.389274934298365,20.173595191131426,buy,0.0,"Buy on Uniswap, Sell on Binance"
1543,2025-12-19 15:16:23+00:00,2025-12-19 15:16:23+00:00,1,0.644104837487292,1.3721776689742253,11.130363861770093,buy,0.0,"Buy on Uniswap, Sell on Binance"
1544,2025-12-19 15:16:59+00:00,2025-12-19 15:16:59+00:00,1,1.5142617293016942,4.031851502707097,11.662585618251342,buy,0.0,"Buy on Uniswap, Sell on Binance"
1545,2025-12-19 15:17:59+00:00,2025-12-19 15:17:59+00:00,1,0.663239578,0.6112329527601207,-9.921586969528107,sell,0.0,"Sell on Uniswap, Buy on Binance"
1546,2025-12-19 15:18:47+00:00,2025-12-19 15:18:47+00:00,1,3.7932912525526663,49.970277134545086,-22.17332991525973,sell,0.0,"Sell on Uniswap, Buy on Binance"
1547,2025-12-19 15:19:23+00:00,2025-12-19 15:19:23+00:00,1,0.0014839871141434,0.009222363371514346,-15.214584536226084,sell,0.0,"Sell on Uniswap, Buy on Binance"
1548,2025-12-19 15:19:35+00:00,2025-12-19 15:19:35+00:00,4,14.824544442403079,188.15650926218285,-19.112381314376535,sell,0.0,"Sell on Uniswap, Buy on Binance"
1549,2025-12-19 15:19:59+00:00,2025-12-19 15:19:59+00:00,3,20.375666068958438,99.87617395351249,-12.764843679790374,sell,0.0,"Sell on Uniswap, Buy on Binance"
1550,2025-12-19 15:20:59+00:00,2025-12-19 15:20:59+00:00,1,0.6397892168460144,4.3058301649005095,-15.730076174348596,sell,0.0,"Sell on Uniswap, Buy on Binance"
1551,2025-12-19 15:22:59+00:00,2025-12-19 15:22:59+00:00,1,1.513855786304549,2.9041005177457153,10.918346875586394,buy,0.0,"Buy on Uniswap, Sell on Binance"
1552,2025-12-19 15:25:11+00:00,2025-12-19 15:25:11+00:00,1,2.3299191723455546,0.05595353193054941,-9.02401522447417,sell,0.0,"Sell on Uniswap, Buy on Binance"
1553,2025-12-19 15:31:23+00:00,2025-12-19 15:31:23+00:00,1,1.014762651601672,1.0400007873790642,10.024870974249552,buy,0.0,"Buy on Uniswap, Sell on Binance"
1554,2025-12-19 16:05:59+00:00,2025-12-19 16:05:59+00:00,2,0.7751115587713802,0.4900665760316827,9.749706757412469,buy,0.0,"Buy on Uniswap, Sell on Binance"
1555,2025-12-19 16:06:11+00:00,2025-12-19 16:06:11+00:00,1,0.0455075539923739,0.04274663450897695,9.9393305233707,buy,0.0,"Buy on Uniswap, Sell on Binance"
1556,2025-12-19 16:06:23+00:00,2025-12-19 16:06:23+00:00,1,1.6158260643723144,2.599740658205384,10.608923581273757,buy,0.0,"Buy on Uniswap, Sell on Binance"
1557,2025-12-19 17:32:59+00:00,2025-12-19 17:32:59+00:00,1,3.1268252170758597,1.426228761537502,-9.456126793959811,sell,0.0,"Sell on Uniswap, Buy on Binance"
1558,2025-12-19 17:36:23+00:00,2025-12-19 17:36:23+00:00,1,0.0849999998522086,0.006511062050342395,9.076600730137216,buy,0.0,"Buy on Uniswap, Sell on Binance"
1559,2025-12-19 17:43:35+00:00,2025-12-19 17:43:35+00:00,2,2.8740106750848824,0.29097205653319147,-9.727435556911814,sell,0.0,"Sell on Uniswap, Buy on Binance"
1560,2025-12-19 17:44:11+00:00,2025-12-19 17:44:11+00:00,1,1.1319540331596287,2.9342518701943265,-11.592200552529448,sell,0.0,"Sell on Uniswap, Buy on Binance"
1561,2025-12-19 17:57:47+00:00,2025-12-19 17:57:47+00:00,1,0.2875670123461186,0.5911562522985644,-11.055716500566632,sell,0.0,"Sell on Uniswap, Buy on Binance"
1562,2025-12-19 17:58:11+00:00,2025-12-19 17:58:11+00:00,1,0.0002576920650155,0.0008368452327481047,-12.247462170392282,sell,0.0,"Sell on Uniswap, Buy on Binance"
1563,2025-12-19 17:58:59+00:00,2025-12-19 17:58:59+00:00,1,0.113542299046868,0.3129461107860237,-11.756207276169789,sell,0.0,"Sell on Uniswap, Buy on Binance"
1564,2025-12-19 17:59:11+00:00,2025-12-19 17:59:11+00:00,3,9.08352811520893,47.261046946309214,-14.269643478296226,sell,0.3333333333333333,"Sell on Uniswap, Buy on Binance"
1565,2025-12-19 17:59:23+00:00,2025-12-19 17:59:23+00:00,2,1.5271597504704024,5.6544754916085385,-12.937548303161748,sell,0.0,"Sell on Uniswap, Buy on Binance"
1566,2025-12-19 18:15:59+00:00,2025-12-19 18:15:59+00:00,1,1.9999999947362788,2.2080564794445414,10.104028242627919,buy,0.0,"Buy on Uniswap, Sell on Binance"
1567,2025-12-19 18:18:59+00:00,2025-12-19 18:18:59+00:00,1,1.2184634390999998e-08,7.568050039705034e-07,-71.11142490492011,sell,1.0,"Sell on Uniswap, Buy on Binance"
1568,2025-12-19 19:31:59+00:00,2025-12-19 19:31:59+00:00,1,0.1858989595534539,0.05402640452325265,9.290622414740938,buy,1.0,"Buy on Uniswap, Sell on Binance"
1569,2025-12-19 20:06:23+00:00,2025-12-19 20:06:23+00:00,1,1.00522181e-08,9.450741471719993e-07,-103.01647852945007,sell,1.0,"Sell on Uniswap, Buy on Binance"
1570,2025-12-19 23:54:47+00:00,2025-12-19 23:54:47+00:00,1,3.02066552e-09,9.804184169656324e-07,-333.57033407844256,sell,1.0,"Sell on Uniswap, Buy on Binance"
1571,2025-12-20 13:07:59+00:00,2025-12-20 13:07:59+00:00,1,0.0334274784,0.17552125407999325,-14.2508074937532,sell,1.0,"Sell on Uniswap, Buy on Binance"
1572,2025-12-21 00:18:23+00:00,2025-12-21 00:18:23+00:00,1,8.725004465727299,0.6837870953827647,9.078370973684741,buy,1.0,"Buy on Uniswap, Sell on Binance"
1573,2025-12-21 09:17:35+00:00,2025-12-21 09:17:35+00:00,1,2.2629046923e-08,5.751767281195197e-07,34.4176293891951,buy,1.0,"Buy on Uniswap, Sell on Binance"
1574,2025-12-21 09:41:23+00:00,2025-12-21 09:41:23+00:00,1,2.2629046919999996e-09,7.685440521786396e-07,348.6272299472698,buy,1.0,"Buy on Uniswap, Sell on Binance"
1575,2025-12-21 13:21:23+00:00,2025-12-21 13:21:23+00:00,2,1.5131017612753075,0.3236248098025286,-9.533237673213762,sell,0.0,"Sell on Uniswap, Buy on Binance"
1576,2025-12-21 13:21:35+00:00,2025-12-21 13:21:35+00:00,1,1.5126565365000002,2.3502504804072113,-10.553723812178305,sell,0.0,"Sell on Uniswap, Buy on Binance"
1577,2025-12-21 13:21:47+00:00,2025-12-21 13:21:47+00:00,1,1.5122697165,3.999448799752553,-11.644666329104894,sell,0.0,"Sell on Uniswap, Buy on Binance"
1578,2025-12-21 13:22:11+00:00,2025-12-21 13:22:11+00:00,1,1.7120794995480002e-05,5.726952886153162e-05,-12.345027428729281,sell,0.0,"Sell on Uniswap, Buy on Binance"
1579,2025-12-21 13:37:47+00:00,2025-12-21 13:37:47+00:00,1,2.689189188e-09,9.315842307268004e-07,355.41825680536704,buy,1.0,"Buy on Uniswap, Sell on Binance"
1580,2025-12-21 14:50:47+00:00,2025-12-21 14:50:47+00:00,1,1.3882837513e-08,9.162565022852671e-08,15.599922396464535,buy,1.0,"Buy on Uniswap, Sell on Binance"
1581,2025-12-21 15:47:59+00:00,2025-12-21 15:47:59+00:00,2,39.39877714527239,277.05265467063447,12.702251257075659,buy,0.5,"Buy on Uniswap, Sell on Binance"
1582,2025-12-22 00:13:23+00:00,2025-12-22 00:13:23+00:00,1,0.0062790033487755,0.0946594192502761,24.07554845766026,buy,1.0,"Buy on Uniswap, Sell on Binance"
1583,2025-12-22 00:13:59+00:00,2025-12-22 00:13:59+00:00,1,0.2261994474308376,3.76630306848142,25.650363700083744,buy,1.0,"Buy on Uniswap, Sell on Binance"
1584,2025-12-22 00:14:35+00:00,2025-12-22 00:14:35+00:00,4,12.062844078364918,27.809600692750685,13.624793301785758,buy,0.0,"Buy on Uniswap, Sell on Binance"
1585,2025-12-22 00:14:47+00:00,2025-12-22 00:14:47+00:00,10,1.913937867678305,1.891049678784588,10.107269165272964,buy,0.0,"Buy on Uniswap, Sell on Binance"
1586,2025-12-22 00:15:35+00:00,2025-12-22 00:15:35+00:00,2,1.6503083556330282,0.4945231663945428,9.445604586000627,buy,0.0,"Buy on Uniswap, Sell on Binance"
1587,2025-12-22 00:15:47+00:00,2025-12-22 00:15:47+00:00,1,1.1617080040480918,3.4618942249776317,11.980003764211233,buy,0.0,"Buy on Uniswap, Sell on Binance"
1588,2025-12-22 00:15:59+00:00,2025-12-22 00:15:59+00:00,2,2.0584366080515912,9.822538066145174,13.905789564579209,buy,0.0,"Buy on Uniswap, Sell on Binance"
1589,2025-12-22 00:16:11+00:00,2025-12-22 00:16:11+00:00,3,0.1166735214124769,0.29602329054731524,11.718928144126949,buy,0.0,"Buy on Uniswap, Sell on Binance"
1590,2025-12-22 00:16:47+00:00,2025-12-22 00:16:47+00:00,1,11.062755778783693,72.13124229166931,-15.520187531392821,sell,0.0,"Sell on Uniswap, Buy on Binance"
1591,2025-12-22 00:16:59+00:00,2025-12-22 00:16:59+00:00,1,6.670698339443449,75.33557511606831,-20.293506508998234,sell,1.0,"Sell on Uniswap, Buy on Binance"
1592,2025-12-22 00:17:11+00:00,2025-12-22 00:17:11+00:00,1,2.889897349605678,38.14132897154434,-22.198160473329153,sell,1.0,"Sell on Uniswap, Buy on Binance"
1593,2025-12-22 00:17:23+00:00,2025-12-22 00:17:23+00:00,1,4.0640345653128e-05,0.00036746006371529856,-18.04175537412084,sell,0.0,"Sell on Uniswap, Buy on Binance"
1594,2025-12-22 00:17:35+00:00,2025-12-22 00:17:35+00:00,1,0.2219181284073511,1.5509761345862794,-15.988956448566114,sell,0.0,"Sell on Uniswap, Buy on Binance"
1595,2025-12-22 00:17:47+00:00,2025-12-22 00:17:47+00:00,1,1.7212621432047142,3.102343546319019,-10.802365524953075,sell,0.0,"Sell on Uniswap, Buy on Binance"
1596,2025-12-22 00:17:59+00:00,2025-12-22 00:17:59+00:00,4,6.418538799890076,10.92508908192643,-10.880189572055087,sell,0.0,"Sell on Uniswap, Buy on Binance"
1597,2025-12-22 00:18:35+00:00,2025-12-22 00:18:35+00:00,1,0.0710350980428458,0.0584991809132214,-9.823525025304207,sell,0.0,"Sell on Uniswap, Buy on Binance"
1598,2025-12-22 00:19:47+00:00,2025-12-22 00:19:47+00:00,2,3.094606263598371,0.9249349840565635,-10.304048725806979,sell,0.0,"Sell on Uniswap, Buy on Binance"
1599,2025-12-22 00:20:11+00:00,2025-12-22 00:20:11+00:00,1,0.0710464961506298,0.12072147926781752,-10.699189767386542,sell,0.0,"Sell on Uniswap, Buy on Binance"
1600,2025-12-22 02:04:47+00:00,2025-12-22 02:04:47+00:00,1,0.4120105574042073,1.083492102557753,-11.629767813194121,sell,1.0,"Sell on Uniswap, Buy on Binance"
1601,2025-12-22 02:05:23+00:00,2025-12-22 02:05:23+00:00,1,0.329112272400424,0.8710073371813247,-11.646535575317557,sell,1.0,"Sell on Uniswap, Buy on Binance"
1602,2025-12-22 02:16:59+00:00,2025-12-22 02:16:59+00:00,1,5.3454673009999994e-09,9.291732875815601e-07,-182.82451996436976,sell,1.0,"Sell on Uniswap, Buy on Binance"
1603,2025-12-22 11:46:11+00:00,2025-12-22 11:46:11+00:00,1,4.2996989112e-08,4.385006669281868e-07,-19.198404027453307,sell,1.0,"Sell on Uniswap, Buy on Binance"
1604,2025-12-22 12:11:23+00:00,2025-12-22 12:11:23+00:00,2,50.13456246847389,175.26458513669758,15.569195193523456,buy,1.0,"Buy on Uniswap, Sell on Binance"
1605,2025-12-22 12:12:47+00:00,2025-12-22 12:12:47+00:00,1,9.999999995948285,11.675662312585336,10.167566231731598,buy,1.0,"Buy on Uniswap, Sell on Binance"
1606,2025-12-22 12:17:35+00:00,2025-12-22 12:17:35+00:00,1,17.49999996767678,0.9594775173311078,9.054827286805903,buy,0.0,"Buy on Uniswap, Sell on Binance"
1607,2025-12-22 12:33:11+00:00,2025-12-22 12:33:11+00:00,1,5.314473520245254,22.923410822148004,-13.313392612612006,sell,1.0,"Sell on Uniswap, Buy on Binance"
1608,2025-12-22 14:16:23+00:00,2025-12-22 14:16:23+00:00,1,4.7386000316e-08,4.688050804144743e-07,-18.893324553416278,sell,1.0,"Sell on Uniswap, Buy on Binance"
1609,2025-12-22 14:46:35+00:00,2025-12-22 14:46:35+00:00,1,6.666391147782692,9.602094886194374,10.440373760454804,buy,0.0,"Buy on Uniswap, Sell on Binance"
1610,2025-12-22 15:12:23+00:00,2025-12-22 15:12:23+00:00,1,9.667251345606e-05,0.00023686626939394697,-11.450192520354904,sell,0.0,"Sell on Uniswap, Buy on Binance"
1611,2025-12-22 15:13:11+00:00,2025-12-22 15:13:11+00:00,1,3.705360818955749,2.0230519664986053,-9.545979748085301,sell,0.0,"Sell on Uniswap, Buy on Binance"
1612,2025-12-22 17:58:59+00:00,2025-12-22 17:58:59+00:00,1,34.99999990362351,10.535682583521835,9.30101950321523,buy,1.0,"Buy on Uniswap, Sell on Binance"
1613,2025-12-22 18:50:23+00:00,2025-12-22 18:50:23+00:00,1,5.611907844e-09,9.615618857683988e-07,-180.34313543592089,sell,1.0,"Sell on Uniswap, Buy on Binance"
1614,2025-12-22 18:58:35+00:00,2025-12-22 18:58:35+00:00,1,3.3682465433822024,1.8659813856540464,9.553991924765796,buy,0.0,"Buy on Uniswap, Sell on Binance"
1615,2025-12-23 06:16:47+00:00,2025-12-23 06:16:47+00:00,2,0.0052333944411436,0.001337860011809858,-9.468543955975065,sell,1.0,"Sell on Uniswap, Buy on Binance"
1616,2025-12-23 06:17:11+00:00,2025-12-23 06:17:11+00:00,1,1.5150201209999998,2.7284216834104833,-10.800914486607326,sell,1.0,"Sell on Uniswap, Buy on Binance"
1617,2025-12-23 06:17:23+00:00,2025-12-23 06:17:23+00:00,1,1.516036473,0.7413189239883031,-9.48898488736313,sell,1.0,"Sell on Uniswap, Buy on Binance"
1618,2025-12-23 06:47:23+00:00,2025-12-23 06:47:23+00:00,2,119.66546039316702,1749.1049649258496,31.737467222112855,buy,1.0,"Buy on Uniswap, Sell on Binance"
1619,2025-12-23 07:36:35+00:00,2025-12-23 07:36:35+00:00,2,88.20912440850196,894.4437948226796,24.899789610443577,buy,1.0,"Buy on Uniswap, Sell on Binance"
1620,2025-12-23 08:58:11+00:00,2025-12-23 08:58:11+00:00,1,6.711020272336893,8.730177461984068,-10.300871865634235,sell,1.0,"Sell on Uniswap, Buy on Binance"
1621,2025-12-23 13:34:47+00:00,2025-12-23 13:34:47+00:00,1,1.8824928507136416,3.5763831897786096,-10.899812362327339,sell,1.0,"Sell on Uniswap, Buy on Binance"
1622,2025-12-23 13:35:11+00:00,2025-12-23 13:35:11+00:00,1,0.0150270699733506,0.11997165119937181,-16.983702172954054,sell,1.0,"Sell on Uniswap, Buy on Binance"
1623,2025-12-23 13:35:47+00:00,2025-12-23 13:35:47+00:00,1,0.4752863373251951,3.2227064515420354,-15.78055773637152,sell,1.0,"Sell on Uniswap, Buy on Binance"
1624,2025-12-23 13:36:11+00:00,2025-12-23 13:36:11+00:00,1,9.4551061359872e-05,0.001045082829339484,-20.053105214353764,sell,1.0,"Sell on Uniswap, Buy on Binance"
1625,2025-12-23 14:34:59+00:00,2025-12-23 14:34:59+00:00,1,0.0001323473418533,0.0002438625453678922,-10.842594962263775,sell,0.0,"Sell on Uniswap, Buy on Binance"
1626,2025-12-23 14:49:23+00:00,2025-12-23 14:49:23+00:00,1,0.0789571752124073,0.007940620994501333,-9.100568706683589,sell,0.0,"Sell on Uniswap, Buy on Binance"
1627,2025-12-23 14:53:11+00:00,2025-12-23 14:53:11+00:00,1,1.5345924434999998,1.211811522052944,-9.789663423136062,sell,0.0,"Sell on Uniswap, Buy on Binance"
1628,2025-12-23 14:53:23+00:00,2025-12-23 14:53:23+00:00,1,1.534755816,2.797117724160399,-10.82251645180304,sell,0.0,"Sell on Uniswap, Buy on Binance"
1629,2025-12-23 15:02:23+00:00,2025-12-23 15:02:23+00:00,2,5.1093506367232,8.819341330220045,-10.763225511741211,sell,0.0,"Sell on Uniswap, Buy on Binance"
1630,2025-12-23 15:02:35+00:00,2025-12-23 15:02:35+00:00,2,1.5694732040409975,6.091198459906109,-12.40608211943777,sell,0.0,"Sell on Uniswap, Buy on Binance"
1631,2025-12-23 15:02:47+00:00,2025-12-23 15:02:47+00:00,1,1.541355183,3.1531651734881634,-11.045709651004017,sell,0.0,"Sell on Uniswap, Buy on Binance"
1632,2025-12-23 15:04:11+00:00,2025-12-23 15:04:11+00:00,2,0.8370437610204392,2.2675594432247426,11.277828717101556,buy,0.5,"Buy on Uniswap, Sell on Binance"
1633,2025-12-23 15:04:35+00:00,2025-12-23 15:04:35+00:00,2,8.944728043350532,27.586822921565002,13.094341398563756,buy,0.5,"Buy on Uniswap, Sell on Binance"
1634,2025-12-23 15:04:47+00:00,2025-12-23 15:04:47+00:00,1,0.0031125218373217,0.010993408474787018,12.531994006585592,buy,0.0,"Buy on Uniswap, Sell on Binance"
1635,2025-12-23 15:15:35+00:00,2025-12-23 15:15:35+00:00,1,0.3479999994482256,0.10029439147403789,9.288202274807645,buy,0.0,"Buy on Uniswap, Sell on Binance"
1636,2025-12-23 16:02:35+00:00,2025-12-23 16:02:35+00:00,1,0.0127938030764352,0.06288431362671758,13.915216628786766,buy,0.0,"Buy on Uniswap, Sell on Binance"
1637,2025-12-23 16:02:59+00:00,2025-12-23 16:02:59+00:00,1,0.0175243053822237,0.20895883800453954,20.923944113442758,buy,1.0,"Buy on Uniswap, Sell on Binance"
1638,2025-12-23 20:40:59+00:00,2025-12-23 20:40:59+00:00,4,1.7263018476500027,1.9647519778829996,10.067288368904997,buy,1.0,"Buy on Uniswap, Sell on Binance"
1639,2025-12-23 21:37:47+00:00,2025-12-23 21:37:47+00:00,1,26.68410239720468,37.26106683524024,-10.396376999330641,sell,0.0,"Sell on Uniswap, Buy on Binance"
1640,2025-12-23 22:29:59+00:00,2025-12-23 22:29:59+00:00,1,6.709885781888645,23.874169297709816,-12.558058970564161,sell,1.0,"Sell on Uniswap, Buy on Binance"
1641,2025-12-23 22:42:11+00:00,2025-12-23 22:42:11+00:00,1,6.4198052000000005e-09,9.058622848739983e-07,-150.1043258561799,sell,1.0,"Sell on Uniswap, Buy on Binance"
1642,2025-12-24 02:43:35+00:00,2025-12-24 02:43:35+00:00,1,1.5320561444999998,1.178413921530188,-9.769171499204276,sell,1.0,"Sell on Uniswap, Buy on Binance"
1643,2025-12-24 07:13:59+00:00,2025-12-24 07:13:59+00:00,1,16.70735356586365,83.2431461735808,13.98242560351764,buy,1.0,"Buy on Uniswap, Sell on Binance"
1644,2025-12-24 10:07:59+00:00,2025-12-24 10:07:59+00:00,1,3.251902396799999e-08,6.210523213766515e-07,-28.098123055224278,sell,1.0,"Sell on Uniswap, Buy on Binance"
1645,2025-12-24 14:35:47+00:00,2025-12-24 14:35:47+00:00,3,0.00040784989783500405,0.00169586868639156,-13.478630840290256,sell,1.0,"Sell on Uniswap, Buy on Binance"
1646,2025-12-24 14:36:59+00:00,2025-12-24 14:36:59+00:00,5,0.24872645946019709,0.57346632272177,-11.322596260702358,sell,0.0,"Sell on Uniswap, Buy on Binance"
1647,2025-12-24 14:37:11+00:00,2025-12-24 14:37:11+00:00,7,2.1664976382870464,8.098823952602949,-12.819628797306905,sell,0.0,"Sell on Uniswap, Buy on Binance"
1648,2025-12-24 14:37:23+00:00,2025-12-24 14:37:23+00:00,2,0.7038232085359046,3.382365317212382,-13.823665019372356,sell,0.0,"Sell on Uniswap, Buy on Binance"
1649,2025-12-24 14:37:35+00:00,2025-12-24 14:37:35+00:00,1,0.011150902485703,0.05904613092923136,-14.295188528904873,sell,0.0,"Sell on Uniswap, Buy on Binance"
1650,2025-12-24 14:41:35+00:00,2025-12-24 14:41:35+00:00,1,2.4902320452412434,1.2944681134680989,9.519818269924599,buy,0.0,"Buy on Uniswap, Sell on Binance"
1651,2025-12-24 14:50:47+00:00,2025-12-24 14:50:47+00:00,1,1.6495395130244492,0.5052049512774975,9.306270293793204,buy,0.0,"Buy on Uniswap, Sell on Binance"
1652,2025-12-24 15:29:23+00:00,2025-12-24 15:29:23+00:00,2,11.161457780611519,3.638546235617848,9.663333862122727,buy,0.0,"Buy on Uniswap, Sell on Binance"
1653,2025-12-24 18:11:59+00:00,2025-12-24 18:11:59+00:00,1,3.5427975345000013e-08,7.662908982151235e-07,-30.6295424943969,sell,1.0,"Sell on Uniswap, Buy on Binance"
1654,2025-12-25 08:15:35+00:00,2025-12-25 08:15:35+00:00,1,1.4695235702016e-05,3.3070592430234644e-05,-11.250429533818078,sell,0.0,"Sell on Uniswap, Buy on Binance"
1655,2025-12-25 08:21:35+00:00,2025-12-25 08:21:35+00:00,1,1.5342467175,1.6083503192246444,-10.048299664505976,sell,0.0,"Sell on Uniswap, Buy on Binance"
1656,2025-12-25 08:21:47+00:00,2025-12-25 08:21:47+00:00,1,1.5339266189999998,3.94640043519874,-11.57274395418699,sell,0.0,"Sell on Uniswap, Buy on Binance"
1657,2025-12-26 00:40:11+00:00,2025-12-26 00:40:11+00:00,1,6.850410531592999,2.2068878467241237,-9.322154101063916,sell,1.0,"Sell on Uniswap, Buy on Binance"
1658,2025-12-26 00:44:23+00:00,2025-12-26 00:44:23+00:00,1,10.28544076745364,4.2449844539541735,-9.41271779692579,sell,1.0,"Sell on Uniswap, Buy on Binance"
1659,2025-12-26 02:12:47+00:00,2025-12-26 02:12:47+00:00,1,1.549561355376218,0.10553067153428494,9.068103577291822,buy,1.0,"Buy on Uniswap, Sell on Binance"
1660,2025-12-26 02:13:47+00:00,2025-12-26 02:13:47+00:00,4,0.0871448140147621,0.1497090825276876,10.879026832307432,buy,0.25,"Buy on Uniswap, Sell on Binance"
1661,2025-12-26 02:14:11+00:00,2025-12-26 02:14:11+00:00,1,0.9084444442149664,0.7395883239232716,9.814126090629998,buy,0.0,"Buy on Uniswap, Sell on Binance"
1662,2025-12-26 02:14:23+00:00,2025-12-26 02:14:23+00:00,2,1.5618732915191718,7.465744397841091,14.788355029995273,buy,1.0,"Buy on Uniswap, Sell on Binance"
1663,2025-12-26 02:14:35+00:00,2025-12-26 02:14:35+00:00,2,1.5593732347613043,12.338631178565386,18.78063899660151,buy,1.0,"Buy on Uniswap, Sell on Binance"
1664,2025-12-26 02:14:47+00:00,2025-12-26 02:14:47+00:00,1,0.0337224535402407,0.30415325457709486,18.019309766833885,buy,0.0,"Buy on Uniswap, Sell on Binance"
1665,2025-12-26 02:14:59+00:00,2025-12-26 02:14:59+00:00,5,0.10874426029182471,1.1720325915042724,19.78295790889888,buy,0.4,"Buy on Uniswap, Sell on Binance"
1666,2025-12-26 02:15:11+00:00,2025-12-26 02:15:11+00:00,2,1.5639069454411973,0.64480647468564,9.676060829833432,buy,0.0,"Buy on Uniswap, Sell on Binance"
1667,2025-12-26 02:15:35+00:00,2025-12-26 02:15:35+00:00,8,20.9543622776083,26.740061542820758,13.552723311788384,buy,0.0,"Buy on Uniswap, Sell on Binance"
1668,2025-12-26 02:15:47+00:00,2025-12-26 02:15:47+00:00,1,1.5421918080377728,5.5502337724322475,12.598925726038033,buy,0.0,"Buy on Uniswap, Sell on Binance"
1669,2025-12-26 02:17:11+00:00,2025-12-26 02:17:11+00:00,1,5.227383166941239,0.1897320459210141,-9.036295798463925,sell,0.0,"Sell on Uniswap, Buy on Binance"
1670,2025-12-26 02:19:59+00:00,2025-12-26 02:19:59+00:00,1,0.018725546274329,0.001500732317854323,9.080143580105414,buy,0.0,"Buy on Uniswap, Sell on Binance"
1671,2025-12-26 02:29:59+00:00,2025-12-26 02:29:59+00:00,1,1.5205383740785663,0.27121862393772805,9.17837012768723,buy,0.0,"Buy on Uniswap, Sell on Binance"
1672,2025-12-26 14:47:59+00:00,2025-12-26 14:47:59+00:00,1,0.688178623754521,0.7812131203928077,-10.135189460158927,sell,1.0,"Sell on Uniswap, Buy on Binance"
1673,2025-12-26 14:48:23+00:00,2025-12-26 14:48:23+00:00,1,1.9454204779409616,7.3615773748978865,-12.784054634137192,sell,1.0,"Sell on Uniswap, Buy on Binance"
1674,2025-12-26 14:48:47+00:00,2025-12-26 14:48:47+00:00,1,0.5170056214464102,3.3081363018980774,-15.398646677463603,sell,1.0,"Sell on Uniswap, Buy on Binance"
1675,2025-12-26 14:49:47+00:00,2025-12-26 14:49:47+00:00,5,2.3493452043541327,3.170320611811997,-9.928071883169014,sell,0.0,"Sell on Uniswap, Buy on Binance"
1676,2025-12-26 14:49:59+00:00,2025-12-26 14:49:59+00:00,3,1.7279626072692424,6.327556894834384,-12.883353846582091,sell,0.3333333333333333,"Sell on Uniswap, Buy on Binance"
1677,2025-12-26 14:54:11+00:00,2025-12-26 14:54:11+00:00,1,1.5345953055,2.8780484529088453,-10.875444583072749,sell,0.0,"Sell on Uniswap, Buy on Binance"
1678,2025-12-26 14:54:23+00:00,2025-12-26 14:54:23+00:00,2,6.472651435248425,46.98201617607086,-15.095053256819938,sell,0.5,"Sell on Uniswap, Buy on Binance"
1679,2025-12-26 14:54:35+00:00,2025-12-26 14:54:35+00:00,1,1.535994153,10.632769472734076,-15.922402309909103,sell,1.0,"Sell on Uniswap, Buy on Binance"
1680,2025-12-26 14:56:59+00:00,2025-12-26 14:56:59+00:00,1,1.430149131618072,0.004676376031349131,9.003269852023095,buy,0.0,"Buy on Uniswap, Sell on Binance"
1681,2025-12-26 15:03:59+00:00,2025-12-26 15:03:59+00:00,1,3.795304062903225,8.860027708964667,11.334471115388624,buy,0.0,"Buy on Uniswap, Sell on Binance"
1682,2025-12-26 15:06:23+00:00,2025-12-26 15:06:23+00:00,1,3.261640317404314,4.504511465068391,-10.381057083772248,sell,0.0,"Sell on Uniswap, Buy on Binance"
1683,2025-12-26 15:30:47+00:00,2025-12-26 15:30:47+00:00,1,0.7917476640852064,1.3968558746965105,10.764269019107815,buy,0.0,"Buy on Uniswap, Sell on Binance"
1684,2025-12-26 15:45:59+00:00,2025-12-26 15:45:59+00:00,1,0.0487169835342778,0.020962342090571472,9.43028817816321,buy,0.0,"Buy on Uniswap, Sell on Binance"
1685,2025-12-26 17:01:11+00:00,2025-12-26 17:01:11+00:00,1,7.97599999676684,4.040179435875295,9.506542055856698,buy,1.0,"Buy on Uniswap, Sell on Binance"
1686,2025-12-26 17:06:47+00:00,2025-12-26 17:06:47+00:00,1,2.743660737e-09,9.721618595434009e-07,-363.33020068158703,sell,1.0,"Sell on Uniswap, Buy on Binance"
1687,2025-12-27 01:51:35+00:00,2025-12-27 01:51:35+00:00,1,3.1423253664e-08,7.312089548161766e-07,-32.269676737959344,sell,1.0,"Sell on Uniswap, Buy on Binance"
1688,2025-12-27 22:13:59+00:00,2025-12-27 22:13:59+00:00,1,0.0112060318441678,0.04075167237149772,12.636583666564093,buy,1.0,"Buy on Uniswap, Sell on Binance"
1689,2025-12-27 22:51:47+00:00,2025-12-27 22:51:47+00:00,1,9.643448932399999e-08,1.3929769325378838e-08,-9.144448002193258,sell,1.0,"Sell on Uniswap, Buy on Binance"
1690,2025-12-27 23:47:23+00:00,2025-12-27 23:47:23+00:00,1,13.56887367258786,14.485960780869554,-10.067587563301913,sell,1.0,"Sell on Uniswap, Buy on Binance"
1691,2025-12-28 05:02:23+00:00,2025-12-28 05:02:23+00:00,1,8.1713723e-09,9.346198465489993e-07,-123.37734229157559,sell,1.0,"Sell on Uniswap, Buy on Binance"
1692,2025-12-28 05:57:23+00:00,2025-12-28 05:57:23+00:00,1,2.726314479e-09,9.71021385652366e-07,-365.1663165169898,sell,1.0,"Sell on Uniswap, Buy on Binance"
1693,2025-12-28 14:40:59+00:00,2025-12-28 14:40:59+00:00,1,1.2319358645124685,1.569471309343206,10.27398783861554,buy,1.0,"Buy on Uniswap, Sell on Binance"
1694,2025-12-28 14:51:11+00:00,2025-12-28 14:51:11+00:00,1,28.21499996536056,250.9649544580967,17.89473523892275,buy,1.0,"Buy on Uniswap, Sell on Binance"
1695,2025-12-28 19:00:35+00:00,2025-12-28 19:00:35+00:00,1,62.76035862048375,178.48048115744803,-11.843841002195859,sell,1.0,"Sell on Uniswap, Buy on Binance"
1696,2025-12-29 00:29:47+00:00,2025-12-29 00:29:47+00:00,1,0.0144831063025466,0.0076663247900716595,9.529328766213894,buy,1.0,"Buy on Uniswap, Sell on Binance"
1697,2025-12-29 02:05:47+00:00,2025-12-29 02:05:47+00:00,3,3.015817495083766,17.007511931209077,13.16409776428145,buy,1.0,"Buy on Uniswap, Sell on Binance"
1698,2025-12-29 02:05:59+00:00,2025-12-29 02:05:59+00:00,1,1.3778858825184828,13.502128496004204,18.799163100013175,buy,1.0,"Buy on Uniswap, Sell on Binance"
1699,2025-12-29 02:06:23+00:00,2025-12-29 02:06:23+00:00,2,0.0756632563625475,0.6963723174319755,17.109271352577025,buy,1.0,"Buy on Uniswap, Sell on Binance"
1700,2025-12-29 02:06:47+00:00,2025-12-29 02:06:47+00:00,1,1.458455325867964,2.7816940698689314,10.907287813710354,buy,0.0,"Buy on Uniswap, Sell on Binance"
1701,2025-12-29 02:06:59+00:00,2025-12-29 02:06:59+00:00,2,6.199411552438142,6.030642693704725,9.788817387114477,buy,0.0,"Buy on Uniswap, Sell on Binance"
1702,2025-12-29 03:34:47+00:00,2025-12-29 03:34:47+00:00,1,3.710133859117758,10.569479157232129,11.84881342791914,buy,1.0,"Buy on Uniswap, Sell on Binance"
1703,2025-12-29 03:34:59+00:00,2025-12-29 03:34:59+00:00,2,0.6318309741434893,4.982464178160318,16.866438447553946,buy,1.0,"Buy on Uniswap, Sell on Binance"
1704,2025-12-29 03:38:11+00:00,2025-12-29 03:38:11+00:00,1,0.0037699999817251,0.0036854257386037276,9.977566513652164,buy,0.0,"Buy on Uniswap, Sell on Binance"
1705,2025-12-29 04:12:59+00:00,2025-12-29 04:12:59+00:00,1,29.909999910298072,0.7310468093575273,9.024441551706786,buy,0.0,"Buy on Uniswap, Sell on Binance"
1706,2025-12-29 04:13:23+00:00,2025-12-29 04:13:23+00:00,1,29.90999997478879,49.639506476848894,10.659629104603482,buy,0.0,"Buy on Uniswap, Sell on Binance"
1707,2025-12-29 04:22:59+00:00,2025-12-29 04:22:59+00:00,1,3.2753143600000003,0.33424634559961075,-9.102050157286158,sell,0.0,"Sell on Uniswap, Buy on Binance"
1708,2025-12-29 09:36:47+00:00,2025-12-29 09:36:47+00:00,1,8.056314452509401e-05,3.933466067575242e-05,-9.488246342761613,sell,1.0,"Sell on Uniswap, Buy on Binance"
1709,2025-12-29 12:06:47+00:00,2025-12-29 12:06:47+00:00,1,0.0067978830385078,0.0015381078523096759,-9.226262770865105,sell,0.0,"Sell on Uniswap, Buy on Binance"
1710,2025-12-29 12:07:11+00:00,2025-12-29 12:07:11+00:00,1,27.553938410995205,33.465701430075846,-10.214552378353346,sell,0.0,"Sell on Uniswap, Buy on Binance"
1711,2025-12-29 12:12:35+00:00,2025-12-29 12:12:35+00:00,1,0.0056753696209978,0.007978110509292946,-10.40574289289907,sell,0.0,"Sell on Uniswap, Buy on Binance"
1712,2025-12-29 12:13:23+00:00,2025-12-29 12:13:23+00:00,1,0.0235447210066011,0.003333332981567185,-9.141574537266024,sell,0.0,"Sell on Uniswap, Buy on Binance"
1713,2025-12-29 12:14:59+00:00,2025-12-29 12:14:59+00:00,1,0.0039783552213667,0.00012560570603789044,-9.03157227020938,sell,0.0,"Sell on Uniswap, Buy on Binance"
1714,2025-12-29 12:23:59+00:00,2025-12-29 12:23:59+00:00,1,1.077316185647248,1.2666291086842112,10.175726426056826,buy,1.0,"Buy on Uniswap, Sell on Binance"
1715,2025-12-29 14:35:47+00:00,2025-12-29 14:35:47+00:00,1,1.5428211855856493,0.26315327355716817,9.170566282091386,buy,0.0,"Buy on Uniswap, Sell on Binance"
1716,2025-12-29 14:35:59+00:00,2025-12-29 14:35:59+00:00,1,1.5411501521370388,0.3280492393765411,9.21286001167482,buy,0.0,"Buy on Uniswap, Sell on Binance"
1717,2025-12-29 15:09:59+00:00,2025-12-29 15:09:59+00:00,1,0.4997499985830057,0.16764134816421578,9.33545042249034,buy,0.0,"Buy on Uniswap, Sell on Binance"
1718,2025-12-29 15:13:23+00:00,2025-12-29 15:13:23+00:00,1,12.324999997631298,11.033763357566125,9.895234349670318,buy,0.0,"Buy on Uniswap, Sell on Binance"
1719,2025-12-30 00:09:59+00:00,2025-12-30 00:09:59+00:00,2,58.460682676315244,181.35658391687522,15.41948503087292,buy,1.0,"Buy on Uniswap, Sell on Binance"
1720,2025-12-30 02:01:35+00:00,2025-12-30 02:01:35+00:00,2,56.91179162378459,154.08933267708719,14.073891874581022,buy,1.0,"Buy on Uniswap, Sell on Binance"
1721,2025-12-30 08:02:23+00:00,2025-12-30 08:02:23+00:00,2,0.013659777538032901,0.0018365136577043334,9.120176257981484,buy,0.0,"Buy on Uniswap, Sell on Binance"
1722,2025-12-30 12:11:59+00:00,2025-12-30 12:11:59+00:00,1,11.18999997349887,7.1323041866968895,9.637381966361772,buy,1.0,"Buy on Uniswap, Sell on Binance"
1723,2025-12-30 12:29:11+00:00,2025-12-30 12:29:11+00:00,1,12.789999990923365,9.924241577069694,9.775937574989257,buy,1.0,"Buy on Uniswap, Sell on Binance"
1724,2025-12-30 14:50:47+00:00,2025-12-30 14:50:47+00:00,2,0.2505903708763681,0.4681251189524701,10.802210570236866,buy,0.0,"Buy on Uniswap, Sell on Binance"
1725,2025-12-30 14:51:23+00:00,2025-12-30 14:51:23+00:00,1,4.49999999467981,21.797798103965988,13.8439551399415,buy,1.0,"Buy on Uniswap, Sell on Binance"
1726,2025-12-30 14:51:35+00:00,2025-12-30 14:51:35+00:00,2,0.3859627100893724,2.6419470219507852,16.910942456922385,buy,1.0,"Buy on Uniswap, Sell on Binance"
1727,2025-12-30 14:51:47+00:00,2025-12-30 14:51:47+00:00,1,0.2748616694913474,3.153690358280382,20.47373645847574,buy,1.0,"Buy on Uniswap, Sell on Binance"
1728,2025-12-30 14:52:11+00:00,2025-12-30 14:52:11+00:00,1,18.59718011104604,187.71170763681755,19.093557545604654,buy,1.0,"Buy on Uniswap, Sell on Binance"
1729,2025-12-30 14:52:35+00:00,2025-12-30 14:52:35+00:00,7,0.5370854810006118,2.257359215771319,12.984013570010315,buy,0.0,"Buy on Uniswap, Sell on Binance"
1730,2025-12-30 15:00:11+00:00,2025-12-30 15:00:11+00:00,1,0.2308638260307753,0.13885821907480128,-9.6014723980893,sell,0.0,"Sell on Uniswap, Buy on Binance"
1731,2025-12-30 15:03:11+00:00,2025-12-30 15:03:11+00:00,1,9.1818809524701e-05,0.0001363439559423199,-10.484924022083305,sell,0.0,"Sell on Uniswap, Buy on Binance"
1732,2025-12-30 18:51:23+00:00,2025-12-30 18:51:23+00:00,1,0.2165627903090245,0.3933082556030628,-10.816139582620963,sell,1.0,"Sell on Uniswap, Buy on Binance"
1733,2025-12-30 19:06:35+00:00,2025-12-30 19:06:35+00:00,1,0.8346845721457641,1.859680886182091,11.22800438422064,buy,1.0,"Buy on Uniswap, Sell on Binance"
1734,2025-12-30 22:43:47+00:00,2025-12-30 22:43:47+00:00,2,61.325821079647554,247.5791054946979,15.066743434971613,buy,0.5,"Buy on Uniswap, Sell on Binance"
1735,2025-12-31 12:23:11+00:00,2025-12-31 12:23:11+00:00,1,8.139999988546371,64.585551747923,16.93434297773956,buy,1.0,"Buy on Uniswap, Sell on Binance"
